fecha,hora,co_centenario,no2_centenario,pm10_centenario,co_cordoba,no2_cordoba,pm10_cordoba,co_la_boca,no2_la_boca,pm10_la_boca
2026-01-01,1,,6.0,,0.28,13.0,42.0,0.43,9.0,37.0
2026-01-01,2,0.38,8.0,,0.3,15.0,44.0,0.42,11.0,37.0
2026-01-01,3,0.35,14.0,,0.32,14.0,45.0,0.41,11.0,38.0
2026-01-01,4,0.3,23.0,,0.33,16.0,46.0,0.39,13.0,39.0
2026-01-01,5,0.22,7.0,,0.27,9.0,48.0,0.34,11.0,42.0
2026-01-01,6,0.2,5.0,,0.19,10.0,50.0,0.26,10.0,43.0
2026-01-01,7,0.13,5.0,,0.15,10.0,50.0,0.17,10.0,44.0
2026-01-01,8,0.12,5.0,,0.14,12.0,51.0,0.14,10.0,44.0
2026-01-01,9,0.11,4.0,,0.12,9.0,51.0,0.12,9.0,44.0
2026-01-01,10,0.09,3.0,,0.09,8.0,51.0,0.11,9.0,44.0
2026-01-01,11,0.08,4.0,,0.07,7.0,51.0,0.1,10.0,44.0
2026-01-01,12,0.07,4.0,,0.04,10.0,51.0,0.1,14.0,44.0
2026-01-01,13,0.07,6.0,,0.04,8.0,51.0,0.1,14.0,44.0
2026-01-01,14,0.07,6.0,,0.04,6.0,51.0,0.1,12.0,44.0
2026-01-01,15,0.07,5.0,,0.04,5.0,51.0,0.11,10.0,44.0
2026-01-01,16,0.06,4.0,42.0,0.03,7.0,51.0,0.11,11.0,44.0
2026-01-01,17,0.07,4.0,41.0,0.03,6.0,52.0,0.12,12.0,44.0
2026-01-01,18,0.07,4.0,40.0,0.03,7.0,52.0,0.13,12.0,44.0
2026-01-01,19,0.07,4.0,39.0,0.04,8.0,52.0,0.14,15.0,44.0
2026-01-01,20,0.07,7.0,38.0,0.04,11.0,52.0,0.15,15.0,44.0
2026-01-01,21,0.08,8.0,37.0,0.05,10.0,52.0,0.16,15.0,44.0
2026-01-01,22,0.08,9.0,36.0,0.07,12.0,51.0,0.17,17.0,44.0
2026-01-01,23,0.09,9.0,35.0,0.08,13.0,50.0,0.18,18.0,43.0
2026-01-01,24,0.09,8.0,29.0,0.09,12.0,44.0,0.18,15.0,41.0
2026-01-02,1,0.1,10.0,27.0,0.09,11.0,38.0,0.18,15.0,36.0
2026-01-02,2,0.1,8.0,27.0,0.09,10.0,37.0,0.19,16.0,33.0
2026-01-02,3,0.1,8.0,26.0,0.09,13.0,36.0,0.18,15.0,32.0
2026-01-02,4,0.1,11.0,25.0,0.08,13.0,35.0,0.18,14.0,31.0
2026-01-02,5,0.09,5.0,23.0,0.08,10.0,33.0,0.18,10.0,29.0
2026-01-02,6,0.08,6.0,23.0,0.07,13.0,32.0,0.16,10.0,28.0
2026-01-02,7,0.08,7.0,23.0,0.07,15.0,32.0,0.15,11.0,28.0
2026-01-02,8,0.07,8.0,24.0,0.09,22.0,32.0,0.15,12.0,28.0
2026-01-02,9,0.08,8.0,24.0,0.12,22.0,32.0,0.14,12.0,28.0
2026-01-02,10,0.08,7.0,24.0,0.15,25.0,33.0,0.14,12.0,28.0
2026-01-02,11,0.08,7.0,25.0,0.18,26.0,33.0,0.13,11.0,29.0
2026-01-02,12,0.08,9.0,25.0,0.22,23.0,34.0,0.13,10.0,29.0
2026-01-02,13,0.11,,25.0,0.24,24.0,35.0,0.14,15.0,29.0
2026-01-02,14,0.15,18.0,26.0,0.25,19.0,35.0,0.16,25.0,30.0
2026-01-02,15,0.17,17.0,26.0,0.24,17.0,36.0,0.17,23.0,29.0
2026-01-02,16,0.2,14.0,26.0,0.22,22.0,36.0,0.18,24.0,30.0
2026-01-02,17,0.22,14.0,27.0,0.2,20.0,37.0,0.2,27.0,31.0
2026-01-02,18,0.25,16.0,27.0,0.17,24.0,38.0,0.22,33.0,32.0
2026-01-02,19,0.29,21.0,28.0,0.14,18.0,39.0,0.24,33.0,33.0
2026-01-02,20,0.3,17.0,30.0,0.14,27.0,40.0,0.26,33.0,34.0
2026-01-02,21,0.31,14.0,31.0,0.14,24.0,42.0,0.27,26.0,36.0
2026-01-02,22,0.32,16.0,32.0,0.18,24.0,43.0,0.28,20.0,37.0
2026-01-02,23,0.33,12.0,33.0,0.2,20.0,46.0,0.29,20.0,39.0
2026-01-02,24,0.33,13.0,34.0,0.21,19.0,47.0,0.3,19.0,40.0
2026-01-03,1,0.33,9.0,37.0,0.23,14.0,48.0,0.29,13.0,42.0
2026-01-03,2,0.32,6.0,40.0,0.23,12.0,51.0,0.27,9.0,46.0
2026-01-03,3,0.29,3.0,42.0,0.23,8.0,53.0,0.25,7.0,50.0
2026-01-03,4,0.27,4.0,42.0,0.21,9.0,55.0,0.23,7.0,52.0
2026-01-03,5,0.24,6.0,43.0,0.17,8.0,55.0,0.21,9.0,52.0
2026-01-03,6,0.22,5.0,42.0,0.12,10.0,55.0,0.18,9.0,52.0
2026-01-03,7,0.2,7.0,41.0,0.1,14.0,55.0,0.15,10.0,52.0
2026-01-03,8,0.17,6.0,41.0,0.1,18.0,54.0,0.13,10.0,51.0
2026-01-03,9,0.16,5.0,40.0,0.09,16.0,53.0,0.12,10.0,51.0
2026-01-03,10,0.16,4.0,40.0,0.09,14.0,52.0,0.12,10.0,51.0
2026-01-03,11,0.16,5.0,40.0,0.11,16.0,51.0,0.12,10.0,51.0
2026-01-03,12,0.17,5.0,40.0,0.12,15.0,50.0,0.12,9.0,50.0
2026-01-03,13,0.18,5.0,40.0,0.15,15.0,50.0,0.13,8.0,50.0
2026-01-03,14,0.19,6.0,39.0,0.17,15.0,49.0,0.13,7.0,50.0
2026-01-03,15,0.19,5.0,39.0,0.18,16.0,49.0,0.13,7.0,50.0
2026-01-03,16,0.2,5.0,39.0,0.18,13.0,48.0,0.14,7.0,50.0
2026-01-03,17,0.2,5.0,38.0,0.19,15.0,47.0,0.14,7.0,49.0
2026-01-03,18,0.2,6.0,38.0,0.2,16.0,47.0,0.14,7.0,48.0
2026-01-03,19,0.2,7.0,37.0,0.2,17.0,46.0,0.14,7.0,47.0
2026-01-03,20,0.21,9.0,36.0,0.23,20.0,45.0,0.14,8.0,46.0
2026-01-03,21,0.22,11.0,35.0,0.25,26.0,44.0,0.14,9.0,45.0
2026-01-03,22,0.23,11.0,35.0,0.29,20.0,43.0,0.15,11.0,44.0
2026-01-03,23,0.24,9.0,34.0,0.33,19.0,41.0,0.16,12.0,43.0
2026-01-03,24,0.25,7.0,34.0,0.35,15.0,41.0,0.18,12.0,42.0
2026-01-04,1,0.25,6.0,32.0,0.36,14.0,41.0,0.18,10.0,42.0
2026-01-04,2,0.25,5.0,30.0,0.35,12.0,38.0,0.18,10.0,38.0
2026-01-04,3,0.25,6.0,28.0,0.35,16.0,37.0,0.18,11.0,34.0
2026-01-04,4,0.24,5.0,27.0,0.32,12.0,35.0,0.18,12.0,32.0
2026-01-04,5,0.22,6.0,27.0,0.28,12.0,35.0,0.19,12.0,31.0
2026-01-04,6,0.2,9.0,28.0,0.24,14.0,35.0,0.18,14.0,31.0
2026-01-04,7,0.19,10.0,28.0,0.2,15.0,36.0,0.18,16.0,31.0
2026-01-04,8,0.18,6.0,28.0,0.19,14.0,36.0,0.17,17.0,32.0
2026-01-04,9,0.18,4.0,28.0,0.17,13.0,36.0,0.17,12.0,32.0
2026-01-04,10,0.18,4.0,28.0,0.16,13.0,36.0,0.16,8.0,31.0
2026-01-04,11,0.17,3.0,27.0,0.14,11.0,36.0,0.16,6.0,30.0
2026-01-04,12,0.17,3.0,27.0,0.14,11.0,36.0,0.15,6.0,30.0
2026-01-04,13,0.18,4.0,27.0,0.14,12.0,35.0,0.15,7.0,29.0
2026-01-04,14,0.19,5.0,26.0,0.14,12.0,35.0,0.14,8.0,28.0
2026-01-04,15,0.19,5.0,26.0,0.14,12.0,35.0,0.14,9.0,27.0
2026-01-04,16,0.2,5.0,26.0,0.14,15.0,34.0,0.14,9.0,27.0
2026-01-04,17,0.2,6.0,25.0,0.14,13.0,34.0,0.15,15.0,26.0
2026-01-04,18,0.21,6.0,25.0,0.14,14.0,34.0,0.17,18.0,26.0
2026-01-04,19,0.22,7.0,25.0,0.15,17.0,34.0,0.18,19.0,26.0
2026-01-04,20,0.24,13.0,25.0,0.16,19.0,34.0,0.2,21.0,26.0
2026-01-04,21,0.26,18.0,25.0,0.17,20.0,34.0,0.21,20.0,26.0
2026-01-04,22,0.27,11.0,25.0,0.17,16.0,34.0,0.22,19.0,26.0
2026-01-04,23,0.28,11.0,24.0,0.17,19.0,34.0,0.22,19.0,25.0
2026-01-04,24,0.28,10.0,24.0,0.17,16.0,33.0,0.22,18.0,24.0
2026-01-05,1,0.29,11.0,23.0,0.17,13.0,33.0,0.22,18.0,24.0
2026-01-05,2,0.29,12.0,23.0,0.17,9.0,32.0,0.21,20.0,23.0
2026-01-05,3,0.29,10.0,22.0,0.15,8.0,31.0,0.2,19.0,23.0
2026-01-05,4,0.27,11.0,22.0,0.14,12.0,31.0,0.18,17.0,23.0
2026-01-05,5,0.24,9.0,21.0,0.12,9.0,30.0,0.17,16.0,22.0
2026-01-05,6,0.23,11.0,21.0,0.1,8.0,29.0,0.17,19.0,22.0
2026-01-05,7,0.23,12.0,20.0,0.09,11.0,29.0,0.18,21.0,21.0
2026-01-05,8,0.24,12.0,20.0,0.08,12.0,28.0,0.19,24.0,21.0
2026-01-05,9,0.24,11.0,20.0,0.07,10.0,28.0,0.2,24.0,21.0
2026-01-05,10,0.25,10.0,20.0,0.08,10.0,28.0,0.2,26.0,21.0
2026-01-05,11,0.26,10.0,20.0,0.08,8.0,28.0,0.21,28.0,22.0
2026-01-05,12,0.27,9.0,20.0,0.09,8.0,28.0,0.21,28.0,23.0
2026-01-05,13,0.28,10.0,20.0,0.09,8.0,27.0,0.22,26.0,27.0
2026-01-05,14,0.29,10.0,20.0,0.1,7.0,27.0,0.22,24.0,27.0
2026-01-05,15,0.29,8.0,20.0,0.1,7.0,27.0,0.22,26.0,28.0
2026-01-05,16,0.29,9.0,20.0,0.1,8.0,27.0,0.21,25.0,28.0
2026-01-05,17,0.29,11.0,19.0,0.1,11.0,26.0,0.22,26.0,29.0
2026-01-05,18,0.29,13.0,20.0,0.13,21.0,25.0,0.23,27.0,30.0
2026-01-05,19,0.3,17.0,19.0,0.16,22.0,25.0,0.23,25.0,29.0
2026-01-05,20,0.3,16.0,19.0,0.18,23.0,25.0,0.23,24.0,29.0
2026-01-05,21,0.3,14.0,18.0,0.2,17.0,24.0,0.24,29.0,29.0
2026-01-05,22,0.31,12.0,18.0,0.22,15.0,24.0,0.25,28.0,29.0
2026-01-05,23,0.31,15.0,18.0,0.23,15.0,23.0,0.24,27.0,29.0
2026-01-05,24,0.31,14.0,17.0,0.24,15.0,23.0,0.24,23.0,29.0
2026-01-06,1,0.31,12.0,17.0,0.24,11.0,23.0,0.23,19.0,29.0
2026-01-06,2,0.3,7.0,17.0,0.21,7.0,23.0,0.21,17.0,29.0
2026-01-06,3,0.28,5.0,17.0,0.17,4.0,22.0,0.2,16.0,29.0
2026-01-06,4,0.27,4.0,17.0,0.14,3.0,22.0,0.19,16.0,29.0
2026-01-06,5,0.25,5.0,17.0,0.12,4.0,22.0,0.18,18.0,29.0
2026-01-06,6,0.24,6.0,16.0,0.1,5.0,23.0,0.17,22.0,29.0
2026-01-06,7,0.23,11.0,16.0,0.08,8.0,22.0,0.18,26.0,29.0
2026-01-06,8,0.23,11.0,16.0,0.06,8.0,22.0,0.18,26.0,29.0
2026-01-06,9,0.24,9.0,15.0,0.07,9.0,23.0,0.18,21.0,29.0
2026-01-06,10,0.24,10.0,15.0,0.07,9.0,23.0,0.19,21.0,29.0
2026-01-06,11,0.26,11.0,15.0,0.08,8.0,23.0,0.21,21.0,30.0
2026-01-06,12,0.28,9.0,15.0,0.09,8.0,23.0,0.22,20.0,32.0
2026-01-06,13,0.3,11.0,15.0,0.1,8.0,23.0,0.24,24.0,31.0
2026-01-06,14,0.32,11.0,15.0,0.11,9.0,23.0,0.25,22.0,31.0
2026-01-06,15,0.33,11.0,15.0,0.12,10.0,23.0,0.26,22.0,31.0
2026-01-06,16,0.35,14.0,15.0,0.13,12.0,23.0,0.26,24.0,34.0
2026-01-06,17,0.35,13.0,15.0,0.14,11.0,23.0,0.28,27.0,34.0
2026-01-06,18,0.36,15.0,15.0,0.14,11.0,23.0,0.31,29.0,34.0
2026-01-06,19,0.38,19.0,16.0,0.15,15.0,23.0,0.32,30.0,35.0
2026-01-06,20,0.4,20.0,16.0,0.18,31.0,23.0,0.32,27.0,36.0
2026-01-06,21,0.41,26.0,16.0,0.21,30.0,24.0,0.32,29.0,36.0
2026-01-06,22,0.42,20.0,16.0,0.23,21.0,23.0,0.32,25.0,36.0
2026-01-06,23,0.42,20.0,15.0,0.26,25.0,24.0,0.32,23.0,36.0
2026-01-06,24,0.42,23.0,15.0,0.27,20.0,24.0,0.3,18.0,35.0
2026-01-07,1,0.41,14.0,15.0,0.27,12.0,23.0,0.29,16.0,35.0
2026-01-07,2,0.4,12.0,15.0,0.27,10.0,23.0,0.26,18.0,35.0
2026-01-07,3,0.37,11.0,15.0,0.28,15.0,23.0,0.24,18.0,35.0
2026-01-07,4,0.35,12.0,15.0,0.26,17.0,23.0,0.24,17.0,35.0
2026-01-07,5,0.32,12.0,16.0,0.24,16.0,23.0,0.24,18.0,35.0
2026-01-07,6,0.31,19.0,17.0,0.23,27.0,24.0,0.24,25.0,36.0
2026-01-07,7,0.32,23.0,18.0,0.22,31.0,25.0,0.25,32.0,37.0
2026-01-07,8,0.32,16.0,18.0,0.24,28.0,26.0,0.26,23.0,38.0
2026-01-07,9,0.32,17.0,19.0,0.28,31.0,26.0,0.26,18.0,39.0
2026-01-07,10,0.33,19.0,20.0,0.34,31.0,26.0,0.26,18.0,38.0
2026-01-07,11,0.34,,21.0,0.41,33.0,27.0,0.25,16.0,38.0
2026-01-07,12,0.35,14.0,21.0,0.48,39.0,27.0,0.25,14.0,36.0
2026-01-07,13,0.35,13.0,21.0,0.54,31.0,28.0,0.24,11.0,34.0
2026-01-07,14,0.37,20.0,21.0,0.6,35.0,29.0,0.23,12.0,34.0
2026-01-07,15,0.38,17.0,23.0,0.68,39.0,31.0,0.21,13.0,34.0
2026-01-07,16,0.4,7.0,25.0,0.72,29.0,32.0,0.2,11.0,31.0
2026-01-07,17,0.41,5.0,27.0,0.73,25.0,36.0,0.19,9.0,33.0
2026-01-07,18,0.42,5.0,29.0,0.72,26.0,37.0,0.18,11.0,35.0
2026-01-07,19,0.43,4.0,31.0,0.68,20.0,39.0,0.17,14.0,37.0
2026-01-07,20,0.42,3.0,34.0,0.61,12.0,41.0,0.16,14.0,39.0
2026-01-07,21,0.43,4.0,36.0,0.55,14.0,43.0,0.16,13.0,42.0
2026-01-07,22,0.41,7.0,37.0,0.48,13.0,45.0,0.15,14.0,44.0
2026-01-07,23,0.4,5.0,39.0,0.39,11.0,46.0,0.15,14.0,45.0
2026-01-07,24,0.38,6.0,40.0,0.32,11.0,47.0,0.16,16.0,46.0
2026-01-08,1,0.37,6.0,41.0,0.27,11.0,47.0,0.16,15.0,47.0
2026-01-08,2,0.35,5.0,41.0,0.21,9.0,48.0,0.18,16.0,47.0
2026-01-08,3,0.34,3.0,42.0,0.18,7.0,48.0,0.19,17.0,47.0
2026-01-08,4,0.32,3.0,42.0,0.16,8.0,48.0,0.2,16.0,48.0
2026-01-08,5,0.32,4.0,42.0,0.14,8.0,49.0,0.21,18.0,48.0
2026-01-08,6,0.31,7.0,41.0,0.14,12.0,48.0,0.21,18.0,47.0
2026-01-08,7,0.32,11.0,41.0,0.16,22.0,48.0,0.21,18.0,46.0
2026-01-08,8,0.33,13.0,42.0,0.2,25.0,48.0,0.21,19.0,46.0
2026-01-08,9,0.35,14.0,42.0,0.22,23.0,48.0,0.21,20.0,45.0
2026-01-08,10,0.37,8.0,41.0,0.24,18.0,48.0,0.19,18.0,45.0
2026-01-08,11,0.38,7.0,41.0,0.27,15.0,47.0,0.17,20.0,44.0
2026-01-08,12,0.39,6.0,40.0,0.3,16.0,47.0,0.16,20.0,44.0
2026-01-08,13,0.41,6.0,40.0,0.31,12.0,46.0,0.15,22.0,45.0
2026-01-08,14,0.42,7.0,40.0,0.34,15.0,46.0,0.16,19.0,45.0
2026-01-08,15,0.43,3.0,39.0,0.33,13.0,45.0,0.17,21.0,45.0
2026-01-08,16,0.43,7.0,37.0,0.32,15.0,44.0,0.18,24.0,44.0
2026-01-08,17,0.42,8.0,35.0,0.31,16.0,41.0,0.2,26.0,41.0
2026-01-08,18,0.43,7.0,33.0,0.31,15.0,39.0,0.23,26.0,39.0
2026-01-08,19,0.44,6.0,32.0,0.3,13.0,37.0,0.24,24.0,38.0
2026-01-08,20,0.44,6.0,30.0,0.29,12.0,35.0,0.25,20.0,36.0
2026-01-08,21,0.43,7.0,28.0,0.29,14.0,33.0,0.25,18.0,34.0
2026-01-08,22,0.44,9.0,27.0,0.27,15.0,32.0,0.24,19.0,32.0
2026-01-08,23,0.45,11.0,27.0,0.27,16.0,32.0,0.23,21.0,31.0
2026-01-08,24,0.44,11.0,26.0,0.24,8.0,31.0,0.21,17.0,30.0
2026-01-09,1,0.43,6.0,26.0,0.21,6.0,31.0,0.18,15.0,30.0
2026-01-09,2,0.41,5.0,26.0,0.19,5.0,30.0,0.15,15.0,29.0
2026-01-09,3,0.4,4.0,26.0,0.17,5.0,30.0,0.13,15.0,29.0
2026-01-09,4,0.38,3.0,26.0,0.16,7.0,30.0,0.12,15.0,29.0
2026-01-09,5,0.37,3.0,25.0,0.14,6.0,30.0,0.12,15.0,29.0
2026-01-09,6,0.36,5.0,26.0,0.13,8.0,30.0,0.12,17.0,29.0
2026-01-09,7,0.35,8.0,25.0,0.12,10.0,30.0,0.12,21.0,29.0
2026-01-09,8,0.35,10.0,25.0,0.13,13.0,30.0,0.13,21.0,29.0
2026-01-09,9,0.36,8.0,24.0,0.15,14.0,29.0,0.15,22.0,29.0
2026-01-09,10,0.38,7.0,24.0,0.18,16.0,28.0,0.16,23.0,30.0
2026-01-09,11,0.39,7.0,24.0,0.2,12.0,28.0,0.18,21.0,30.0
2026-01-09,12,0.41,11.0,25.0,0.23,14.0,28.0,0.19,22.0,30.0
2026-01-09,13,0.42,10.0,24.0,0.27,16.0,28.0,0.21,21.0,30.0
2026-01-09,14,0.44,10.0,24.0,0.31,16.0,28.0,0.21,20.0,29.0
2026-01-09,15,0.45,10.0,24.0,0.33,16.0,28.0,0.21,18.0,29.0
2026-01-09,16,0.46,10.0,24.0,0.36,17.0,28.0,0.21,18.0,29.0
2026-01-09,17,0.46,7.0,24.0,0.37,18.0,28.0,0.22,20.0,28.0
2026-01-09,18,0.48,11.0,24.0,0.38,17.0,28.0,0.22,19.0,28.0
2026-01-09,19,0.5,16.0,24.0,0.38,15.0,28.0,0.23,20.0,27.0
2026-01-09,20,0.5,11.0,24.0,0.37,15.0,28.0,0.23,16.0,27.0
2026-01-09,21,0.51,11.0,24.0,0.35,12.0,28.0,0.22,14.0,27.0
2026-01-09,22,0.53,12.0,24.0,0.33,13.0,28.0,0.22,14.0,26.0
2026-01-09,23,0.53,9.0,24.0,0.31,10.0,28.0,0.22,18.0,26.0
2026-01-09,24,0.52,8.0,23.0,0.28,10.0,27.0,0.22,17.0,26.0
2026-01-10,1,0.52,7.0,22.0,0.27,11.0,27.0,0.21,15.0,25.0
2026-01-10,2,0.5,7.0,22.0,0.25,10.0,26.0,0.2,14.0,25.0
2026-01-10,3,0.47,7.0,21.0,0.23,9.0,25.0,0.18,14.0,24.0
2026-01-10,4,0.46,7.0,20.0,0.23,11.0,25.0,0.17,14.0,23.0
2026-01-10,5,0.44,7.0,20.0,0.25,16.0,24.0,0.17,14.0,23.0
2026-01-10,6,0.41,8.0,19.0,0.25,16.0,23.0,0.18,17.0,22.0
2026-01-10,7,0.42,11.0,19.0,0.28,21.0,23.0,0.18,19.0,21.0
2026-01-10,8,0.42,11.0,18.0,0.31,19.0,23.0,0.18,19.0,21.0
2026-01-10,9,0.41,11.0,18.0,0.34,20.0,22.0,0.19,18.0,20.0
2026-01-10,10,0.42,11.0,18.0,0.38,26.0,22.0,0.19,17.0,19.0
2026-01-10,11,0.43,10.0,17.0,0.43,23.0,22.0,0.2,16.0,17.0
2026-01-10,12,0.44,10.0,16.0,0.48,19.0,22.0,0.2,15.0,16.0
2026-01-10,13,0.45,9.0,15.0,0.52,23.0,21.0,0.2,13.0,15.0
2026-01-10,14,0.47,9.0,15.0,0.56,19.0,21.0,0.2,13.0,15.0
2026-01-10,15,0.47,9.0,15.0,0.59,21.0,21.0,0.19,13.0,15.0
2026-01-10,16,0.47,7.0,14.0,0.6,23.0,21.0,0.18,12.0,14.0
2026-01-10,17,0.48,6.0,14.0,0.61,21.0,21.0,0.18,12.0,13.0
2026-01-10,18,0.48,11.0,14.0,0.61,22.0,21.0,0.18,12.0,13.0
2026-01-10,19,0.47,10.0,13.0,0.61,23.0,21.0,0.17,13.0,12.0
2026-01-10,20,0.48,14.0,13.0,0.62,24.0,20.0,0.18,15.0,11.0
2026-01-10,21,0.52,20.0,13.0,0.62,26.0,20.0,0.19,18.0,10.0
2026-01-10,22,0.54,20.0,12.0,0.65,25.0,20.0,0.22,21.0,10.0
2026-01-10,23,0.59,22.0,13.0,0.67,26.0,21.0,0.25,22.0,10.0
2026-01-10,24,0.63,13.0,14.0,0.72,23.0,22.0,0.28,22.0,10.0
2026-01-11,1,0.66,15.0,14.0,0.77,23.0,23.0,0.32,21.0,11.0
2026-01-11,2,0.68,14.0,15.0,0.79,25.0,24.0,0.36,22.0,12.0
2026-01-11,3,0.69,15.0,16.0,0.81,22.0,25.0,0.4,21.0,13.0
2026-01-11,4,0.68,11.0,16.0,0.77,19.0,26.0,0.42,20.0,14.0
2026-01-11,5,0.64,12.0,17.0,0.73,19.0,27.0,0.42,19.0,15.0
2026-01-11,6,0.61,13.0,18.0,0.67,19.0,28.0,0.42,19.0,16.0
2026-01-11,7,0.56,13.0,18.0,0.62,20.0,29.0,0.41,20.0,16.0
2026-01-11,8,0.52,11.0,18.0,0.57,21.0,29.0,0.4,19.0,17.0
2026-01-11,9,0.49,8.0,18.0,0.51,20.0,29.0,0.36,16.0,17.0
2026-01-11,10,0.46,9.0,19.0,0.46,16.0,29.0,0.32,13.0,18.0
2026-01-11,11,0.44,9.0,19.0,0.42,20.0,29.0,0.29,11.0,18.0
2026-01-11,12,0.44,7.0,19.0,0.42,18.0,29.0,0.27,12.0,19.0
2026-01-11,13,0.45,8.0,20.0,0.41,17.0,30.0,0.26,16.0,19.0
2026-01-11,14,0.45,8.0,20.0,0.38,14.0,30.0,0.26,18.0,20.0
2026-01-11,15,0.45,11.0,20.0,0.35,13.0,30.0,0.25,16.0,21.0
2026-01-11,16,0.46,11.0,20.0,0.31,11.0,30.0,0.23,14.0,21.0
2026-01-11,17,0.47,11.0,21.0,0.28,11.0,30.0,0.23,14.0,21.0
2026-01-11,18,0.48,17.0,21.0,0.27,15.0,30.0,0.24,17.0,21.0
2026-01-11,19,0.49,21.0,21.0,0.25,21.0,30.0,0.24,19.0,22.0
2026-01-11,20,0.5,22.0,21.0,0.26,21.0,30.0,0.25,18.0,22.0
2026-01-11,21,0.52,18.0,21.0,0.27,21.0,29.0,0.24,23.0,22.0
2026-01-11,22,0.54,23.0,21.0,0.29,21.0,29.0,0.24,23.0,22.0
2026-01-11,23,0.56,23.0,21.0,0.3,20.0,29.0,0.24,23.0,22.0
2026-01-11,24,0.57,11.0,21.0,0.31,21.0,28.0,0.26,25.0,22.0
2026-01-12,1,0.57,13.0,21.0,0.33,16.0,27.0,0.26,24.0,21.0
2026-01-12,2,0.56,11.0,20.0,0.34,12.0,27.0,0.26,24.0,21.0
2026-01-12,3,0.55,8.0,20.0,0.31,9.0,27.0,0.26,26.0,20.0
2026-01-12,4,0.53,4.0,20.0,0.29,12.0,26.0,0.26,30.0,20.0
2026-01-12,5,0.51,7.0,20.0,0.26,12.0,26.0,0.25,28.0,19.0
2026-01-12,6,0.48,6.0,20.0,0.23,17.0,26.0,0.24,27.0,19.0
2026-01-12,7,0.47,13.0,20.0,0.21,19.0,25.0,0.24,30.0,19.0
2026-01-12,8,0.47,15.0,21.0,0.21,19.0,25.0,0.25,31.0,19.0
2026-01-12,9,0.49,19.0,22.0,0.2,20.0,25.0,0.27,35.0,20.0
2026-01-12,10,0.51,9.0,22.0,0.2,16.0,26.0,0.29,37.0,21.0
2026-01-12,11,0.53,8.0,23.0,0.22,16.0,26.0,0.31,41.0,22.0
2026-01-12,12,0.56,8.0,23.0,0.24,19.0,27.0,0.33,40.0,22.0
2026-01-12,13,0.6,9.0,24.0,0.25,16.0,27.0,0.35,36.0,24.0
2026-01-12,14,0.62,8.0,24.0,0.27,22.0,27.0,0.37,35.0,24.0
2026-01-12,15,0.64,7.0,24.0,0.28,23.0,28.0,0.37,28.0,25.0
2026-01-12,16,0.64,8.0,24.0,0.28,27.0,28.0,0.36,24.0,26.0
2026-01-12,17,0.63,8.0,25.0,0.28,33.0,28.0,0.35,26.0,26.0
2026-01-12,18,0.64,9.0,25.0,0.29,34.0,29.0,0.35,32.0,28.0
2026-01-12,19,0.64,9.0,25.0,0.3,27.0,30.0,0.35,30.0,28.0
2026-01-12,20,0.64,14.0,25.0,0.29,27.0,30.0,0.36,32.0,28.0
2026-01-12,21,0.69,21.0,25.0,0.31,33.0,31.0,0.38,36.0,29.0
2026-01-12,22,0.76,17.0,26.0,0.36,37.0,31.0,0.37,34.0,30.0
2026-01-12,23,0.79,18.0,27.0,0.38,35.0,31.0,0.38,35.0,31.0
2026-01-12,24,0.8,20.0,27.0,0.4,27.0,31.0,0.38,29.0,31.0
2026-01-13,1,0.78,9.0,27.0,0.4,23.0,31.0,0.37,23.0,31.0
2026-01-13,2,0.76,8.0,27.0,0.39,21.0,31.0,0.35,23.0,32.0
2026-01-13,3,0.74,8.0,27.0,0.37,26.0,31.0,0.33,25.0,32.0
2026-01-13,4,0.7,9.0,27.0,0.36,25.0,31.0,0.31,25.0,32.0
2026-01-13,5,0.63,7.0,27.0,0.34,12.0,31.0,0.26,24.0,32.0
2026-01-13,6,0.54,12.0,27.0,0.28,15.0,31.0,0.25,31.0,32.0
2026-01-13,7,0.5,20.0,27.0,0.24,21.0,31.0,0.26,34.0,32.0
2026-01-13,8,0.49,11.0,27.0,0.24,25.0,31.0,0.29,35.0,32.0
2026-01-13,9,0.53,13.0,27.0,0.24,25.0,31.0,0.32,36.0,32.0
2026-01-13,10,0.54,12.0,29.0,0.29,34.0,31.0,0.33,27.0,33.0
2026-01-13,11,0.56,9.0,30.0,0.37,41.0,34.0,0.32,16.0,35.0
2026-01-13,12,0.56,8.0,30.0,0.45,39.0,35.0,0.32,13.0,36.0
2026-01-13,13,0.58,8.0,30.0,0.61,36.0,36.0,0.32,12.0,36.0
2026-01-13,14,0.6,9.0,31.0,0.66,29.0,37.0,0.31,10.0,36.0
2026-01-13,15,0.6,7.0,31.0,0.67,22.0,41.0,0.3,19.0,36.0
2026-01-13,16,0.59,10.0,31.0,0.69,22.0,41.0,0.27,26.0,35.0
2026-01-13,17,0.56,7.0,30.0,0.65,17.0,40.0,0.25,28.0,35.0
2026-01-13,18,0.56,10.0,30.0,0.59,17.0,40.0,0.25,25.0,34.0
2026-01-13,19,0.56,9.0,30.0,0.52,15.0,39.0,0.27,26.0,34.0
2026-01-13,20,0.56,9.0,30.0,0.47,16.0,39.0,0.28,23.0,34.0
2026-01-13,21,0.56,12.0,30.0,0.41,16.0,39.0,0.29,20.0,34.0
2026-01-13,22,0.55,8.0,29.0,0.38,26.0,39.0,0.3,19.0,33.0
2026-01-13,23,0.54,9.0,28.0,0.37,15.0,38.0,0.3,19.0,32.0
2026-01-13,24,0.54,8.0,28.0,0.34,16.0,37.0,0.3,18.0,33.0
2026-01-14,1,0.53,9.0,27.0,0.32,16.0,37.0,0.28,14.0,32.0
2026-01-14,2,0.51,5.0,27.0,0.3,13.0,37.0,0.27,14.0,32.0
2026-01-14,3,0.5,5.0,26.0,0.28,15.0,36.0,0.24,13.0,32.0
2026-01-14,4,0.48,3.0,26.0,0.25,7.0,35.0,0.22,11.0,31.0
2026-01-14,5,0.46,3.0,26.0,0.23,8.0,34.0,0.21,11.0,31.0
2026-01-14,6,0.44,5.0,25.0,0.2,11.0,34.0,0.2,14.0,30.0
2026-01-14,7,0.43,6.0,25.0,0.21,18.0,33.0,0.18,15.0,29.0
2026-01-14,8,0.43,8.0,24.0,0.24,26.0,33.0,0.18,18.0,28.0
2026-01-14,9,0.44,6.0,23.0,0.28,17.0,33.0,0.19,19.0,27.0
2026-01-14,10,0.45,6.0,20.0,0.31,20.0,32.0,0.2,18.0,26.0
2026-01-14,11,0.48,8.0,19.0,0.34,22.0,28.0,0.2,18.0,23.0
2026-01-14,12,0.5,9.0,18.0,0.36,29.0,27.0,0.25,,22.0
2026-01-14,13,0.53,10.0,17.0,0.38,23.0,26.0,0.27,21.0,22.0
2026-01-14,14,0.55,21.0,15.0,0.39,30.0,24.0,0.28,14.0,21.0
2026-01-14,15,0.57,17.0,15.0,0.39,31.0,19.0,0.3,17.0,20.0
2026-01-14,16,0.57,12.0,15.0,0.37,35.0,19.0,0.3,,20.0
2026-01-14,17,0.57,13.0,15.0,0.37,27.0,19.0,0.31,23.0,22.0
2026-01-14,18,0.57,26.0,15.0,0.4,26.0,18.0,0.34,27.0,24.0
2026-01-14,19,0.58,26.0,15.0,0.4,27.0,18.0,0.35,29.0,26.0
2026-01-14,20,0.58,30.0,14.0,0.42,25.0,18.0,0.33,25.0,30.0
2026-01-14,21,0.58,17.0,14.0,0.43,17.0,18.0,0.32,23.0,31.0
2026-01-14,22,0.57,24.0,14.0,0.43,13.0,17.0,0.33,16.0,31.0
2026-01-14,23,0.56,14.0,14.0,0.43,15.0,17.0,0.33,16.0,30.0
2026-01-14,24,0.56,26.0,14.0,0.43,17.0,18.0,0.32,13.0,30.0
2026-01-15,1,0.56,17.0,14.0,0.41,18.0,18.0,0.31,13.0,30.0
2026-01-15,2,0.56,10.0,14.0,0.36,17.0,18.0,0.28,13.0,30.0
2026-01-15,3,0.54,24.0,14.0,0.32,15.0,19.0,0.26,13.0,31.0
2026-01-15,4,0.51,14.0,14.0,0.29,13.0,19.0,0.24,12.0,32.0
2026-01-15,5,0.5,25.0,14.0,0.27,9.0,19.0,0.23,12.0,33.0
2026-01-15,6,0.49,25.0,15.0,0.25,12.0,19.0,0.23,15.0,33.0
2026-01-15,7,0.49,21.0,15.0,0.23,12.0,19.0,0.24,19.0,34.0
2026-01-15,8,0.5,25.0,16.0,0.23,19.0,19.0,0.28,30.0,34.0
2026-01-15,9,0.52,17.0,19.0,0.22,16.0,20.0,0.27,30.0,36.0
2026-01-15,10,0.53,21.0,19.0,0.23,16.0,20.0,0.27,28.0,37.0
2026-01-15,11,0.55,22.0,20.0,0.24,17.0,20.0,0.29,27.0,38.0
2026-01-15,12,0.58,26.0,21.0,0.26,14.0,21.0,0.28,25.0,39.0
2026-01-15,13,0.61,16.0,22.0,0.26,9.0,21.0,0.31,24.0,42.0
2026-01-15,14,0.62,11.0,23.0,0.27,11.0,21.0,0.32,23.0,44.0
2026-01-15,15,0.64,16.0,23.0,0.27,9.0,21.0,0.31,21.0,46.0
2026-01-15,16,0.63,11.0,24.0,0.27,22.0,21.0,0.28,25.0,49.0
2026-01-15,17,0.61,8.0,29.0,0.3,25.0,22.0,0.29,21.0,50.0
2026-01-15,18,0.62,7.0,28.0,0.35,28.0,26.0,0.28,17.0,54.0
2026-01-15,19,0.62,5.0,29.0,0.38,25.0,27.0,0.29,20.0,53.0
2026-01-15,20,0.63,5.0,29.0,0.4,26.0,27.0,0.33,26.0,48.0
2026-01-15,21,0.64,6.0,29.0,0.41,22.0,27.0,0.33,28.0,48.0
2026-01-15,22,0.66,6.0,29.0,0.47,33.0,27.0,0.35,27.0,47.0
2026-01-15,23,0.7,7.0,29.0,0.57,34.0,27.0,0.39,30.0,48.0
2026-01-15,24,0.73,7.0,30.0,0.65,33.0,28.0,0.43,29.0,49.0
2026-01-16,1,0.75,5.0,30.0,0.68,28.0,28.0,0.47,24.0,49.0
2026-01-16,2,0.73,5.0,30.0,0.66,20.0,29.0,0.49,19.0,50.0
2026-01-16,3,0.7,4.0,30.0,0.64,16.0,29.0,0.47,16.0,49.0
2026-01-16,4,0.66,2.0,30.0,0.61,13.0,29.0,0.43,14.0,49.0
2026-01-16,5,0.62,4.0,31.0,0.6,15.0,30.0,0.4,11.0,49.0
2026-01-16,6,0.58,5.0,32.0,0.54,15.0,31.0,0.35,13.0,50.0
2026-01-16,7,0.51,6.0,32.0,0.46,17.0,32.0,0.31,16.0,51.0
2026-01-16,8,0.47,8.0,32.0,0.39,20.0,32.0,0.27,18.0,51.0
2026-01-16,9,0.46,7.0,30.0,0.34,19.0,33.0,0.23,17.0,51.0
2026-01-16,10,0.46,,29.0,0.32,15.0,33.0,0.21,19.0,50.0
2026-01-16,11,0.46,7.0,29.0,0.31,14.0,33.0,0.21,21.0,49.0
2026-01-16,12,0.45,8.0,28.0,0.32,14.0,32.0,0.22,20.0,48.0
2026-01-16,13,0.44,11.0,28.0,0.33,13.0,32.0,0.24,22.0,46.0
2026-01-16,14,0.43,16.0,27.0,0.34,20.0,32.0,0.25,17.0,44.0
2026-01-16,15,0.41,11.0,27.0,0.34,15.0,31.0,0.24,19.0,41.0
2026-01-16,16,0.37,7.0,25.0,0.33,17.0,31.0,0.22,19.0,38.0
2026-01-16,17,0.33,6.0,21.0,0.34,19.0,29.0,0.22,22.0,35.0
2026-01-16,18,0.3,6.0,21.0,0.34,20.0,25.0,0.23,24.0,30.0
2026-01-16,19,0.31,9.0,21.0,0.35,19.0,25.0,0.23,22.0,31.0
2026-01-16,20,0.3,6.0,21.0,0.35,18.0,25.0,0.24,25.0,32.0
2026-01-16,21,0.3,12.0,21.0,0.35,14.0,25.0,0.23,25.0,33.0
2026-01-16,22,0.31,9.0,21.0,0.34,17.0,25.0,0.24,24.0,33.0
2026-01-16,23,0.31,8.0,21.0,0.34,18.0,25.0,0.24,22.0,33.0
2026-01-16,24,0.32,7.0,20.0,0.33,13.0,24.0,0.24,18.0,33.0
2026-01-17,1,0.32,10.0,20.0,0.31,15.0,24.0,0.23,16.0,32.0
2026-01-17,2,0.31,12.0,20.0,0.29,13.0,23.0,0.22,15.0,32.0
2026-01-17,3,0.29,5.0,20.0,0.27,14.0,23.0,0.2,15.0,31.0
2026-01-17,4,0.28,5.0,20.0,0.24,12.0,22.0,0.19,15.0,31.0
2026-01-17,5,0.26,5.0,19.0,0.23,13.0,22.0,0.19,16.0,31.0
2026-01-17,6,0.24,5.0,18.0,0.2,12.0,21.0,0.18,16.0,30.0
2026-01-17,7,0.22,6.0,18.0,0.18,7.0,20.0,0.17,21.0,30.0
2026-01-17,8,0.21,7.0,17.0,0.16,7.0,19.0,0.17,23.0,30.0
2026-01-17,9,0.21,6.0,17.0,0.14,6.0,19.0,0.18,25.0,29.0
2026-01-17,10,0.21,7.0,17.0,0.14,7.0,18.0,0.18,24.0,29.0
2026-01-17,11,0.22,7.0,16.0,0.15,8.0,18.0,0.19,25.0,29.0
2026-01-17,12,0.23,6.0,16.0,0.15,9.0,18.0,0.2,25.0,29.0
2026-01-17,13,0.25,5.0,16.0,0.16,8.0,18.0,0.22,28.0,29.0
2026-01-17,14,0.26,5.0,16.0,0.17,6.0,18.0,0.23,24.0,30.0
2026-01-17,15,0.27,5.0,15.0,0.17,5.0,18.0,0.23,21.0,30.0
2026-01-17,16,0.28,4.0,15.0,0.18,9.0,19.0,0.23,14.0,30.0
2026-01-17,17,0.28,5.0,15.0,0.19,8.0,19.0,0.23,13.0,30.0
2026-01-17,18,0.28,5.0,15.0,0.19,8.0,19.0,0.23,19.0,28.0
2026-01-17,19,0.28,9.0,15.0,0.19,9.0,19.0,0.23,21.0,27.0
2026-01-17,20,0.3,13.0,15.0,0.2,13.0,19.0,0.24,27.0,27.0
2026-01-17,21,0.33,23.0,15.0,0.23,21.0,19.0,0.26,28.0,26.0
2026-01-17,22,0.38,28.0,16.0,0.28,28.0,19.0,0.3,32.0,26.0
2026-01-17,23,0.4,15.0,17.0,0.35,26.0,19.0,0.31,21.0,27.0
2026-01-17,24,0.4,11.0,18.0,0.41,23.0,21.0,0.32,13.0,30.0
2026-01-18,1,0.39,10.0,18.0,0.45,19.0,22.0,0.32,11.0,31.0
2026-01-18,2,0.39,7.0,18.0,0.48,13.0,23.0,0.31,10.0,32.0
2026-01-18,3,0.38,5.0,19.0,0.5,12.0,24.0,0.3,8.0,33.0
2026-01-18,4,0.35,4.0,19.0,0.5,10.0,24.0,0.27,7.0,33.0
2026-01-18,5,0.3,4.0,20.0,0.49,8.0,24.0,0.23,7.0,34.0
2026-01-18,6,0.23,4.0,20.0,0.45,10.0,25.0,0.17,9.0,34.0
2026-01-18,7,0.2,5.0,21.0,0.39,11.0,26.0,0.14,9.0,34.0
2026-01-18,8,0.19,9.0,22.0,0.34,11.0,27.0,0.13,8.0,35.0
2026-01-18,9,0.18,4.0,23.0,0.3,16.0,27.0,0.12,7.0,36.0
2026-01-18,10,0.18,4.0,24.0,0.29,12.0,28.0,0.12,7.0,36.0
2026-01-18,11,0.17,4.0,25.0,0.28,12.0,29.0,0.11,7.0,37.0
2026-01-18,12,0.17,4.0,26.0,0.27,11.0,30.0,0.11,7.0,39.0
2026-01-18,13,0.17,4.0,27.0,0.26,10.0,31.0,0.12,7.0,40.0
2026-01-18,14,0.17,5.0,29.0,0.26,12.0,32.0,0.12,6.0,42.0
2026-01-18,15,0.17,4.0,29.0,0.26,21.0,33.0,0.12,6.0,45.0
2026-01-18,16,0.18,5.0,30.0,0.26,15.0,33.0,0.12,5.0,46.0
2026-01-18,17,0.18,5.0,30.0,0.27,19.0,34.0,0.12,5.0,48.0
2026-01-18,18,0.18,5.0,31.0,0.27,11.0,34.0,0.13,11.0,49.0
2026-01-18,19,0.18,5.0,31.0,0.26,6.0,35.0,0.13,15.0,51.0
2026-01-18,20,0.19,6.0,31.0,0.26,9.0,35.0,0.13,13.0,53.0
2026-01-18,21,0.2,7.0,32.0,0.26,9.0,36.0,0.12,12.0,55.0
2026-01-18,22,0.2,7.0,32.0,0.25,14.0,36.0,0.12,10.0,55.0
2026-01-18,23,0.21,8.0,31.0,0.25,18.0,36.0,0.13,9.0,54.0
2026-01-18,24,0.23,6.0,30.0,0.24,10.0,35.0,0.13,8.0,51.0
2026-01-19,1,0.23,9.0,30.0,0.24,12.0,34.0,0.14,12.0,50.0
2026-01-19,2,0.24,6.0,30.0,0.24,11.0,33.0,0.13,9.0,49.0
2026-01-19,3,0.23,5.0,31.0,0.24,10.0,33.0,0.12,8.0,49.0
2026-01-19,4,0.23,6.0,31.0,0.24,9.0,33.0,0.12,8.0,48.0
2026-01-19,5,0.21,8.0,30.0,0.23,11.0,33.0,0.13,8.0,48.0
2026-01-19,6,0.21,9.0,30.0,0.23,15.0,33.0,0.12,13.0,47.0
2026-01-19,7,0.2,9.0,30.0,0.26,20.0,33.0,0.12,14.0,47.0
2026-01-19,8,0.19,11.0,29.0,0.3,23.0,33.0,0.12,14.0,47.0
2026-01-19,9,0.2,12.0,29.0,0.34,24.0,32.0,0.12,13.0,46.0
2026-01-19,10,0.21,12.0,28.0,0.37,19.0,32.0,0.13,17.0,45.0
2026-01-19,11,0.22,10.0,27.0,0.39,17.0,32.0,0.15,18.0,44.0
2026-01-19,12,0.23,8.0,26.0,0.41,17.0,31.0,0.16,20.0,43.0
2026-01-19,13,0.24,7.0,25.0,0.43,12.0,30.0,0.17,19.0,41.0
2026-01-19,14,0.24,6.0,24.0,0.43,13.0,30.0,0.18,18.0,39.0
2026-01-19,15,0.25,6.0,24.0,0.42,14.0,29.0,0.18,18.0,38.0
2026-01-19,16,0.25,6.0,23.0,0.39,12.0,29.0,0.18,18.0,37.0
2026-01-19,17,0.25,7.0,23.0,0.36,12.0,28.0,0.19,19.0,38.0
2026-01-19,18,0.25,10.0,23.0,0.35,14.0,28.0,0.19,17.0,37.0
2026-01-19,19,0.25,11.0,23.0,0.34,16.0,27.0,0.2,20.0,36.0
2026-01-19,20,0.26,9.0,22.0,0.34,14.0,26.0,0.2,19.0,35.0
2026-01-19,21,0.26,12.0,22.0,0.33,15.0,26.0,0.2,18.0,33.0
2026-01-19,22,0.27,16.0,21.0,0.34,20.0,25.0,0.21,20.0,33.0
2026-01-19,23,0.28,16.0,21.0,0.34,19.0,25.0,0.24,22.0,33.0
2026-01-19,24,0.29,12.0,21.0,0.32,10.0,25.0,0.24,16.0,33.0
2026-01-20,1,0.28,4.0,21.0,0.31,8.0,25.0,0.23,16.0,33.0
2026-01-20,2,0.27,3.0,20.0,0.29,8.0,25.0,0.22,14.0,33.0
2026-01-20,3,0.25,3.0,19.0,0.26,6.0,25.0,0.2,12.0,34.0
2026-01-20,4,0.24,6.0,19.0,0.24,6.0,25.0,0.19,10.0,34.0
2026-01-20,5,0.23,8.0,19.0,0.22,9.0,24.0,0.18,10.0,33.0
2026-01-20,6,0.21,7.0,18.0,0.2,14.0,24.0,0.16,16.0,33.0
2026-01-20,7,0.2,9.0,18.0,0.18,13.0,24.0,0.14,18.0,33.0
2026-01-20,8,0.2,7.0,18.0,0.18,9.0,23.0,0.15,20.0,32.0
2026-01-20,9,0.21,6.0,17.0,0.17,8.0,22.0,0.16,20.0,32.0
2026-01-20,10,0.22,6.0,17.0,0.17,6.0,22.0,0.17,20.0,33.0
2026-01-20,11,0.23,7.0,17.0,0.18,7.0,21.0,0.18,21.0,34.0
2026-01-20,12,0.25,7.0,17.0,0.18,5.0,21.0,0.19,22.0,34.0
2026-01-20,13,0.26,7.0,17.0,0.19,5.0,21.0,0.21,20.0,35.0
2026-01-20,14,0.27,7.0,17.0,0.2,14.0,21.0,0.2,18.0,35.0
2026-01-20,15,0.28,8.0,17.0,0.2,12.0,21.0,0.2,18.0,34.0
2026-01-20,16,0.28,11.0,17.0,0.23,15.0,21.0,0.21,19.0,33.0
2026-01-20,17,0.28,11.0,17.0,0.26,18.0,21.0,0.22,25.0,32.0
2026-01-20,18,0.28,9.0,17.0,0.28,18.0,21.0,0.23,26.0,34.0
2026-01-20,19,0.28,9.0,17.0,0.3,22.0,21.0,0.23,27.0,34.0
2026-01-20,20,0.29,7.0,17.0,0.32,17.0,21.0,0.23,29.0,34.0
2026-01-20,21,0.29,7.0,17.0,0.34,16.0,21.0,0.24,27.0,34.0
2026-01-20,22,0.29,7.0,17.0,0.35,13.0,21.0,0.24,26.0,34.0
2026-01-20,23,0.29,8.0,17.0,0.35,15.0,21.0,0.23,25.0,35.0
2026-01-20,24,0.29,8.0,17.0,0.34,12.0,20.0,0.22,18.0,35.0
2026-01-21,1,0.28,7.0,17.0,0.31,10.0,21.0,0.2,15.0,36.0
2026-01-21,2,0.27,5.0,16.0,0.29,6.0,20.0,0.18,12.0,35.0
2026-01-21,3,0.26,12.0,16.0,0.27,6.0,20.0,0.17,11.0,35.0
2026-01-21,4,0.24,9.0,16.0,0.25,9.0,20.0,0.15,12.0,35.0
2026-01-21,5,0.23,5.0,16.0,0.22,11.0,20.0,0.14,13.0,35.0
2026-01-21,6,0.22,6.0,16.0,0.21,8.0,20.0,0.14,16.0,35.0
2026-01-21,7,0.21,8.0,16.0,0.19,7.0,20.0,0.15,20.0,35.0
2026-01-21,8,0.21,10.0,16.0,0.19,6.0,20.0,0.16,21.0,35.0
2026-01-21,9,0.22,10.0,16.0,0.18,7.0,20.0,0.18,22.0,35.0
2026-01-21,10,0.24,12.0,16.0,0.19,8.0,20.0,0.19,23.0,35.0
2026-01-21,11,0.26,12.0,15.0,0.19,8.0,20.0,0.21,25.0,36.0
2026-01-21,12,0.28,11.0,15.0,0.2,7.0,20.0,0.26,25.0,36.0
2026-01-21,13,0.29,11.0,16.0,0.21,8.0,20.0,0.23,23.0,36.0
2026-01-21,14,0.31,11.0,15.0,0.22,7.0,20.0,0.24,20.0,36.0
2026-01-21,15,0.32,10.0,15.0,0.22,7.0,20.0,0.24,21.0,36.0
2026-01-21,16,0.32,10.0,15.0,0.22,7.0,20.0,0.24,22.0,36.0
2026-01-21,17,0.32,11.0,15.0,0.25,17.0,21.0,0.23,23.0,36.0
2026-01-21,18,0.32,12.0,15.0,0.27,16.0,21.0,0.24,27.0,35.0
2026-01-21,19,0.31,11.0,14.0,0.29,13.0,20.0,0.24,24.0,35.0
2026-01-21,20,0.31,10.0,14.0,0.3,15.0,21.0,0.23,19.0,35.0
2026-01-21,21,0.3,9.0,14.0,0.31,14.0,21.0,0.22,19.0,35.0
2026-01-21,22,0.3,11.0,14.0,0.32,17.0,20.0,0.22,24.0,35.0
2026-01-21,23,0.31,8.0,14.0,0.34,17.0,21.0,0.22,22.0,34.0
2026-01-21,24,0.32,12.0,14.0,0.36,15.0,21.0,0.22,17.0,34.0
2026-01-22,1,0.33,13.0,15.0,0.36,19.0,21.0,0.21,15.0,33.0
2026-01-22,2,0.33,12.0,15.0,0.35,17.0,21.0,0.2,14.0,32.0
2026-01-22,3,0.32,10.0,15.0,0.34,10.0,21.0,0.18,13.0,33.0
2026-01-22,4,0.3,11.0,15.0,0.31,10.0,21.0,0.17,12.0,33.0
2026-01-22,5,0.29,5.0,16.0,0.29,13.0,22.0,0.16,12.0,33.0
2026-01-22,6,0.27,5.0,16.0,0.27,13.0,22.0,0.15,16.0,34.0
2026-01-22,7,0.26,7.0,16.0,0.25,15.0,22.0,0.14,17.0,34.0
2026-01-22,8,0.25,7.0,16.0,0.23,9.0,22.0,0.14,19.0,34.0
2026-01-22,9,0.24,8.0,15.0,0.21,7.0,21.0,0.15,20.0,34.0
2026-01-22,10,0.24,8.0,15.0,0.19,7.0,22.0,0.16,20.0,35.0
2026-01-22,11,0.25,7.0,15.0,0.2,12.0,21.0,0.17,19.0,36.0
2026-01-22,12,0.26,8.0,15.0,0.22,16.0,22.0,0.17,17.0,36.0
2026-01-22,13,0.28,9.0,15.0,0.23,15.0,23.0,0.18,16.0,37.0
2026-01-22,14,0.3,8.0,15.0,0.25,15.0,22.0,0.18,17.0,37.0
2026-01-22,15,0.31,9.0,15.0,0.28,16.0,22.0,0.2,20.0,37.0
2026-01-22,16,0.31,9.0,15.0,0.31,15.0,22.0,0.2,19.0,36.0
2026-01-22,17,0.31,8.0,15.0,0.34,19.0,22.0,0.21,22.0,36.0
2026-01-22,18,0.31,10.0,15.0,0.37,20.0,22.0,0.22,25.0,36.0
2026-01-22,19,0.32,14.0,15.0,0.39,15.0,22.0,0.24,25.0,36.0
2026-01-22,20,0.32,11.0,15.0,0.39,15.0,22.0,0.24,16.0,37.0
2026-01-22,21,0.33,12.0,15.0,0.4,18.0,22.0,0.26,18.0,37.0
2026-01-22,22,0.33,20.0,16.0,0.44,27.0,22.0,0.28,24.0,37.0
2026-01-22,23,0.34,17.0,16.0,0.44,22.0,22.0,0.3,22.0,38.0
2026-01-22,24,0.34,12.0,16.0,0.45,21.0,23.0,0.32,21.0,38.0
2026-01-23,1,0.34,12.0,16.0,0.43,18.0,24.0,0.32,19.0,38.0
2026-01-23,2,0.34,8.0,16.0,0.41,11.0,24.0,0.29,15.0,39.0
2026-01-23,3,0.32,6.0,16.0,0.37,8.0,24.0,0.27,13.0,39.0
2026-01-23,4,0.31,3.0,16.0,0.35,8.0,25.0,0.26,11.0,38.0
2026-01-23,5,0.29,4.0,16.0,0.33,11.0,25.0,0.23,11.0,38.0
2026-01-23,6,0.27,4.0,16.0,0.27,12.0,25.0,0.2,12.0,38.0
2026-01-23,7,0.26,6.0,16.0,0.24,13.0,25.0,0.18,15.0,38.0
2026-01-23,8,0.26,6.0,16.0,0.21,11.0,25.0,0.16,18.0,37.0
2026-01-23,9,0.26,5.0,17.0,0.21,13.0,25.0,0.16,18.0,37.0
2026-01-23,10,0.27,4.0,17.0,0.21,10.0,25.0,0.17,20.0,37.0
2026-01-23,11,0.28,5.0,17.0,0.22,17.0,25.0,0.18,17.0,37.0
2026-01-23,12,0.29,6.0,17.0,0.24,20.0,25.0,0.2,18.0,37.0
2026-01-23,13,0.31,7.0,18.0,0.26,22.0,25.0,0.22,19.0,37.0
2026-01-23,14,0.33,8.0,18.0,0.28,27.0,26.0,0.23,19.0,38.0
2026-01-23,15,0.34,9.0,18.0,0.33,23.0,26.0,0.24,22.0,39.0
2026-01-23,16,0.35,8.0,18.0,0.36,21.0,27.0,0.24,20.0,39.0
2026-01-23,17,0.35,9.0,19.0,0.38,17.0,27.0,0.24,21.0,39.0
2026-01-23,18,0.35,10.0,19.0,0.4,16.0,27.0,0.25,23.0,39.0
2026-01-23,19,0.35,9.0,19.0,0.42,19.0,27.0,0.26,23.0,39.0
2026-01-23,20,0.35,9.0,19.0,0.43,15.0,27.0,0.26,23.0,39.0
2026-01-23,21,0.34,9.0,19.0,0.42,13.0,27.0,0.26,22.0,39.0
2026-01-23,22,0.34,9.0,19.0,0.42,12.0,27.0,0.27,21.0,39.0
2026-01-23,23,0.34,9.0,19.0,0.4,15.0,26.0,0.26,21.0,39.0
2026-01-23,24,0.35,11.0,19.0,0.41,20.0,26.0,0.27,21.0,39.0
2026-01-24,1,0.35,14.0,19.0,0.41,19.0,25.0,0.27,17.0,38.0
2026-01-24,2,0.34,12.0,19.0,0.39,12.0,24.0,0.25,16.0,38.0
2026-01-24,3,0.34,6.0,19.0,0.36,8.0,24.0,0.23,13.0,39.0
2026-01-24,4,0.33,4.0,19.0,0.34,11.0,24.0,0.21,11.0,39.0
2026-01-24,5,0.31,4.0,18.0,0.32,15.0,24.0,0.2,10.0,39.0
2026-01-24,6,0.3,4.0,18.0,0.3,12.0,24.0,0.19,11.0,39.0
2026-01-24,7,0.29,5.0,18.0,0.27,10.0,24.0,0.18,13.0,39.0
2026-01-24,8,0.27,6.0,18.0,0.22,10.0,24.0,0.17,14.0,39.0
2026-01-24,9,0.25,5.0,18.0,0.2,7.0,23.0,0.16,14.0,39.0
2026-01-24,10,0.24,4.0,18.0,0.19,6.0,23.0,0.16,17.0,38.0
2026-01-24,11,0.24,4.0,18.0,0.19,5.0,23.0,0.17,16.0,38.0
2026-01-24,12,0.26,5.0,18.0,0.19,6.0,22.0,0.18,17.0,39.0
2026-01-24,13,0.27,6.0,17.0,0.2,7.0,22.0,0.19,16.0,39.0
2026-01-24,14,0.28,6.0,17.0,0.21,6.0,21.0,0.19,17.0,38.0
2026-01-24,15,0.29,7.0,17.0,0.21,7.0,21.0,0.2,21.0,37.0
2026-01-24,16,0.3,6.0,17.0,0.22,22.0,21.0,0.2,16.0,37.0
2026-01-24,17,0.3,7.0,16.0,0.22,10.0,20.0,0.21,20.0,36.0
2026-01-24,18,0.31,7.0,16.0,0.24,16.0,20.0,0.21,22.0,35.0
2026-01-24,19,0.32,13.0,16.0,0.27,21.0,20.0,0.21,23.0,35.0
2026-01-24,20,0.32,12.0,16.0,0.29,18.0,21.0,0.22,25.0,34.0
2026-01-24,21,0.33,10.0,16.0,0.31,14.0,21.0,0.22,25.0,34.0
2026-01-24,22,0.34,8.0,16.0,0.33,15.0,21.0,0.22,22.0,34.0
2026-01-24,23,0.34,7.0,16.0,0.35,16.0,21.0,0.22,18.0,34.0
2026-01-24,24,0.35,7.0,16.0,0.38,16.0,21.0,0.22,15.0,34.0
2026-01-25,1,0.35,7.0,16.0,0.41,19.0,20.0,0.22,14.0,34.0
2026-01-25,2,0.36,9.0,16.0,0.42,18.0,21.0,0.22,14.0,35.0
2026-01-25,3,0.36,11.0,17.0,0.4,14.0,21.0,0.22,14.0,35.0
2026-01-25,4,0.35,6.0,17.0,0.38,19.0,21.0,0.21,13.0,34.0
2026-01-25,5,0.33,5.0,17.0,0.36,15.0,21.0,0.21,12.0,35.0
2026-01-25,6,0.32,5.0,17.0,0.34,15.0,21.0,0.2,12.0,35.0
2026-01-25,7,0.3,6.0,17.0,0.31,10.0,20.0,0.2,14.0,35.0
2026-01-25,8,0.29,5.0,17.0,0.28,13.0,20.0,0.2,16.0,34.0
2026-01-25,9,0.28,4.0,17.0,0.24,11.0,20.0,0.19,13.0,34.0
2026-01-25,10,0.26,3.0,17.0,0.21,10.0,20.0,0.19,12.0,32.0
2026-01-25,11,0.26,4.0,16.0,0.21,12.0,20.0,0.18,11.0,31.0
2026-01-25,12,0.25,4.0,16.0,0.2,17.0,19.0,0.18,10.0,29.0
2026-01-25,13,0.26,4.0,16.0,0.2,15.0,19.0,0.17,9.0,27.0
2026-01-25,14,0.27,4.0,15.0,0.2,12.0,19.0,0.17,11.0,26.0
2026-01-25,15,0.27,7.0,15.0,0.21,10.0,19.0,0.16,13.0,26.0
2026-01-25,16,0.28,10.0,15.0,0.23,14.0,18.0,0.17,16.0,26.0
2026-01-25,17,0.29,6.0,15.0,0.25,10.0,18.0,0.17,16.0,26.0
2026-01-25,18,0.29,7.0,15.0,0.26,13.0,18.0,0.19,18.0,26.0
2026-01-25,19,0.3,7.0,14.0,0.28,12.0,18.0,0.2,17.0,25.0
2026-01-25,20,0.3,9.0,14.0,0.31,16.0,17.0,0.21,16.0,25.0
2026-01-25,21,0.31,14.0,14.0,0.33,17.0,17.0,0.22,18.0,24.0
2026-01-25,22,0.31,10.0,14.0,0.34,14.0,17.0,0.24,18.0,25.0
2026-01-25,23,0.31,8.0,13.0,0.36,15.0,17.0,0.25,15.0,25.0
2026-01-25,24,0.32,7.0,14.0,0.37,14.0,17.0,0.25,15.0,24.0
2026-01-26,1,0.32,15.0,13.0,0.38,16.0,17.0,0.24,13.0,24.0
2026-01-26,2,0.32,10.0,13.0,0.37,23.0,16.0,0.23,13.0,24.0
2026-01-26,3,0.31,9.0,13.0,0.36,19.0,16.0,0.23,16.0,23.0
2026-01-26,4,0.3,4.0,13.0,0.33,15.0,16.0,0.23,14.0,23.0
2026-01-26,5,0.29,4.0,13.0,0.32,14.0,16.0,0.22,12.0,23.0
2026-01-26,6,0.29,6.0,13.0,0.3,14.0,16.0,0.2,16.0,22.0
2026-01-26,7,0.28,8.0,13.0,0.28,9.0,16.0,0.21,23.0,23.0
2026-01-26,8,0.27,9.0,13.0,0.25,8.0,17.0,0.22,24.0,23.0
2026-01-26,9,0.28,9.0,13.0,0.23,8.0,17.0,0.24,23.0,24.0
2026-01-26,10,0.29,7.0,14.0,0.23,12.0,17.0,0.26,25.0,26.0
2026-01-26,11,0.3,6.0,15.0,0.23,8.0,17.0,0.27,24.0,28.0
2026-01-26,12,0.32,8.0,15.0,0.24,9.0,18.0,0.28,25.0,29.0
2026-01-26,13,0.34,8.0,15.0,0.25,8.0,18.0,0.29,25.0,30.0
2026-01-26,14,0.36,9.0,16.0,0.25,7.0,19.0,0.3,26.0,31.0
2026-01-26,15,0.37,10.0,16.0,0.26,10.0,19.0,0.29,29.0,32.0
2026-01-26,16,0.38,12.0,17.0,0.27,13.0,19.0,0.29,31.0,34.0
2026-01-26,17,0.4,11.0,17.0,0.29,18.0,20.0,0.29,27.0,37.0
2026-01-26,18,0.41,12.0,17.0,0.31,22.0,21.0,0.3,29.0,39.0
2026-01-26,19,0.43,14.0,21.0,0.37,31.0,21.0,0.3,23.0,40.0
2026-01-26,20,0.43,13.0,22.0,0.43,31.0,25.0,0.29,18.0,43.0
2026-01-26,21,0.43,11.0,24.0,0.49,30.0,27.0,0.29,15.0,46.0
2026-01-26,22,0.43,12.0,25.0,0.54,28.0,29.0,0.28,15.0,46.0
2026-01-26,23,0.42,11.0,25.0,0.59,30.0,29.0,0.28,17.0,46.0
2026-01-26,24,0.42,10.0,25.0,0.61,23.0,30.0,0.27,14.0,47.0
2026-01-27,1,0.4,6.0,25.0,0.64,23.0,31.0,0.26,14.0,48.0
2026-01-27,2,0.38,5.0,25.0,0.65,21.0,31.0,0.25,17.0,47.0
2026-01-27,3,0.36,5.0,25.0,0.63,20.0,31.0,0.24,15.0,48.0
2026-01-27,4,0.34,4.0,25.0,0.57,16.0,31.0,0.23,13.0,47.0
2026-01-27,5,0.33,4.0,25.0,0.52,16.0,31.0,0.23,12.0,47.0
2026-01-27,6,0.31,5.0,25.0,0.48,17.0,31.0,0.22,14.0,47.0
2026-01-27,7,0.31,8.0,25.0,0.46,24.0,31.0,0.22,17.0,47.0
2026-01-27,8,0.32,10.0,25.0,0.48,28.0,32.0,0.22,18.0,47.0
2026-01-27,9,0.32,8.0,25.0,0.51,31.0,32.0,0.22,18.0,46.0
2026-01-27,10,0.34,7.0,25.0,0.55,29.0,33.0,0.21,18.0,45.0
2026-01-27,11,0.35,9.0,25.0,0.58,32.0,33.0,0.22,17.0,44.0
2026-01-27,12,0.37,10.0,26.0,0.64,36.0,33.0,0.22,14.0,43.0
2026-01-27,13,0.38,12.0,26.0,0.71,34.0,33.0,0.24,16.0,42.0
2026-01-27,14,0.4,12.0,26.0,0.77,34.0,34.0,0.26,25.0,42.0
2026-01-27,15,0.4,11.0,26.0,0.8,31.0,34.0,0.29,32.0,41.0
2026-01-27,16,0.4,14.0,26.0,0.79,27.0,35.0,0.3,30.0,39.0
2026-01-27,17,0.41,15.0,26.0,0.77,26.0,35.0,0.31,26.0,37.0
2026-01-27,18,0.41,16.0,26.0,0.73,24.0,35.0,0.32,25.0,35.0
2026-01-27,19,0.41,13.0,23.0,0.69,19.0,34.0,0.33,22.0,35.0
2026-01-27,20,0.41,9.0,21.0,0.64,14.0,31.0,0.33,19.0,32.0
2026-01-27,21,0.4,7.0,20.0,0.58,16.0,29.0,0.32,18.0,29.0
2026-01-27,22,0.39,6.0,20.0,0.52,11.0,27.0,0.3,18.0,28.0
2026-01-27,23,0.39,6.0,20.0,0.47,16.0,27.0,0.28,16.0,28.0
2026-01-27,24,0.38,8.0,19.0,0.43,20.0,26.0,0.27,17.0,27.0
2026-01-28,1,0.36,9.0,19.0,0.4,22.0,25.0,0.26,25.0,27.0
2026-01-28,2,0.35,8.0,19.0,0.36,20.0,25.0,0.26,18.0,26.0
2026-01-28,3,0.35,8.0,20.0,0.33,17.0,25.0,0.26,19.0,26.0
2026-01-28,4,0.34,7.0,20.0,0.32,18.0,25.0,0.27,18.0,26.0
2026-01-28,5,0.32,7.0,20.0,0.33,17.0,25.0,0.28,17.0,27.0
2026-01-28,6,0.32,8.0,19.0,0.33,21.0,25.0,0.29,19.0,27.0
2026-01-28,7,0.32,9.0,19.0,0.36,27.0,24.0,0.3,21.0,27.0
2026-01-28,8,0.32,11.0,19.0,0.4,29.0,24.0,0.3,19.0,27.0
2026-01-28,9,0.33,10.0,19.0,0.45,31.0,24.0,0.31,22.0,27.0
2026-01-28,10,0.33,9.0,19.0,0.49,26.0,24.0,0.31,21.0,27.0
2026-01-28,11,0.34,10.0,19.0,0.53,32.0,24.0,0.31,21.0,27.0
2026-01-28,12,0.35,11.0,19.0,0.58,36.0,24.0,0.32,26.0,27.0
2026-01-28,13,0.37,15.0,19.0,0.64,33.0,24.0,0.32,24.0,27.0
2026-01-28,14,0.38,16.0,19.0,0.68,32.0,25.0,0.31,21.0,27.0
2026-01-28,15,0.38,12.0,19.0,0.68,22.0,24.0,0.31,23.0,27.0
2026-01-28,16,0.39,17.0,19.0,0.67,23.0,24.0,0.3,25.0,27.0
2026-01-28,17,0.39,13.0,19.0,0.64,20.0,24.0,0.29,29.0,27.0
2026-01-28,18,0.39,11.0,18.0,0.62,15.0,24.0,0.28,23.0,27.0
2026-01-28,19,0.38,12.0,18.0,0.6,18.0,24.0,0.28,21.0,27.0
2026-01-28,20,0.38,10.0,18.0,0.56,16.0,24.0,0.27,21.0,26.0
2026-01-28,21,0.37,9.0,18.0,0.51,16.0,24.0,0.26,21.0,26.0
2026-01-28,22,0.36,10.0,18.0,0.47,14.0,24.0,0.25,19.0,26.0
2026-01-28,23,0.38,10.0,18.0,0.45,18.0,24.0,0.23,14.0,26.0
2026-01-28,24,0.39,12.0,18.0,0.42,21.0,24.0,0.22,14.0,25.0
2026-01-29,1,0.39,10.0,18.0,0.4,12.0,24.0,0.2,18.0,26.0
2026-01-29,2,0.39,8.0,18.0,0.38,16.0,24.0,0.2,19.0,26.0
2026-01-29,3,0.39,9.0,19.0,0.36,17.0,24.0,0.19,17.0,26.0
2026-01-29,4,0.39,9.0,19.0,0.36,21.0,24.0,0.19,17.0,26.0
2026-01-29,5,0.38,8.0,20.0,0.37,21.0,25.0,0.19,16.0,27.0
2026-01-29,6,0.38,8.0,20.0,0.39,20.0,26.0,0.19,16.0,28.0
2026-01-29,7,0.36,9.0,21.0,0.42,27.0,26.0,0.2,19.0,28.0
2026-01-29,8,0.36,12.0,21.0,0.48,31.0,27.0,0.24,22.0,28.0
2026-01-29,9,0.37,12.0,21.0,0.52,26.0,27.0,0.26,24.0,28.0
2026-01-29,10,0.36,,20.0,0.54,19.0,26.0,0.27,24.0,28.0
2026-01-29,11,0.35,,20.0,0.57,20.0,26.0,0.28,22.0,28.0
2026-01-29,12,0.36,7.0,20.0,0.58,21.0,26.0,0.28,24.0,27.0
2026-01-29,13,0.37,9.0,19.0,0.58,20.0,25.0,0.29,24.0,27.0
2026-01-29,14,0.38,9.0,19.0,0.57,19.0,24.0,0.3,26.0,26.0
2026-01-29,15,0.38,9.0,19.0,0.55,16.0,24.0,0.3,25.0,26.0
2026-01-29,16,,,19.0,0.5,18.0,23.0,0.27,25.0,26.0
2026-01-29,17,0.39,2.0,19.0,0.48,14.0,23.0,0.27,19.0,26.0
2026-01-29,18,0.41,6.0,19.0,0.47,12.0,23.0,0.26,19.0,25.0
2026-01-29,19,0.42,6.0,18.0,0.46,13.0,23.0,0.27,19.0,26.0
2026-01-29,20,0.44,7.0,18.0,0.44,11.0,23.0,0.27,19.0,26.0
2026-01-29,21,0.44,6.0,18.0,0.42,13.0,23.0,0.26,19.0,27.0
2026-01-29,22,0.45,6.0,18.0,0.4,12.0,23.0,0.25,17.0,27.0
2026-01-29,23,0.46,7.0,18.0,0.39,10.0,23.0,0.24,14.0,27.0
2026-01-29,24,0.45,6.0,18.0,0.38,8.0,23.0,0.23,13.0,26.0
2026-01-30,1,0.43,5.0,18.0,0.36,8.0,22.0,0.22,14.0,26.0
2026-01-30,2,0.41,5.0,17.0,0.35,9.0,22.0,0.21,14.0,26.0
2026-01-30,3,0.39,4.0,16.0,0.33,7.0,22.0,0.19,12.0,25.0
2026-01-30,4,0.37,4.0,16.0,0.31,6.0,22.0,0.18,11.0,25.0
2026-01-30,5,0.35,4.0,14.0,0.29,6.0,21.0,0.17,12.0,24.0
2026-01-30,6,0.34,4.0,13.0,0.28,9.0,20.0,0.17,13.0,23.0
2026-01-30,7,0.33,5.0,13.0,0.31,16.0,19.0,0.18,16.0,22.0
2026-01-30,8,0.32,5.0,12.0,0.35,19.0,18.0,0.2,19.0,22.0
2026-01-30,9,0.32,4.0,11.0,0.37,15.0,18.0,0.21,18.0,21.0
2026-01-30,10,0.33,3.0,11.0,0.38,16.0,17.0,0.23,18.0,21.0
2026-01-30,11,0.33,4.0,11.0,0.4,13.0,17.0,0.24,18.0,21.0
2026-01-30,12,0.34,4.0,10.0,0.43,15.0,17.0,0.25,18.0,21.0
2026-01-30,13,0.35,4.0,10.0,0.46,12.0,16.0,0.26,17.0,20.0
2026-01-30,14,0.36,4.0,9.0,0.48,12.0,16.0,0.27,18.0,20.0
2026-01-30,15,0.37,5.0,9.0,0.46,9.0,16.0,0.26,16.0,21.0
2026-01-30,16,0.38,5.0,9.0,0.43,10.0,15.0,0.26,16.0,21.0
2026-01-30,17,0.38,6.0,9.0,0.42,11.0,15.0,0.25,20.0,21.0
2026-01-30,18,0.39,7.0,9.0,0.41,14.0,15.0,0.26,21.0,21.0
2026-01-30,19,0.4,6.0,10.0,0.41,13.0,16.0,0.26,20.0,21.0
2026-01-30,20,0.4,5.0,10.0,0.4,11.0,15.0,0.26,19.0,21.0
2026-01-30,21,0.41,6.0,10.0,0.38,11.0,15.0,0.25,16.0,22.0
2026-01-30,22,0.41,5.0,10.0,0.37,12.0,15.0,0.25,13.0,22.0
2026-01-30,23,0.41,6.0,10.0,0.37,9.0,16.0,0.24,14.0,22.0
2026-01-30,24,0.41,6.0,10.0,0.36,11.0,16.0,0.24,15.0,23.0
2026-01-31,1,0.41,4.0,10.0,0.36,11.0,16.0,0.22,14.0,23.0
2026-01-31,2,0.41,3.0,10.0,0.35,10.0,16.0,0.2,14.0,23.0
2026-01-31,3,0.4,3.0,11.0,0.33,8.0,17.0,0.19,14.0,23.0
2026-01-31,4,0.39,2.0,11.0,0.32,9.0,17.0,0.18,12.0,24.0
2026-01-31,5,0.37,2.0,11.0,0.3,8.0,17.0,0.18,13.0,24.0
2026-01-31,6,0.36,5.0,12.0,0.29,8.0,17.0,0.18,12.0,25.0
2026-01-31,7,0.35,5.0,12.0,0.27,11.0,18.0,0.18,13.0,25.0
2026-01-31,8,0.34,6.0,12.0,0.27,12.0,18.0,0.18,13.0,25.0
2026-01-31,9,0.34,4.0,13.0,0.26,12.0,18.0,0.17,14.0,26.0
2026-01-31,10,0.34,3.0,13.0,0.26,13.0,18.0,0.17,13.0,27.0
2026-01-31,11,0.34,3.0,14.0,0.25,9.0,18.0,0.17,15.0,27.0
2026-01-31,12,0.35,3.0,14.0,0.26,12.0,19.0,0.18,15.0,28.0
2026-01-31,13,0.36,3.0,14.0,0.27,8.0,19.0,0.19,15.0,28.0
2026-01-31,14,0.37,4.0,14.0,0.28,8.0,20.0,0.2,14.0,29.0
2026-01-31,15,0.37,4.0,14.0,0.28,10.0,20.0,0.21,15.0,28.0
2026-01-31,16,0.37,4.0,14.0,0.29,8.0,19.0,0.21,14.0,28.0
2026-01-31,17,0.37,4.0,14.0,0.29,9.0,19.0,0.21,14.0,28.0
2026-01-31,18,0.37,3.0,14.0,0.28,8.0,19.0,0.21,13.0,28.0
2026-01-31,19,0.37,5.0,13.0,0.29,10.0,19.0,0.21,14.0,28.0
2026-01-31,20,0.37,6.0,13.0,0.29,11.0,19.0,0.21,15.0,28.0
2026-01-31,21,0.38,6.0,13.0,0.31,12.0,18.0,0.21,15.0,27.0
2026-01-31,22,0.39,7.0,13.0,0.32,14.0,18.0,0.21,15.0,27.0
2026-01-31,23,0.4,6.0,13.0,0.33,14.0,17.0,0.2,14.0,26.0
2026-01-31,24,0.41,5.0,13.0,0.35,12.0,17.0,0.19,12.0,26.0
2026-02-01,1,0.41,5.0,12.0,0.37,13.0,17.0,0.19,11.0,25.0
2026-02-01,2,0.43,8.0,13.0,0.39,16.0,17.0,0.2,12.0,25.0
2026-02-01,3,0.46,8.0,13.0,0.41,17.0,16.0,0.2,13.0,25.0
2026-02-01,4,0.47,7.0,13.0,0.41,16.0,17.0,0.2,14.0,25.0
2026-02-01,5,0.48,7.0,14.0,0.42,16.0,17.0,0.21,16.0,25.0
2026-02-01,6,0.49,7.0,14.0,0.46,21.0,17.0,0.22,16.0,25.0
2026-02-01,7,0.5,6.0,14.0,0.48,19.0,18.0,0.24,16.0,26.0
2026-02-01,8,0.51,6.0,14.0,0.49,20.0,18.0,0.27,17.0,26.0
2026-02-01,9,0.52,4.0,14.0,0.5,24.0,18.0,0.28,17.0,26.0
2026-02-01,10,0.5,3.0,14.0,0.49,14.0,19.0,0.29,17.0,25.0
2026-02-01,11,0.48,4.0,13.0,0.47,12.0,18.0,0.29,15.0,25.0
2026-02-01,12,0.46,4.0,13.0,0.45,13.0,18.0,0.29,13.0,24.0
2026-02-01,13,0.45,6.0,13.0,0.44,11.0,18.0,0.27,13.0,23.0
2026-02-01,14,0.44,7.0,14.0,0.37,10.0,17.0,0.25,12.0,23.0
2026-02-01,15,0.42,12.0,14.0,0.34,11.0,17.0,0.23,14.0,22.0
2026-02-01,16,0.4,10.0,14.0,0.3,11.0,17.0,0.21,12.0,21.0
2026-02-01,17,0.4,7.0,14.0,0.27,13.0,18.0,0.2,15.0,20.0
2026-02-01,18,0.4,9.0,15.0,0.25,15.0,18.0,0.19,15.0,19.0
2026-02-01,19,0.4,14.0,15.0,0.26,13.0,18.0,0.19,17.0,19.0
2026-02-01,20,0.41,9.0,15.0,0.27,15.0,17.0,0.19,18.0,18.0
2026-02-01,21,0.42,8.0,15.0,0.29,16.0,18.0,0.2,20.0,18.0
2026-02-01,22,0.42,9.0,15.0,0.32,15.0,18.0,0.22,20.0,18.0
2026-02-01,23,0.43,12.0,15.0,0.33,14.0,18.0,0.24,21.0,18.0
2026-02-01,24,0.43,17.0,15.0,0.35,14.0,18.0,0.24,16.0,18.0
2026-02-02,1,0.44,19.0,15.0,0.35,15.0,18.0,0.24,16.0,18.0
2026-02-02,2,0.43,17.0,14.0,0.35,14.0,18.0,0.23,18.0,18.0
2026-02-02,3,0.43,14.0,14.0,0.35,13.0,18.0,0.23,17.0,17.0
2026-02-02,4,0.41,8.0,14.0,0.35,13.0,17.0,0.22,17.0,17.0
2026-02-02,5,0.39,8.0,13.0,0.32,8.0,17.0,0.21,16.0,17.0
2026-02-02,6,0.38,8.0,12.0,0.29,6.0,16.0,0.2,19.0,16.0
2026-02-02,7,0.37,9.0,12.0,0.27,13.0,16.0,0.19,21.0,16.0
2026-02-02,8,0.37,9.0,12.0,0.26,11.0,15.0,0.2,21.0,16.0
2026-02-02,9,0.37,8.0,12.0,0.26,9.0,15.0,0.22,21.0,16.0
2026-02-02,10,0.38,6.0,13.0,0.26,10.0,15.0,0.23,23.0,16.0
2026-02-02,11,0.39,8.0,13.0,0.26,12.0,15.0,0.25,24.0,17.0
2026-02-02,12,0.41,10.0,13.0,0.25,15.0,16.0,0.27,26.0,19.0
2026-02-02,13,0.43,12.0,13.0,0.27,15.0,16.0,0.29,30.0,20.0
2026-02-02,14,0.44,10.0,13.0,0.28,9.0,16.0,0.29,29.0,21.0
2026-02-02,15,0.45,11.0,13.0,0.29,11.0,17.0,0.29,32.0,23.0
2026-02-02,16,0.46,12.0,13.0,0.29,10.0,17.0,0.28,27.0,25.0
2026-02-02,17,0.45,13.0,13.0,0.29,12.0,17.0,0.28,30.0,27.0
2026-02-02,18,0.46,14.0,12.0,0.3,11.0,17.0,0.28,29.0,29.0
2026-02-02,19,0.46,14.0,13.0,0.3,15.0,18.0,0.29,34.0,30.0
2026-02-02,20,0.48,17.0,13.0,0.32,21.0,19.0,0.29,35.0,31.0
2026-02-02,21,0.51,23.0,14.0,0.35,29.0,19.0,0.27,31.0,32.0
2026-02-02,22,0.53,23.0,15.0,0.39,34.0,19.0,0.27,34.0,33.0
2026-02-02,23,0.54,18.0,15.0,0.41,35.0,20.0,0.27,30.0,33.0
2026-02-02,24,0.54,13.0,16.0,0.42,31.0,20.0,0.26,25.0,33.0
2026-02-03,1,0.55,12.0,16.0,0.42,22.0,21.0,0.25,23.0,33.0
2026-02-03,2,0.54,9.0,16.0,0.42,34.0,21.0,0.23,21.0,34.0
2026-02-03,3,0.53,7.0,16.0,0.42,33.0,22.0,0.21,19.0,35.0
2026-02-03,4,0.5,7.0,16.0,0.41,10.0,23.0,0.19,27.0,35.0
2026-02-03,5,0.46,7.0,17.0,0.36,9.0,23.0,0.19,32.0,35.0
2026-02-03,6,0.44,9.0,17.0,0.32,13.0,23.0,0.2,34.0,36.0
2026-02-03,7,0.43,12.0,17.0,0.3,18.0,23.0,0.21,31.0,36.0
2026-02-03,8,0.44,14.0,18.0,0.31,24.0,23.0,0.24,31.0,37.0
2026-02-03,9,0.47,18.0,20.0,0.36,33.0,24.0,0.28,34.0,38.0
2026-02-03,10,0.5,20.0,21.0,0.42,34.0,25.0,0.29,28.0,39.0
2026-02-03,11,0.52,20.0,22.0,0.49,45.0,26.0,0.3,21.0,41.0
2026-02-03,12,0.51,,23.0,0.56,44.0,28.0,0.31,25.0,42.0
2026-02-03,13,0.51,18.0,25.0,0.6,52.0,29.0,0.34,41.0,43.0
2026-02-03,14,0.51,20.0,26.0,0.63,63.0,31.0,0.34,36.0,46.0
2026-02-03,15,0.5,22.0,27.0,0.65,25.0,34.0,0.35,37.0,48.0
2026-02-03,16,0.47,20.0,29.0,0.7,38.0,36.0,0.33,27.0,51.0
2026-02-03,17,0.43,15.0,29.0,0.73,35.0,38.0,0.31,26.0,51.0
2026-02-03,18,0.43,16.0,30.0,0.73,32.0,38.0,0.32,30.0,49.0
2026-02-03,19,0.48,22.0,31.0,0.75,36.0,38.0,0.34,29.0,49.0
2026-02-03,20,0.52,24.0,32.0,0.76,43.0,38.0,0.36,32.0,50.0
2026-02-03,21,0.58,30.0,33.0,0.83,47.0,39.0,0.37,34.0,51.0
2026-02-03,22,0.63,29.0,34.0,0.91,44.0,41.0,0.4,37.0,53.0
2026-02-03,23,0.69,26.0,36.0,1.03,45.0,43.0,0.44,43.0,56.0
2026-02-03,24,0.71,23.0,37.0,1.09,40.0,45.0,0.5,44.0,59.0
2026-02-04,1,0.73,24.0,38.0,1.1,42.0,47.0,0.54,41.0,62.0
2026-02-04,2,0.71,19.0,39.0,1.1,34.0,48.0,0.53,29.0,64.0
2026-02-04,3,0.63,10.0,40.0,1.02,18.0,49.0,0.51,16.0,65.0
2026-02-04,4,0.57,9.0,41.0,0.93,14.0,50.0,0.48,13.0,66.0
2026-02-04,5,0.48,10.0,41.0,0.83,12.0,51.0,0.44,13.0,66.0
2026-02-04,6,0.42,10.0,41.0,0.72,17.0,51.0,0.4,19.0,67.0
2026-02-04,7,0.34,12.0,41.0,0.63,26.0,52.0,0.36,23.0,66.0
2026-02-04,8,0.35,15.0,41.0,0.58,36.0,52.0,0.34,26.0,66.0
2026-02-04,9,0.36,16.0,40.0,0.61,42.0,52.0,0.32,28.0,66.0
2026-02-04,10,0.37,17.0,40.0,0.7,42.0,53.0,0.32,28.0,66.0
2026-02-04,11,0.4,13.0,40.0,0.78,38.0,53.0,0.34,26.0,65.0
2026-02-04,12,0.42,9.0,39.0,0.83,29.0,53.0,0.35,,64.0
2026-02-04,13,0.43,8.0,39.0,0.88,20.0,53.0,0.38,,63.0
2026-02-04,14,0.44,9.0,39.0,0.93,26.0,52.0,0.38,14.0,61.0
2026-02-04,15,0.44,10.0,38.0,0.98,32.0,51.0,0.35,13.0,58.0
2026-02-04,16,0.41,17.0,37.0,1.0,33.0,50.0,0.32,20.0,55.0
2026-02-04,17,0.41,22.0,37.0,0.98,32.0,49.0,0.32,29.0,55.0
2026-02-04,18,0.41,25.0,36.0,0.89,30.0,49.0,0.32,25.0,56.0
2026-02-04,19,0.42,26.0,37.0,0.93,40.0,49.0,0.33,25.0,56.0
2026-02-04,20,0.44,23.0,36.0,0.98,33.0,50.0,0.36,28.0,57.0
2026-02-04,21,0.49,27.0,35.0,1.02,36.0,50.0,0.38,32.0,56.0
2026-02-04,22,0.51,21.0,33.0,1.01,24.0,49.0,0.41,30.0,55.0
2026-02-04,23,0.51,8.0,32.0,0.94,20.0,46.0,0.42,25.0,53.0
2026-02-04,24,0.49,6.0,30.0,0.86,15.0,44.0,0.41,20.0,50.0
2026-02-05,1,0.46,5.0,29.0,0.75,11.0,42.0,0.37,15.0,47.0
2026-02-05,2,0.42,5.0,28.0,0.69,13.0,41.0,0.35,15.0,45.0
2026-02-05,3,0.38,7.0,27.0,0.56,10.0,39.0,0.32,16.0,43.0
2026-02-05,4,0.34,10.0,26.0,0.47,15.0,38.0,0.29,15.0,42.0
2026-02-05,5,0.3,11.0,26.0,0.38,23.0,37.0,0.25,19.0,41.0
2026-02-05,6,0.27,7.0,26.0,0.36,22.0,37.0,0.24,24.0,41.0
2026-02-05,7,0.29,7.0,26.0,0.4,25.0,37.0,0.25,23.0,41.0
2026-02-05,8,0.31,7.0,26.0,0.47,30.0,37.0,0.27,23.0,41.0
2026-02-05,9,0.32,6.0,26.0,0.52,28.0,37.0,0.28,19.0,41.0
2026-02-05,10,0.34,6.0,25.0,0.61,32.0,36.0,0.29,19.0,40.0
2026-02-05,11,0.36,11.0,24.0,0.67,31.0,35.0,0.3,22.0,38.0
2026-02-05,12,0.41,14.0,24.0,0.74,34.0,34.0,0.32,28.0,37.0
2026-02-05,13,0.45,10.0,24.0,0.89,41.0,33.0,0.34,27.0,35.0
2026-02-05,14,0.45,8.0,23.0,0.95,28.0,33.0,0.34,25.0,34.0
2026-02-05,15,0.43,7.0,23.0,0.99,34.0,32.0,0.32,19.0,33.0
2026-02-05,16,0.42,9.0,22.0,1.02,35.0,31.0,0.3,18.0,32.0
2026-02-05,17,0.42,9.0,21.0,1.06,35.0,31.0,0.3,19.0,31.0
2026-02-05,18,0.43,12.0,22.0,1.07,38.0,31.0,0.3,23.0,29.0
2026-02-05,19,0.43,14.0,21.0,1.11,42.0,31.0,0.3,26.0,28.0
2026-02-05,20,0.39,12.0,20.0,1.11,35.0,30.0,0.28,17.0,27.0
2026-02-05,21,0.38,15.0,20.0,1.03,36.0,29.0,0.25,17.0,26.0
2026-02-05,22,0.39,15.0,20.0,1.05,35.0,29.0,0.25,20.0,24.0
2026-02-05,23,0.41,15.0,20.0,1.03,34.0,29.0,0.26,23.0,23.0
2026-02-05,24,0.41,11.0,20.0,0.98,31.0,30.0,0.27,23.0,24.0
2026-02-06,1,0.4,10.0,20.0,0.95,29.0,30.0,0.29,23.0,24.0
2026-02-06,2,0.38,7.0,20.0,0.87,20.0,30.0,0.27,17.0,25.0
2026-02-06,3,0.35,4.0,20.0,0.77,14.0,31.0,0.25,12.0,25.0
2026-02-06,4,0.33,3.0,21.0,0.69,10.0,31.0,0.23,11.0,25.0
2026-02-06,5,0.29,6.0,21.0,0.61,12.0,32.0,0.22,10.0,25.0
2026-02-06,6,0.25,7.0,21.0,0.5,13.0,32.0,0.2,11.0,25.0
2026-02-06,7,0.21,9.0,20.0,0.42,16.0,32.0,0.17,15.0,24.0
2026-02-06,8,0.19,10.0,20.0,0.39,24.0,31.0,0.14,17.0,24.0
2026-02-06,9,0.18,10.0,20.0,0.38,26.0,31.0,0.12,19.0,24.0
2026-02-06,10,0.19,11.0,20.0,0.41,32.0,31.0,0.13,17.0,24.0
2026-02-06,11,0.2,12.0,19.0,0.49,38.0,30.0,0.13,14.0,23.0
2026-02-06,12,0.22,11.0,18.0,0.56,33.0,30.0,0.14,11.0,23.0
2026-02-06,13,0.23,10.0,18.0,0.61,34.0,30.0,0.15,10.0,22.0
2026-02-06,14,0.24,11.0,18.0,0.67,,29.0,0.16,9.0,22.0
2026-02-06,15,0.24,10.0,18.0,0.71,,29.0,0.16,9.0,22.0
2026-02-06,16,0.24,9.0,18.0,0.7,25.0,29.0,0.16,19.0,22.0
2026-02-06,17,0.24,11.0,18.0,0.67,26.0,29.0,0.17,30.0,22.0
2026-02-06,18,0.24,12.0,18.0,0.63,18.0,28.0,0.18,25.0,22.0
2026-02-06,19,0.24,10.0,18.0,0.56,18.0,28.0,0.18,22.0,22.0
2026-02-06,20,0.25,10.0,17.0,0.49,17.0,27.0,0.19,21.0,22.0
2026-02-06,21,0.26,12.0,17.0,0.44,18.0,26.0,0.19,21.0,22.0
2026-02-06,22,0.28,15.0,17.0,0.42,19.0,26.0,0.19,20.0,22.0
2026-02-06,23,0.29,15.0,17.0,0.37,18.0,26.0,0.2,24.0,22.0
2026-02-06,24,0.31,13.0,17.0,0.33,19.0,25.0,0.2,22.0,21.0
2026-02-07,1,0.33,14.0,17.0,0.3,12.0,24.0,0.2,24.0,20.0
2026-02-07,2,0.33,13.0,17.0,0.27,10.0,24.0,0.2,27.0,20.0
2026-02-07,3,0.34,12.0,16.0,0.25,12.0,24.0,0.2,26.0,20.0
2026-02-07,4,0.34,13.0,16.0,0.24,11.0,23.0,0.2,22.0,19.0
2026-02-07,5,0.33,13.0,16.0,0.22,10.0,22.0,0.21,24.0,19.0
2026-02-07,6,0.32,15.0,16.0,0.21,14.0,22.0,0.23,28.0,19.0
2026-02-07,7,0.32,16.0,16.0,0.21,19.0,21.0,0.25,31.0,18.0
2026-02-07,8,0.31,16.0,16.0,0.21,14.0,21.0,0.25,28.0,18.0
2026-02-07,9,0.31,15.0,16.0,0.23,19.0,21.0,0.26,28.0,18.0
2026-02-07,10,0.31,17.0,17.0,0.25,21.0,20.0,0.27,28.0,18.0
2026-02-07,11,0.31,14.0,17.0,0.27,24.0,20.0,0.28,26.0,19.0
2026-02-07,12,0.31,11.0,17.0,0.3,22.0,20.0,0.28,22.0,20.0
2026-02-07,13,0.31,10.0,17.0,0.32,22.0,20.0,0.27,15.0,22.0
2026-02-07,14,0.3,9.0,17.0,0.36,26.0,20.0,0.26,13.0,23.0
2026-02-07,15,0.28,9.0,18.0,0.38,22.0,20.0,0.23,12.0,24.0
2026-02-07,16,0.27,7.0,18.0,0.4,23.0,20.0,0.22,10.0,25.0
2026-02-07,17,0.26,9.0,18.0,0.43,26.0,20.0,0.2,13.0,25.0
2026-02-07,18,0.24,9.0,18.0,0.44,25.0,21.0,0.19,23.0,26.0
2026-02-07,19,0.23,10.0,18.0,0.43,25.0,21.0,0.19,22.0,26.0
2026-02-07,20,0.25,16.0,19.0,0.42,25.0,21.0,0.2,26.0,26.0
2026-02-07,21,0.27,22.0,20.0,0.41,25.0,21.0,0.24,38.0,26.0
2026-02-07,22,0.32,26.0,20.0,0.47,36.0,22.0,0.29,36.0,27.0
2026-02-07,23,0.34,13.0,21.0,0.48,23.0,23.0,0.32,26.0,29.0
2026-02-07,24,0.36,7.0,21.0,0.49,19.0,23.0,0.35,23.0,30.0
2026-02-08,1,0.36,7.0,21.0,0.47,14.0,24.0,0.36,17.0,31.0
2026-02-08,2,0.37,9.0,21.0,0.46,17.0,24.0,0.36,14.0,31.0
2026-02-08,3,0.37,12.0,21.0,0.47,18.0,25.0,0.35,14.0,31.0
2026-02-08,4,0.35,17.0,21.0,0.45,11.0,25.0,0.33,12.0,32.0
2026-02-08,5,0.32,7.0,21.0,0.42,11.0,25.0,0.29,13.0,32.0
2026-02-08,6,0.27,7.0,21.0,0.33,18.0,25.0,0.24,17.0,32.0
2026-02-08,7,0.25,9.0,20.0,0.29,27.0,26.0,0.22,21.0,32.0
2026-02-08,8,0.24,7.0,20.0,0.26,16.0,26.0,0.2,21.0,32.0
2026-02-08,9,0.23,6.0,19.0,0.24,12.0,26.0,0.19,23.0,33.0
2026-02-08,10,0.22,5.0,19.0,0.21,5.0,26.0,0.18,28.0,32.0
2026-02-08,11,0.22,7.0,18.0,0.19,6.0,25.0,0.18,31.0,31.0
2026-02-08,12,0.22,5.0,18.0,0.19,8.0,24.0,0.19,29.0,30.0
2026-02-08,13,0.22,6.0,18.0,0.19,6.0,24.0,0.19,20.0,29.0
2026-02-08,14,0.23,6.0,18.0,0.19,18.0,24.0,0.18,15.0,28.0
2026-02-08,15,0.23,10.0,17.0,0.19,16.0,23.0,0.18,18.0,28.0
2026-02-08,16,0.23,13.0,17.0,0.2,12.0,23.0,0.18,19.0,28.0
2026-02-08,17,0.23,7.0,17.0,0.22,16.0,23.0,0.19,20.0,28.0
2026-02-08,18,0.24,7.0,16.0,0.24,12.0,23.0,0.19,21.0,28.0
2026-02-08,19,0.24,6.0,16.0,0.26,11.0,23.0,0.19,20.0,28.0
2026-02-08,20,0.24,7.0,16.0,0.27,14.0,23.0,0.19,20.0,29.0
2026-02-08,21,0.25,9.0,15.0,0.29,18.0,22.0,0.2,29.0,30.0
2026-02-08,22,0.25,7.0,14.0,0.31,13.0,22.0,0.21,22.0,30.0
2026-02-08,23,0.26,11.0,13.0,0.33,21.0,21.0,0.21,19.0,30.0
2026-02-08,24,0.26,6.0,13.0,0.34,12.0,20.0,0.21,16.0,30.0
2026-02-09,1,0.25,6.0,13.0,0.32,12.0,20.0,0.2,13.0,30.0
2026-02-09,2,0.25,4.0,13.0,0.32,9.0,19.0,0.19,13.0,30.0
2026-02-09,3,0.24,4.0,13.0,0.31,8.0,19.0,0.19,15.0,30.0
2026-02-09,4,0.23,9.0,12.0,0.29,11.0,18.0,0.18,14.0,30.0
2026-02-09,5,0.22,12.0,12.0,0.27,13.0,18.0,0.17,13.0,30.0
2026-02-09,6,0.22,7.0,12.0,0.25,15.0,18.0,0.17,19.0,30.0
2026-02-09,7,0.21,10.0,13.0,0.22,15.0,18.0,0.17,21.0,30.0
2026-02-09,8,0.22,11.0,13.0,0.21,12.0,18.0,0.19,27.0,30.0
2026-02-09,9,0.23,9.0,13.0,0.21,11.0,18.0,0.2,27.0,31.0
2026-02-09,10,0.25,10.0,14.0,0.21,11.0,18.0,0.22,28.0,32.0
2026-02-09,11,0.27,16.0,14.0,0.22,14.0,19.0,0.24,28.0,34.0
2026-02-09,12,0.3,19.0,15.0,0.23,16.0,19.0,0.26,30.0,34.0
2026-02-09,13,0.32,17.0,15.0,0.24,12.0,20.0,0.29,32.0,36.0
2026-02-09,14,0.34,19.0,15.0,0.26,12.0,20.0,0.3,,38.0
2026-02-09,15,0.34,15.0,16.0,0.27,13.0,20.0,0.31,36.0,38.0
2026-02-09,16,0.35,16.0,17.0,0.27,13.0,21.0,,34.0,40.0
2026-02-09,17,0.36,18.0,17.0,0.28,17.0,21.0,,40.0,45.0
2026-02-09,18,0.37,19.0,18.0,0.29,19.0,22.0,,37.0,47.0
2026-02-09,19,0.37,18.0,19.0,0.32,32.0,22.0,,33.0,48.0
2026-02-09,20,0.38,19.0,21.0,0.37,32.0,23.0,,23.0,48.0
2026-02-09,21,0.39,17.0,22.0,0.42,29.0,24.0,,23.0,50.0
2026-02-09,22,0.39,14.0,24.0,0.45,24.0,25.0,,21.0,51.0
2026-02-09,23,0.39,11.0,24.0,0.48,21.0,26.0,0.24,18.0,51.0
2026-02-09,24,0.4,14.0,26.0,0.51,19.0,27.0,0.24,18.0,51.0
2026-02-10,1,0.39,12.0,26.0,0.53,24.0,28.0,0.25,20.0,52.0
2026-02-10,2,0.38,11.0,26.0,0.54,17.0,29.0,0.27,17.0,53.0
2026-02-10,3,0.36,8.0,27.0,0.52,14.0,29.0,0.25,15.0,54.0
2026-02-10,4,0.34,8.0,27.0,0.47,15.0,29.0,0.24,13.0,54.0
2026-02-10,5,0.31,8.0,27.0,0.41,15.0,29.0,0.23,13.0,54.0
2026-02-10,6,0.29,10.0,28.0,0.39,19.0,29.0,0.22,18.0,54.0
2026-02-10,7,0.3,14.0,28.0,0.4,30.0,29.0,0.22,26.0,54.0
2026-02-10,8,0.29,15.0,28.0,0.45,33.0,30.0,0.23,26.0,54.0
2026-02-10,9,0.31,13.0,28.0,0.49,31.0,30.0,0.22,23.0,54.0
2026-02-10,10,0.33,13.0,29.0,0.55,36.0,31.0,0.24,27.0,53.0
2026-02-10,11,0.34,13.0,29.0,0.59,31.0,31.0,0.26,33.0,53.0
2026-02-10,12,0.37,,29.0,0.6,23.0,32.0,0.28,37.0,54.0
2026-02-10,13,0.4,18.0,30.0,0.61,17.0,33.0,0.3,39.0,54.0
2026-02-10,14,0.42,15.0,30.0,0.61,14.0,33.0,0.32,45.0,54.0
2026-02-10,15,0.42,12.0,29.0,0.57,15.0,33.0,0.31,37.0,56.0
2026-02-10,16,0.42,13.0,29.0,0.5,11.0,33.0,0.31,36.0,54.0
2026-02-10,17,0.42,16.0,29.0,0.43,10.0,33.0,0.32,32.0,51.0
2026-02-10,18,0.4,15.0,29.0,0.35,11.0,32.0,0.32,32.0,50.0
2026-02-10,19,0.4,16.0,28.0,0.31,13.0,32.0,0.32,32.0,50.0
2026-02-10,20,0.4,21.0,27.0,0.3,22.0,32.0,0.33,35.0,49.0
2026-02-10,21,0.41,20.0,26.0,0.3,18.0,31.0,0.33,38.0,47.0
2026-02-10,22,0.44,19.0,25.0,0.31,21.0,29.0,0.34,40.0,46.0
2026-02-10,23,0.47,19.0,25.0,0.32,20.0,29.0,0.37,39.0,46.0
2026-02-10,24,0.48,17.0,24.0,0.33,21.0,28.0,0.39,33.0,45.0
2026-02-11,1,0.48,12.0,24.0,0.34,15.0,28.0,0.39,27.0,45.0
2026-02-11,2,0.47,9.0,24.0,0.36,14.0,28.0,0.39,23.0,44.0
2026-02-11,3,0.47,7.0,24.0,0.35,9.0,28.0,0.38,23.0,44.0
2026-02-11,4,0.44,6.0,24.0,0.34,11.0,28.0,0.36,15.0,45.0
2026-02-11,5,0.41,7.0,24.0,0.33,13.0,29.0,0.33,15.0,46.0
2026-02-11,6,0.37,7.0,24.0,0.32,14.0,29.0,0.31,19.0,47.0
2026-02-11,7,0.33,10.0,25.0,0.31,18.0,29.0,0.28,20.0,47.0
2026-02-11,8,0.31,11.0,26.0,0.31,24.0,29.0,0.25,16.0,48.0
2026-02-11,9,0.3,11.0,28.0,0.35,27.0,31.0,0.23,11.0,50.0
2026-02-11,10,0.29,10.0,27.0,0.39,28.0,33.0,0.2,10.0,54.0
2026-02-11,11,0.28,11.0,28.0,0.44,28.0,33.0,0.19,10.0,56.0
2026-02-11,12,0.28,12.0,29.0,0.51,32.0,33.0,0.18,10.0,55.0
2026-02-11,13,0.28,12.0,29.0,0.56,29.0,34.0,0.17,10.0,55.0
2026-02-11,14,0.29,16.0,29.0,0.61,33.0,36.0,0.16,11.0,55.0
2026-02-11,15,0.29,16.0,30.0,0.64,34.0,37.0,0.16,15.0,55.0
2026-02-11,16,0.29,18.0,32.0,0.64,30.0,38.0,0.17,27.0,56.0
2026-02-11,17,0.3,16.0,32.0,0.6,31.0,40.0,0.18,33.0,60.0
2026-02-11,18,0.32,18.0,33.0,0.55,40.0,41.0,0.21,36.0,62.0
2026-02-11,19,0.33,19.0,34.0,0.51,34.0,43.0,0.24,32.0,63.0
2026-02-11,20,0.35,21.0,36.0,0.45,33.0,44.0,0.25,27.0,64.0
2026-02-11,21,0.38,25.0,37.0,0.41,31.0,45.0,0.25,30.0,65.0
2026-02-11,22,0.39,20.0,37.0,0.42,29.0,47.0,0.25,21.0,66.0
2026-02-11,23,0.39,12.0,38.0,0.43,29.0,48.0,0.26,17.0,68.0
2026-02-11,24,0.38,11.0,39.0,0.48,25.0,50.0,0.26,16.0,70.0
2026-02-12,1,0.37,11.0,40.0,0.53,23.0,52.0,0.25,18.0,73.0
2026-02-12,2,0.36,9.0,41.0,0.53,18.0,53.0,0.23,17.0,74.0
2026-02-12,3,0.34,10.0,41.0,0.52,14.0,53.0,0.22,22.0,74.0
2026-02-12,4,0.33,12.0,41.0,0.51,13.0,53.0,0.21,20.0,74.0
2026-02-12,5,0.3,7.0,41.0,0.48,10.0,53.0,0.2,18.0,73.0
2026-02-12,6,0.27,6.0,40.0,0.42,10.0,53.0,0.19,18.0,72.0
2026-02-12,7,0.27,8.0,40.0,0.36,16.0,53.0,0.18,21.0,72.0
2026-02-12,8,0.27,9.0,38.0,0.32,21.0,53.0,0.18,26.0,71.0
2026-02-12,9,0.26,9.0,36.0,0.28,18.0,51.0,0.18,26.0,70.0
2026-02-12,10,0.27,10.0,35.0,0.29,24.0,49.0,0.17,22.0,66.0
2026-02-12,11,0.27,12.0,34.0,0.33,20.0,48.0,0.17,19.0,64.0
2026-02-12,12,0.27,14.0,32.0,0.36,18.0,50.0,0.15,,64.0
2026-02-12,13,0.28,15.0,31.0,0.39,19.0,51.0,0.16,,64.0
2026-02-12,14,0.3,13.0,30.0,0.44,18.0,49.0,0.17,17.0,64.0
2026-02-12,15,0.31,13.0,29.0,0.47,19.0,55.0,0.19,25.0,63.0
2026-02-12,16,0.32,15.0,27.0,0.49,21.0,54.0,0.2,29.0,62.0
2026-02-12,17,0.34,16.0,26.0,0.51,28.0,51.0,0.22,31.0,58.0
2026-02-12,18,0.36,19.0,25.0,0.53,30.0,49.0,0.23,28.0,54.0
2026-02-12,19,0.38,25.0,25.0,0.55,31.0,47.0,0.25,28.0,52.0
2026-02-12,20,0.4,27.0,26.0,0.57,33.0,46.0,0.27,28.0,50.0
2026-02-12,21,0.42,24.0,24.0,0.58,32.0,45.0,0.28,26.0,48.0
2026-02-12,22,0.45,22.0,23.0,0.55,34.0,43.0,0.3,23.0,45.0
2026-02-12,23,0.47,18.0,22.0,0.56,33.0,42.0,0.31,24.0,42.0
2026-02-12,24,0.5,17.0,21.0,0.61,35.0,40.0,0.33,33.0,38.0
2026-02-13,1,0.51,18.0,21.0,0.64,34.0,38.0,0.36,32.0,35.0
2026-02-13,2,0.5,17.0,21.0,0.64,26.0,38.0,0.36,18.0,35.0
2026-02-13,3,0.46,7.0,21.0,0.59,16.0,38.0,0.34,12.0,35.0
2026-02-13,4,0.42,4.0,22.0,0.54,14.0,39.0,0.32,9.0,36.0
2026-02-13,5,0.38,4.0,23.0,0.51,11.0,40.0,0.3,8.0,37.0
2026-02-13,6,0.33,5.0,23.0,0.49,16.0,40.0,0.28,9.0,37.0
2026-02-13,7,0.29,8.0,24.0,0.47,19.0,41.0,0.26,12.0,36.0
2026-02-13,8,0.25,9.0,24.0,0.43,22.0,41.0,0.23,14.0,36.0
2026-02-13,9,0.23,10.0,25.0,0.42,27.0,42.0,0.19,16.0,35.0
2026-02-13,10,0.23,10.0,26.0,0.48,25.0,43.0,0.19,15.0,35.0
2026-02-13,11,0.24,9.0,27.0,0.51,19.0,44.0,0.2,16.0,36.0
2026-02-13,12,0.25,8.0,27.0,0.54,20.0,41.0,0.22,20.0,36.0
2026-02-13,13,0.26,9.0,28.0,0.57,16.0,40.0,0.23,21.0,37.0
2026-02-13,14,0.27,9.0,29.0,0.58,17.0,41.0,0.24,22.0,38.0
2026-02-13,15,0.28,8.0,29.0,0.59,15.0,34.0,0.25,20.0,39.0
2026-02-13,16,0.27,7.0,29.0,0.56,13.0,34.0,0.24,19.0,40.0
2026-02-13,17,0.26,8.0,29.0,0.52,18.0,35.0,0.25,21.0,39.0
2026-02-13,18,0.26,8.0,29.0,0.44,15.0,36.0,0.26,21.0,39.0
2026-02-13,19,0.27,8.0,28.0,0.43,17.0,36.0,0.27,19.0,41.0
2026-02-13,20,0.27,8.0,26.0,0.42,13.0,37.0,0.27,20.0,42.0
2026-02-13,21,0.28,9.0,26.0,0.42,15.0,37.0,0.27,20.0,43.0
2026-02-13,22,0.29,8.0,26.0,0.41,13.0,37.0,0.27,18.0,44.0
2026-02-13,23,0.29,7.0,25.0,0.4,13.0,37.0,0.27,18.0,45.0
2026-02-13,24,0.29,7.0,25.0,0.39,11.0,37.0,0.27,17.0,45.0
2026-02-14,1,0.29,6.0,25.0,0.38,11.0,36.0,0.25,14.0,45.0
2026-02-14,2,0.28,6.0,24.0,0.35,7.0,35.0,0.23,12.0,45.0
2026-02-14,3,0.27,5.0,23.0,0.32,6.0,34.0,0.2,12.0,45.0
2026-02-14,4,0.25,4.0,22.0,0.29,6.0,34.0,0.18,10.0,44.0
2026-02-14,5,0.23,4.0,22.0,0.26,7.0,33.0,0.16,9.0,43.0
2026-02-14,6,0.22,5.0,21.0,0.24,8.0,32.0,0.15,10.0,43.0
2026-02-14,7,0.21,5.0,21.0,0.22,9.0,32.0,0.13,13.0,43.0
2026-02-14,8,0.21,8.0,21.0,0.21,10.0,31.0,0.13,14.0,43.0
2026-02-14,9,0.2,8.0,20.0,0.2,10.0,30.0,0.12,15.0,43.0
2026-02-14,10,0.2,7.0,19.0,0.2,9.0,29.0,0.12,16.0,42.0
2026-02-14,11,0.21,6.0,18.0,0.22,11.0,27.0,0.13,19.0,43.0
2026-02-14,12,0.23,7.0,17.0,0.23,12.0,26.0,0.14,18.0,43.0
2026-02-14,13,0.24,7.0,17.0,0.26,14.0,26.0,0.15,19.0,43.0
2026-02-14,14,0.24,6.0,17.0,0.27,11.0,25.0,0.16,16.0,43.0
2026-02-14,15,0.25,6.0,16.0,0.28,9.0,25.0,0.17,16.0,43.0
2026-02-14,16,0.24,6.0,16.0,0.29,10.0,24.0,0.18,15.0,43.0
2026-02-14,17,0.24,5.0,16.0,0.29,10.0,24.0,0.19,16.0,44.0
2026-02-14,18,0.24,7.0,16.0,0.29,9.0,24.0,0.2,19.0,45.0
2026-02-14,19,0.24,8.0,16.0,0.29,11.0,23.0,0.21,18.0,44.0
2026-02-14,20,0.24,8.0,16.0,0.3,14.0,23.0,0.21,18.0,45.0
2026-02-14,21,0.26,10.0,16.0,0.31,17.0,23.0,0.22,18.0,44.0
2026-02-14,22,0.27,9.0,16.0,0.33,16.0,22.0,0.22,20.0,44.0
2026-02-14,23,0.29,8.0,17.0,0.35,16.0,22.0,0.24,17.0,44.0
2026-02-14,24,0.31,9.0,17.0,0.36,13.0,22.0,0.24,14.0,44.0
2026-02-15,1,0.32,8.0,17.0,0.36,14.0,23.0,0.25,14.0,44.0
2026-02-15,2,0.33,7.0,17.0,0.35,12.0,22.0,0.26,14.0,42.0
2026-02-15,3,0.33,6.0,16.0,0.34,9.0,22.0,0.26,14.0,42.0
2026-02-15,4,0.32,5.0,16.0,0.32,6.0,22.0,0.26,11.0,42.0
2026-02-15,5,0.3,4.0,16.0,0.29,6.0,22.0,0.26,10.0,41.0
2026-02-15,6,0.28,5.0,16.0,0.26,6.0,22.0,0.25,10.0,42.0
2026-02-15,7,0.26,4.0,16.0,0.24,9.0,22.0,0.24,11.0,42.0
2026-02-15,8,0.25,5.0,15.0,0.21,9.0,21.0,0.24,11.0,42.0
2026-02-15,9,0.24,5.0,15.0,0.22,10.0,21.0,0.23,13.0,42.0
2026-02-15,10,0.23,5.0,15.0,0.23,12.0,21.0,0.22,13.0,41.0
2026-02-15,11,0.24,6.0,15.0,0.24,14.0,21.0,0.23,14.0,39.0
2026-02-15,12,0.26,5.0,15.0,0.27,11.0,20.0,0.24,17.0,37.0
2026-02-15,13,0.27,5.0,14.0,0.28,8.0,20.0,0.25,14.0,34.0
2026-02-15,14,0.28,4.0,14.0,0.29,7.0,19.0,0.25,12.0,32.0
2026-02-15,15,0.29,6.0,13.0,0.29,9.0,18.0,0.24,12.0,30.0
2026-02-15,16,0.3,7.0,13.0,0.32,15.0,18.0,0.24,11.0,28.0
2026-02-15,17,0.32,10.0,13.0,0.36,23.0,17.0,0.24,14.0,25.0
2026-02-15,18,0.35,13.0,13.0,0.38,26.0,16.0,0.25,22.0,22.0
2026-02-15,19,0.37,12.0,13.0,0.41,30.0,16.0,0.26,27.0,20.0
2026-02-15,20,0.38,13.0,13.0,0.45,31.0,16.0,0.27,30.0,18.0
2026-02-15,21,0.42,15.0,13.0,0.5,28.0,16.0,0.27,21.0,17.0
2026-02-15,22,0.46,15.0,12.0,0.58,30.0,16.0,0.29,18.0,16.0
2026-02-15,23,0.51,13.0,12.0,0.69,30.0,16.0,0.34,21.0,15.0
2026-02-15,24,0.57,12.0,13.0,0.8,30.0,16.0,0.41,22.0,15.0
2026-02-16,1,0.62,12.0,13.0,0.93,29.0,16.0,0.41,23.0,15.0
2026-02-16,2,0.67,11.0,14.0,1.1,28.0,17.0,0.43,21.0,16.0
2026-02-16,3,0.73,11.0,15.0,1.24,27.0,17.0,0.46,19.0,17.0
2026-02-16,4,0.77,9.0,15.0,1.34,25.0,18.0,0.48,19.0,17.0
2026-02-16,5,0.77,8.0,16.0,1.42,22.0,18.0,0.53,18.0,17.0
2026-02-16,6,0.78,8.0,16.0,1.46,24.0,18.0,0.57,18.0,18.0
2026-02-16,7,0.79,8.0,17.0,1.46,25.0,19.0,0.58,18.0,19.0
2026-02-16,8,0.77,10.0,18.0,1.4,27.0,19.0,0.55,20.0,20.0
2026-02-16,9,0.72,11.0,18.0,1.28,22.0,20.0,0.55,20.0,21.0
2026-02-16,10,0.66,8.0,18.0,1.1,18.0,20.0,0.53,21.0,21.0
2026-02-16,11,0.59,9.0,18.0,0.91,17.0,20.0,0.46,22.0,22.0
2026-02-16,12,0.54,8.0,18.0,0.76,13.0,20.0,0.41,17.0,22.0
2026-02-16,13,0.5,7.0,18.0,0.63,12.0,20.0,0.35,18.0,22.0
2026-02-16,14,0.44,6.0,18.0,0.52,11.0,20.0,0.29,18.0,23.0
2026-02-16,15,0.38,7.0,19.0,0.41,9.0,20.0,0.23,16.0,24.0
2026-02-16,16,0.33,7.0,19.0,0.33,8.0,21.0,0.19,13.0,24.0
2026-02-16,17,0.31,7.0,19.0,0.3,9.0,21.0,0.18,13.0,24.0
2026-02-16,18,0.29,6.0,18.0,0.29,10.0,20.0,0.17,16.0,24.0
2026-02-16,19,0.28,5.0,18.0,0.28,9.0,20.0,0.18,14.0,25.0
2026-02-16,20,0.27,5.0,18.0,0.28,10.0,20.0,0.18,16.0,24.0
2026-02-16,21,0.27,6.0,18.0,0.29,10.0,20.0,0.18,13.0,24.0
2026-02-16,22,0.28,6.0,18.0,0.3,12.0,19.0,0.18,13.0,24.0
2026-02-16,23,0.28,6.0,17.0,0.3,10.0,19.0,0.18,13.0,24.0
2026-02-16,24,0.28,5.0,16.0,0.31,9.0,18.0,0.18,11.0,23.0
2026-02-17,1,0.27,4.0,15.0,0.31,7.0,17.0,0.17,10.0,22.0
2026-02-17,2,0.27,3.0,14.0,0.31,7.0,17.0,0.17,11.0,21.0
2026-02-17,3,0.27,3.0,13.0,0.32,9.0,16.0,0.17,11.0,19.0
2026-02-17,4,0.27,3.0,12.0,0.31,9.0,15.0,0.16,10.0,18.0
2026-02-17,5,0.26,3.0,12.0,0.29,9.0,14.0,0.16,10.0,18.0
2026-02-17,6,0.24,4.0,11.0,0.27,10.0,14.0,0.16,11.0,16.0
2026-02-17,7,0.23,4.0,10.0,0.27,8.0,13.0,0.16,13.0,15.0
2026-02-17,8,0.22,4.0,9.0,0.26,10.0,12.0,0.16,16.0,13.0
2026-02-17,9,0.22,3.0,9.0,0.25,12.0,11.0,0.17,14.0,12.0
2026-02-17,10,0.22,4.0,8.0,0.25,9.0,11.0,0.17,14.0,12.0
2026-02-17,11,0.22,3.0,8.0,0.25,7.0,11.0,0.17,16.0,12.0
2026-02-17,12,0.22,3.0,8.0,0.24,7.0,11.0,0.17,11.0,12.0
2026-02-17,13,0.22,3.0,8.0,0.25,7.0,11.0,0.17,13.0,13.0
2026-02-17,14,0.22,3.0,8.0,0.26,7.0,11.0,0.18,14.0,13.0
2026-02-17,15,0.22,4.0,8.0,0.26,9.0,11.0,0.18,13.0,12.0
2026-02-17,16,0.22,6.0,8.0,0.27,14.0,11.0,0.18,14.0,12.0
2026-02-17,17,0.23,6.0,8.0,0.28,18.0,11.0,0.18,15.0,12.0
2026-02-17,18,0.25,7.0,8.0,0.3,15.0,12.0,0.19,15.0,13.0
2026-02-17,19,0.26,7.0,8.0,0.3,8.0,12.0,0.2,16.0,13.0
2026-02-17,20,0.27,10.0,8.0,0.32,11.0,12.0,0.2,16.0,13.0
2026-02-17,21,0.28,7.0,8.0,0.32,10.0,12.0,0.21,14.0,13.0
2026-02-17,22,0.28,4.0,8.0,0.33,10.0,13.0,0.2,11.0,13.0
2026-02-17,23,0.29,5.0,8.0,0.34,10.0,13.0,0.2,10.0,13.0
2026-02-17,24,0.29,6.0,8.0,0.34,9.0,13.0,0.19,14.0,14.0
2026-02-18,1,0.29,4.0,8.0,0.33,9.0,13.0,0.18,11.0,14.0
2026-02-18,2,0.26,3.0,9.0,0.31,8.0,13.0,0.17,9.0,14.0
2026-02-18,3,0.25,3.0,9.0,0.3,8.0,13.0,0.16,10.0,14.0
2026-02-18,4,0.25,4.0,9.0,0.3,9.0,13.0,0.16,10.0,14.0
2026-02-18,5,0.25,5.0,9.0,0.32,15.0,14.0,0.16,12.0,14.0
2026-02-18,6,0.25,5.0,10.0,0.34,15.0,14.0,0.16,13.0,14.0
2026-02-18,7,0.27,6.0,10.0,0.37,18.0,15.0,0.17,15.0,15.0
2026-02-18,8,0.28,6.0,10.0,0.4,17.0,15.0,0.18,16.0,15.0
2026-02-18,9,0.3,6.0,10.0,0.44,18.0,15.0,0.2,17.0,15.0
2026-02-18,10,0.31,5.0,11.0,0.48,17.0,16.0,0.22,14.0,16.0
2026-02-18,11,0.33,6.0,11.0,0.52,19.0,16.0,0.23,11.0,16.0
2026-02-18,12,0.34,7.0,11.0,0.55,19.0,16.0,0.22,11.0,16.0
2026-02-18,13,0.35,10.0,11.0,0.54,17.0,16.0,0.21,12.0,16.0
2026-02-18,14,0.36,13.0,11.0,0.57,22.0,16.0,0.21,13.0,16.0
2026-02-18,15,0.35,16.0,11.0,0.58,23.0,17.0,0.23,17.0,17.0
2026-02-18,16,0.35,23.0,12.0,0.59,27.0,18.0,0.24,17.0,17.0
2026-02-18,17,0.36,20.0,12.0,0.59,21.0,18.0,0.24,18.0,17.0
2026-02-18,18,0.36,16.0,13.0,0.59,19.0,18.0,0.26,19.0,18.0
2026-02-18,19,0.37,12.0,13.0,0.59,20.0,18.0,0.27,20.0,20.0
2026-02-18,20,0.38,13.0,13.0,0.57,14.0,18.0,0.28,18.0,20.0
2026-02-18,21,0.38,9.0,14.0,0.55,11.0,18.0,0.29,13.0,20.0
2026-02-18,22,0.37,7.0,14.0,0.5,11.0,18.0,0.29,11.0,20.0
2026-02-18,23,0.36,6.0,14.0,0.47,10.0,18.0,0.27,10.0,21.0
2026-02-18,24,0.34,5.0,14.0,0.43,10.0,18.0,0.24,8.0,20.0
2026-02-19,1,0.32,5.0,14.0,0.4,11.0,18.0,0.23,7.0,20.0
2026-02-19,2,0.32,4.0,14.0,0.4,14.0,17.0,0.22,8.0,20.0
2026-02-19,3,0.32,6.0,14.0,0.36,16.0,18.0,0.23,9.0,20.0
2026-02-19,4,0.31,6.0,14.0,0.35,13.0,18.0,0.23,8.0,20.0
2026-02-19,5,0.32,5.0,14.0,0.35,12.0,18.0,0.26,8.0,21.0
2026-02-19,6,0.32,5.0,14.0,0.37,15.0,18.0,0.26,8.0,21.0
2026-02-19,7,0.32,5.0,14.0,0.41,15.0,18.0,0.27,7.0,21.0
2026-02-19,8,0.33,5.0,14.0,0.48,19.0,18.0,0.28,8.0,21.0
2026-02-19,9,0.34,5.0,14.0,0.55,18.0,18.0,0.29,8.0,20.0
2026-02-19,10,0.35,5.0,14.0,0.63,19.0,18.0,0.27,7.0,20.0
2026-02-19,11,0.34,5.0,14.0,0.73,20.0,18.0,0.26,7.0,20.0
2026-02-19,12,0.34,5.0,15.0,0.82,20.0,19.0,0.26,7.0,20.0
2026-02-19,13,0.34,5.0,15.0,0.95,20.0,20.0,0.23,7.0,20.0
2026-02-19,14,0.35,6.0,16.0,1.01,22.0,20.0,0.22,6.0,20.0
2026-02-19,15,0.35,4.0,16.0,1.07,19.0,21.0,0.21,5.0,21.0
2026-02-19,16,0.35,3.0,16.0,1.04,14.0,21.0,0.19,5.0,21.0
2026-02-19,17,0.34,4.0,15.0,0.99,14.0,21.0,0.2,8.0,21.0
2026-02-19,18,0.34,6.0,15.0,0.92,15.0,22.0,0.22,10.0,21.0
2026-02-19,19,0.35,8.0,15.0,0.85,12.0,22.0,0.22,9.0,19.0
2026-02-19,20,0.34,6.0,15.0,0.77,11.0,22.0,0.22,8.0,18.0
2026-02-19,21,0.34,5.0,15.0,0.67,11.0,22.0,0.2,7.0,18.0
2026-02-19,22,0.34,5.0,15.0,0.59,10.0,22.0,0.2,7.0,17.0
2026-02-19,23,0.34,4.0,15.0,0.52,13.0,22.0,0.2,7.0,17.0
2026-02-19,24,0.33,4.0,15.0,0.51,14.0,22.0,0.2,5.0,18.0
2026-02-20,1,0.33,4.0,16.0,0.5,13.0,23.0,0.18,5.0,18.0
2026-02-20,2,0.31,5.0,16.0,0.49,14.0,23.0,0.15,6.0,19.0
2026-02-20,3,0.29,4.0,16.0,0.48,14.0,23.0,0.13,6.0,18.0
2026-02-20,4,0.27,5.0,17.0,0.45,11.0,24.0,0.12,5.0,19.0
2026-02-20,5,0.26,6.0,17.0,0.43,13.0,24.0,0.11,5.0,19.0
2026-02-20,6,0.24,7.0,17.0,0.43,18.0,25.0,0.1,6.0,19.0
2026-02-20,7,0.24,10.0,18.0,0.44,22.0,25.0,0.1,9.0,19.0
2026-02-20,8,0.26,11.0,19.0,0.48,23.0,26.0,0.12,10.0,20.0
2026-02-20,9,0.29,12.0,20.0,0.55,27.0,27.0,0.15,11.0,22.0
2026-02-20,10,0.32,13.0,21.0,0.58,23.0,29.0,0.17,11.0,22.0
2026-02-20,11,0.35,11.0,21.0,0.59,21.0,29.0,0.18,11.0,23.0
2026-02-20,12,0.37,11.0,22.0,0.64,20.0,29.0,0.19,12.0,24.0
2026-02-20,13,0.39,9.0,22.0,0.65,15.0,29.0,0.21,11.0,24.0
2026-02-20,14,0.4,10.0,22.0,0.64,12.0,29.0,0.23,10.0,25.0
2026-02-20,15,0.4,10.0,22.0,0.61,12.0,28.0,0.24,9.0,25.0
2026-02-20,16,0.39,10.0,22.0,0.54,18.0,28.0,0.24,12.0,25.0
2026-02-20,17,0.37,10.0,22.0,0.47,15.0,28.0,0.24,10.0,25.0
2026-02-20,18,0.35,10.0,22.0,0.44,18.0,28.0,0.24,14.0,26.0
2026-02-20,19,0.35,11.0,22.0,0.42,19.0,28.0,0.25,12.0,27.0
2026-02-20,20,0.34,12.0,23.0,0.41,19.0,29.0,0.26,14.0,28.0
2026-02-20,21,0.34,11.0,23.0,0.4,12.0,29.0,0.27,13.0,29.0
2026-02-20,22,0.35,10.0,23.0,0.4,14.0,29.0,0.26,12.0,30.0
2026-02-20,23,0.35,8.0,22.0,0.41,12.0,29.0,0.26,11.0,30.0
2026-02-20,24,0.35,6.0,22.0,0.4,11.0,29.0,0.25,10.0,30.0
2026-02-21,1,0.33,5.0,21.0,0.39,10.0,28.0,0.23,8.0,30.0
2026-02-21,2,0.32,5.0,21.0,0.36,11.0,28.0,0.21,9.0,30.0
2026-02-21,3,0.3,5.0,20.0,0.34,8.0,27.0,0.19,8.0,29.0
2026-02-21,4,0.28,6.0,20.0,0.3,8.0,27.0,0.17,8.0,29.0
2026-02-21,5,0.27,6.0,20.0,0.28,9.0,26.0,0.15,9.0,29.0
2026-02-21,6,0.25,7.0,19.0,0.27,13.0,26.0,0.14,12.0,28.0
2026-02-21,7,0.24,10.0,18.0,0.26,14.0,25.0,0.14,14.0,27.0
2026-02-21,8,0.25,9.0,18.0,0.25,15.0,23.0,0.14,14.0,26.0
2026-02-21,9,0.25,9.0,16.0,0.25,12.0,22.0,0.15,13.0,25.0
2026-02-21,10,0.26,7.0,16.0,0.26,14.0,20.0,0.15,12.0,24.0
2026-02-21,11,0.27,7.0,15.0,0.28,13.0,19.0,0.16,13.0,24.0
2026-02-21,12,0.28,7.0,14.0,0.31,16.0,19.0,0.17,11.0,24.0
2026-02-21,13,0.3,7.0,14.0,0.35,15.0,19.0,0.18,11.0,24.0
2026-02-21,14,0.31,7.0,13.0,0.36,12.0,18.0,0.18,11.0,23.0
2026-02-21,15,0.31,7.0,13.0,0.37,9.0,18.0,0.19,10.0,22.0
2026-02-21,16,0.31,10.0,13.0,0.37,9.0,18.0,0.19,10.0,22.0
2026-02-21,17,0.31,10.0,12.0,0.36,8.0,17.0,0.19,11.0,22.0
2026-02-21,18,0.3,10.0,12.0,0.35,9.0,17.0,0.19,11.0,22.0
2026-02-21,19,0.3,7.0,12.0,0.33,9.0,16.0,0.18,10.0,22.0
2026-02-21,20,0.3,6.0,13.0,0.32,9.0,16.0,0.18,9.0,22.0
2026-02-21,21,0.3,6.0,13.0,0.31,10.0,16.0,0.18,9.0,22.0
2026-02-21,22,0.3,6.0,12.0,0.3,8.0,16.0,0.18,9.0,21.0
2026-02-21,23,0.31,7.0,12.0,0.3,10.0,16.0,0.17,9.0,20.0
2026-02-21,24,0.32,6.0,12.0,0.31,9.0,16.0,0.17,8.0,20.0
2026-02-22,1,0.32,5.0,13.0,0.33,9.0,16.0,0.16,9.0,20.0
2026-02-22,2,0.33,5.0,13.0,0.33,7.0,16.0,0.15,8.0,20.0
2026-02-22,3,0.33,6.0,13.0,0.32,8.0,16.0,0.15,7.0,20.0
2026-02-22,4,0.32,5.0,13.0,0.31,8.0,16.0,0.14,7.0,21.0
2026-02-22,5,0.31,5.0,13.0,0.29,8.0,16.0,0.14,7.0,21.0
2026-02-22,6,0.3,5.0,13.0,0.27,9.0,17.0,0.13,6.0,21.0
2026-02-22,7,0.28,5.0,13.0,0.26,9.0,17.0,0.13,7.0,21.0
2026-02-22,8,0.27,7.0,13.0,0.25,8.0,17.0,0.13,8.0,21.0
2026-02-22,9,0.26,5.0,12.0,0.22,6.0,17.0,0.12,7.0,20.0
2026-02-22,10,0.25,4.0,12.0,0.21,6.0,16.0,0.12,7.0,20.0
2026-02-22,11,0.25,4.0,12.0,0.21,6.0,16.0,0.11,8.0,19.0
2026-02-22,12,0.25,4.0,12.0,0.23,10.0,16.0,0.11,8.0,18.0
2026-02-22,13,0.25,5.0,12.0,0.24,20.0,16.0,0.12,8.0,17.0
2026-02-22,14,0.26,4.0,11.0,0.25,9.0,16.0,0.14,10.0,17.0
2026-02-22,15,0.26,5.0,11.0,0.27,9.0,16.0,0.15,11.0,17.0
2026-02-22,16,0.26,6.0,11.0,0.27,9.0,15.0,0.16,10.0,16.0
2026-02-22,17,0.26,6.0,11.0,0.29,13.0,15.0,0.18,9.0,16.0
2026-02-22,18,0.27,7.0,11.0,0.31,8.0,15.0,0.19,10.0,15.0
2026-02-22,19,0.27,5.0,11.0,0.32,8.0,15.0,0.2,10.0,15.0
2026-02-22,20,0.28,5.0,10.0,0.32,9.0,15.0,0.21,9.0,15.0
2026-02-22,21,0.28,5.0,10.0,0.32,8.0,16.0,0.2,8.0,15.0
2026-02-22,22,0.28,4.0,10.0,0.33,9.0,16.0,0.2,8.0,16.0
2026-02-22,23,0.28,5.0,11.0,0.34,10.0,16.0,0.19,9.0,16.0
2026-02-22,24,0.29,5.0,11.0,0.35,9.0,16.0,0.18,8.0,16.0
2026-02-23,1,0.29,6.0,11.0,0.33,9.0,16.0,0.17,7.0,16.0
2026-02-23,2,0.29,4.0,11.0,0.31,8.0,16.0,0.16,6.0,16.0
2026-02-23,3,0.28,2.0,11.0,0.3,7.0,16.0,0.15,7.0,16.0
2026-02-23,4,0.27,2.0,11.0,0.28,8.0,16.0,0.14,6.0,16.0
2026-02-23,5,0.26,3.0,11.0,0.27,8.0,16.0,0.13,6.0,16.0
2026-02-23,6,0.25,3.0,11.0,0.25,11.0,16.0,0.13,9.0,16.0
2026-02-23,7,0.25,5.0,11.0,0.22,12.0,16.0,0.14,9.0,16.0
2026-02-23,8,0.26,6.0,11.0,0.23,17.0,16.0,0.14,10.0,16.0
2026-02-23,9,0.27,6.0,11.0,0.26,12.0,16.0,0.16,11.0,16.0
2026-02-23,10,0.28,5.0,11.0,0.28,12.0,16.0,0.17,10.0,17.0
2026-02-23,11,0.3,5.0,11.0,0.32,16.0,16.0,0.19,10.0,17.0
2026-02-23,12,0.32,7.0,12.0,0.36,16.0,16.0,0.2,9.0,18.0
2026-02-23,13,0.34,8.0,11.0,0.42,19.0,17.0,0.21,10.0,19.0
2026-02-23,14,0.36,7.0,12.0,0.47,16.0,17.0,0.21,9.0,19.0
2026-02-23,15,0.37,8.0,13.0,0.52,17.0,17.0,0.21,10.0,19.0
2026-02-23,16,0.37,8.0,13.0,0.54,22.0,18.0,0.21,13.0,19.0
2026-02-23,17,0.38,8.0,14.0,0.56,18.0,18.0,0.21,11.0,20.0
2026-02-23,18,0.38,9.0,14.0,0.59,20.0,18.0,0.21,12.0,20.0
2026-02-23,19,0.38,10.0,14.0,0.6,17.0,19.0,0.21,13.0,19.0
2026-02-23,20,0.37,9.0,14.0,0.6,16.0,19.0,0.22,13.0,19.0
2026-02-23,21,0.37,10.0,14.0,0.57,19.0,19.0,0.21,11.0,19.0
2026-02-23,22,0.37,9.0,15.0,0.55,17.0,19.0,0.22,12.0,19.0
2026-02-23,23,0.37,10.0,15.0,0.53,21.0,19.0,0.22,12.0,19.0
2026-02-23,24,0.37,9.0,15.0,0.52,18.0,20.0,0.21,11.0,19.0
2026-02-24,1,0.37,7.0,15.0,0.48,12.0,20.0,0.21,8.0,20.0
2026-02-24,2,0.35,4.0,14.0,0.44,10.0,19.0,0.19,8.0,19.0
2026-02-24,3,0.34,5.0,14.0,0.42,16.0,19.0,0.19,10.0,19.0
2026-02-24,4,0.34,5.0,14.0,0.41,14.0,18.0,0.18,12.0,18.0
2026-02-24,5,0.34,5.0,14.0,0.39,8.0,18.0,0.18,12.0,18.0
2026-02-24,6,0.32,5.0,14.0,0.38,14.0,18.0,0.17,15.0,18.0
2026-02-24,7,0.31,,14.0,0.35,15.0,18.0,0.17,21.0,18.0
2026-02-24,8,0.3,,15.0,0.34,17.0,18.0,0.2,25.0,18.0
2026-02-24,9,,,15.0,0.34,16.0,17.0,0.24,22.0,18.0
2026-02-24,10,,,15.0,0.35,13.0,17.0,0.26,,19.0
2026-02-24,11,,,15.0,0.38,24.0,17.0,0.27,,19.0
2026-02-24,12,,3.0,15.0,0.45,32.0,17.0,,,18.0
2026-02-24,13,,12.0,14.0,0.54,34.0,17.0,,,19.0
2026-02-24,14,,11.0,14.0,0.64,31.0,18.0,,8.0,19.0
2026-02-24,15,,13.0,13.0,0.71,27.0,18.0,,8.0,19.0
2026-02-24,16,,14.0,13.0,0.83,40.0,18.0,,7.0,18.0
2026-02-24,17,0.62,14.0,,0.9,31.0,19.0,,7.0,18.0
2026-02-24,18,0.61,6.0,,0.99,35.0,19.0,,7.0,18.0
2026-02-24,19,0.6,18.0,,1.03,34.0,19.0,0.48,8.0,18.0
2026-02-24,20,0.55,16.0,,1.01,34.0,21.0,0.49,8.0,19.0
2026-02-24,21,0.53,13.0,,0.98,27.0,22.0,0.5,8.0,20.0
2026-02-24,22,0.51,13.0,,0.91,26.0,25.0,0.56,8.0,23.0
2026-02-24,23,0.5,11.0,,0.87,19.0,27.0,0.56,8.0,26.0
2026-02-24,24,0.48,8.0,,0.76,16.0,30.0,0.56,13.0,29.0
2026-02-25,1,0.45,5.0,,0.69,20.0,32.0,0.55,19.0,31.0
2026-02-25,2,0.42,4.0,,0.59,12.0,34.0,0.54,15.0,33.0
2026-02-25,3,0.38,4.0,,0.5,9.0,35.0,0.53,17.0,34.0
2026-02-25,4,0.35,4.0,,0.43,9.0,36.0,0.52,15.0,35.0
2026-02-25,5,0.33,5.0,,0.36,10.0,36.0,0.51,10.0,36.0
2026-02-25,6,0.31,5.0,32.0,0.32,15.0,37.0,0.51,11.0,37.0
2026-02-25,7,0.29,7.0,32.0,0.31,20.0,38.0,0.51,16.0,38.0
2026-02-25,8,0.29,10.0,32.0,0.35,32.0,39.0,0.52,15.0,39.0
2026-02-25,9,0.3,10.0,31.0,0.4,24.0,41.0,0.52,13.0,39.0
2026-02-25,10,0.32,10.0,31.0,0.46,30.0,42.0,0.53,11.0,39.0
2026-02-25,11,0.33,9.0,31.0,0.53,31.0,43.0,0.53,10.0,39.0
2026-02-25,12,0.35,9.0,32.0,0.61,28.0,44.0,0.53,8.0,38.0
2026-02-25,13,0.36,9.0,32.0,0.7,29.0,44.0,0.52,8.0,38.0
2026-02-25,14,0.37,10.0,33.0,0.75,25.0,44.0,0.47,8.0,38.0
2026-02-25,15,0.39,11.0,34.0,0.79,28.0,44.0,0.42,10.0,38.0
2026-02-25,16,0.38,10.0,35.0,0.79,25.0,44.0,0.36,10.0,39.0
2026-02-25,17,0.38,12.0,35.0,0.79,26.0,44.0,0.31,9.0,39.0
2026-02-25,18,0.36,12.0,36.0,0.8,29.0,44.0,0.26,10.0,40.0
2026-02-25,19,0.36,14.0,36.0,0.8,35.0,44.0,0.21,10.0,40.0
2026-02-25,20,0.36,14.0,,0.79,31.0,44.0,0.16,11.0,39.0
2026-02-25,21,0.37,14.0,,0.75,22.0,43.0,0.14,17.0,38.0
2026-02-25,22,0.38,14.0,,0.72,18.0,40.0,0.14,18.0,36.0
2026-02-25,23,0.39,12.0,,0.68,18.0,37.0,0.14,18.0,32.0
2026-02-25,24,0.4,13.0,,0.64,16.0,35.0,0.14,16.0,30.0
2026-02-26,1,0.42,12.0,,0.59,13.0,32.0,0.14,13.0,28.0
2026-02-26,2,0.42,8.0,,0.52,11.0,31.0,0.14,12.0,27.0
2026-02-26,3,0.41,8.0,,0.45,10.0,31.0,0.15,16.0,26.0
2026-02-26,4,0.41,12.0,,0.38,17.0,30.0,0.16,17.0,26.0
2026-02-26,5,0.41,15.0,,0.37,24.0,30.0,0.16,17.0,26.0
2026-02-26,6,0.42,15.0,,0.4,28.0,30.0,0.18,18.0,26.0
2026-02-26,7,0.43,14.0,,0.42,24.0,31.0,0.19,17.0,28.0
2026-02-26,8,0.48,14.0,,0.51,27.0,32.0,0.23,17.0,29.0
2026-02-26,9,0.56,17.0,,0.6,36.0,32.0,0.29,22.0,29.0
2026-02-26,10,0.62,23.0,,0.66,28.0,33.0,0.3,17.0,31.0
2026-02-26,11,0.65,23.0,,0.71,26.0,33.0,0.35,17.0,31.0
2026-02-26,12,0.66,18.0,,0.73,27.0,33.0,0.39,17.0,32.0
2026-02-26,13,0.66,16.0,,0.72,21.0,33.0,0.42,23.0,33.0
2026-02-26,14,0.65,18.0,,0.69,26.0,34.0,0.42,26.0,33.0
2026-02-26,15,0.65,19.0,,0.65,30.0,34.0,0.42,29.0,35.0
2026-02-26,16,0.61,20.0,,0.57,25.0,35.0,0.4,30.0,36.0
2026-02-26,17,0.53,22.0,,0.49,32.0,36.0,0.37,30.0,37.0
2026-02-26,18,0.5,24.0,,0.45,33.0,37.0,0.39,29.0,39.0
2026-02-26,19,0.5,22.0,,0.42,25.0,37.0,0.37,31.0,40.0
2026-02-26,20,0.5,23.0,,0.41,29.0,38.0,0.34,31.0,41.0
2026-02-26,21,0.52,25.0,,0.42,30.0,38.0,0.32,31.0,42.0
2026-02-26,22,0.53,22.0,,0.43,30.0,39.0,0.32,27.0,43.0
2026-02-26,23,0.53,22.0,,0.45,28.0,39.0,0.32,26.0,44.0
2026-02-26,24,0.52,12.0,,0.47,24.0,40.0,0.31,23.0,45.0
2026-02-27,1,0.5,9.0,,0.46,21.0,41.0,0.31,11.0,48.0
2026-02-27,2,0.47,6.0,,0.44,10.0,41.0,0.31,13.0,49.0
2026-02-27,3,0.45,5.0,,0.42,9.0,41.0,0.32,13.0,51.0
2026-02-27,4,0.41,9.0,,0.4,8.0,41.0,0.34,11.0,51.0
2026-02-27,5,0.38,9.0,,0.37,9.0,42.0,0.37,11.0,53.0
2026-02-27,6,0.35,8.0,,0.34,13.0,41.0,0.42,14.0,54.0
2026-02-27,7,0.34,11.0,,0.3,13.0,41.0,0.46,17.0,54.0
2026-02-27,8,0.33,12.0,,0.28,17.0,39.0,0.53,19.0,
2026-02-27,9,0.34,12.0,,0.27,13.0,38.0,0.54,19.0,
2026-02-27,10,0.35,11.0,,0.28,14.0,37.0,0.57,18.0,
2026-02-27,11,0.37,10.0,,0.28,14.0,36.0,0.59,17.0,
2026-02-27,12,0.38,11.0,,0.3,15.0,37.0,0.61,18.0,
2026-02-27,13,0.39,11.0,,0.31,12.0,37.0,0.62,17.0,
2026-02-27,14,0.4,11.0,,0.31,14.0,36.0,0.58,16.0,
2026-02-27,15,0.41,11.0,,0.33,15.0,35.0,0.53,17.0,
2026-02-27,16,0.41,13.0,,0.33,20.0,34.0,0.48,20.0,
2026-02-27,17,0.41,14.0,,0.36,23.0,34.0,0.42,21.0,
2026-02-27,18,0.42,20.0,,0.38,28.0,33.0,0.38,23.0,
2026-02-27,19,0.42,17.0,,0.42,26.0,32.0,0.33,24.0,
2026-02-27,20,0.44,15.0,,0.45,25.0,31.0,0.28,25.0,
2026-02-27,21,0.45,13.0,,0.49,23.0,31.0,0.24,24.0,
2026-02-27,22,0.46,13.0,,0.52,20.0,30.0,0.24,23.0,
2026-02-27,23,0.47,11.0,,0.54,21.0,29.0,0.25,22.0,
2026-02-27,24,0.48,9.0,,0.55,19.0,28.0,0.24,20.0,
2026-02-28,1,0.47,8.0,,0.55,20.0,28.0,0.24,18.0,
2026-02-28,2,0.46,7.0,,0.54,16.0,28.0,0.23,16.0,
2026-02-28,3,0.45,7.0,,0.52,15.0,28.0,0.21,14.0,
2026-02-28,4,0.44,7.0,,0.49,16.0,28.0,0.2,13.0,
2026-02-28,5,0.42,8.0,,0.45,12.0,28.0,0.18,13.0,
2026-02-28,6,0.4,10.0,,0.42,14.0,28.0,0.18,16.0,
2026-02-28,7,0.38,9.0,,0.38,8.0,28.0,0.17,18.0,
2026-02-28,8,0.37,8.0,,0.35,8.0,28.0,0.16,18.0,
2026-02-28,9,0.36,8.0,,0.32,7.0,28.0,0.16,18.0,
2026-02-28,10,0.36,8.0,,0.29,7.0,28.0,0.16,19.0,30.0
2026-02-28,11,0.36,9.0,,0.27,8.0,28.0,0.17,21.0,33.0
2026-02-28,12,0.37,9.0,,0.25,7.0,28.0,0.18,21.0,34.0
2026-02-28,13,0.37,9.0,,0.25,7.0,27.0,0.2,22.0,35.0
2026-02-28,14,0.38,10.0,,0.25,7.0,,0.21,23.0,36.0
2026-02-28,15,0.38,8.0,,0.25,9.0,,0.22,20.0,36.0
2026-02-28,16,0.39,8.0,,0.26,20.0,,0.23,16.0,37.0
2026-02-28,17,0.39,8.0,,0.27,15.0,,0.24,16.0,36.0
2026-02-28,18,0.39,12.0,,0.3,20.0,,0.24,20.0,35.0
2026-02-28,19,0.41,15.0,,0.33,26.0,,0.24,22.0,34.0
2026-02-28,20,0.42,16.0,,0.37,28.0,,0.24,19.0,34.0
2026-02-28,21,0.47,21.0,,0.46,31.0,,0.25,26.0,34.0
2026-02-28,22,0.51,20.0,,0.53,30.0,,0.27,25.0,34.0
2026-02-28,23,0.53,15.0,,0.58,28.0,,0.27,22.0,34.0
2026-02-28,24,0.54,11.0,,0.63,23.0,,0.28,15.0,34.0
2026-03-01,1,0.55,12.0,,0.65,19.0,,0.28,13.0,35.0
2026-03-01,2,0.56,11.0,,0.64,21.0,,0.29,14.0,35.0
2026-03-01,3,0.55,9.0,,0.63,18.0,,0.29,13.0,36.0
2026-03-01,4,0.54,12.0,,0.6,21.0,,0.3,15.0,37.0
2026-03-01,5,0.5,10.0,,0.52,14.0,,0.28,23.0,38.0
2026-03-01,6,0.45,6.0,,0.45,5.0,,0.25,15.0,39.0
2026-03-01,7,0.41,7.0,,0.39,5.0,,0.23,15.0,40.0
2026-03-01,8,0.39,6.0,,0.34,6.0,,0.23,17.0,
2026-03-01,9,0.37,4.0,,0.3,5.0,,0.23,18.0,
2026-03-01,10,0.35,4.0,,0.28,4.0,,0.21,17.0,
2026-03-01,11,0.34,5.0,,0.26,4.0,,0.21,16.0,
2026-03-01,12,0.32,6.0,,0.24,4.0,,0.19,14.0,
2026-03-01,13,0.32,8.0,,0.23,7.0,,0.19,12.0,
2026-03-01,14,0.33,6.0,,0.23,12.0,,0.19,12.0,
2026-03-01,15,0.33,8.0,,0.24,14.0,,0.19,13.0,
2026-03-01,16,0.34,6.0,,0.25,10.0,,0.19,16.0,
2026-03-01,17,0.34,7.0,,0.27,11.0,,0.19,15.0,
2026-03-01,18,0.35,8.0,,0.28,12.0,,0.2,16.0,
2026-03-01,19,0.35,8.0,,0.31,16.0,,0.2,16.0,
2026-03-01,20,0.36,9.0,,0.32,10.0,,0.2,15.0,
2026-03-01,21,0.36,7.0,,0.34,12.0,,0.2,14.0,
2026-03-01,22,0.37,6.0,,0.36,12.0,,0.2,12.0,
2026-03-01,23,0.37,7.0,,0.4,18.0,,0.21,14.0,
2026-03-01,24,0.39,8.0,,0.42,15.0,,0.21,12.0,
2026-03-02,1,0.39,10.0,,0.42,15.0,,0.21,12.0,
2026-03-02,2,0.39,6.0,,0.41,12.0,,0.19,12.0,
2026-03-02,3,0.38,5.0,,0.39,10.0,,0.18,12.0,
2026-03-02,4,0.37,4.0,,0.38,10.0,,0.18,11.0,
2026-03-02,5,0.35,3.0,,0.35,12.0,,0.17,12.0,
2026-03-02,6,0.34,5.0,,0.33,13.0,,0.17,13.0,
2026-03-02,7,0.33,7.0,,0.28,11.0,,0.17,16.0,
2026-03-02,8,0.33,9.0,,0.25,14.0,,0.18,34.0,
2026-03-02,9,0.33,8.0,,0.23,13.0,,0.19,20.0,
2026-03-02,10,0.34,8.0,,0.24,11.0,,0.2,22.0,
2026-03-02,11,0.35,,,0.24,11.0,,0.22,20.0,
2026-03-02,12,0.36,7.0,,0.25,14.0,,0.22,21.0,
2026-03-02,13,0.36,8.0,,0.26,11.0,,0.24,19.0,
2026-03-02,14,0.35,9.0,,0.28,13.0,,0.24,18.0,
2026-03-02,15,0.34,11.0,,0.32,17.0,,0.24,19.0,
2026-03-02,16,0.32,11.0,,0.36,20.0,,0.23,18.0,
2026-03-02,17,0.3,11.0,,0.39,15.0,,0.22,17.0,
2026-03-02,18,0.3,13.0,,0.44,23.0,,0.22,17.0,
2026-03-02,19,0.31,16.0,,0.47,18.0,,0.21,16.0,
2026-03-02,20,0.31,15.0,,0.5,20.0,,0.21,18.0,
2026-03-02,21,0.32,13.0,,0.53,20.0,,0.21,19.0,
2026-03-02,22,0.35,16.0,,0.56,23.0,,0.21,16.0,
2026-03-02,23,0.37,18.0,,0.56,22.0,,0.22,16.0,
2026-03-02,24,0.37,12.0,,0.54,18.0,,0.22,14.0,
2026-03-03,1,0.36,10.0,,0.52,17.0,,0.21,11.0,
2026-03-03,2,0.35,11.0,,0.47,10.0,,0.2,10.0,
2026-03-03,3,0.33,9.0,,0.45,15.0,,0.19,11.0,
2026-03-03,4,0.32,9.0,,0.43,13.0,,0.18,11.0,
2026-03-03,5,0.29,5.0,,0.4,8.0,,0.17,9.0,
2026-03-03,6,0.25,7.0,17.0,0.36,11.0,,0.16,8.0,
2026-03-03,7,0.23,11.0,17.0,0.36,20.0,,0.15,12.0,
2026-03-03,8,0.25,12.0,17.0,0.39,20.0,,0.17,16.0,
2026-03-03,9,0.29,10.0,18.0,0.44,24.0,,0.19,17.0,
2026-03-03,10,0.35,13.0,19.0,0.46,,,0.25,20.0,
2026-03-03,11,0.41,16.0,20.0,0.52,24.0,26.0,0.32,23.0,
2026-03-03,12,0.47,18.0,21.0,0.57,23.0,27.0,0.37,22.0,
2026-03-03,13,0.5,16.0,22.0,0.63,28.0,28.0,0.4,25.0,
2026-03-03,14,0.54,15.0,22.0,0.7,23.0,29.0,0.43,24.0,
2026-03-03,15,0.57,13.0,22.0,0.75,27.0,30.0,0.44,21.0,
2026-03-03,16,0.57,16.0,23.0,0.81,31.0,31.0,0.43,23.0,
2026-03-03,17,0.58,24.0,24.0,0.9,34.0,32.0,0.42,30.0,
2026-03-03,18,0.54,18.0,25.0,0.95,37.0,34.0,0.37,27.0,
2026-03-03,19,0.51,25.0,26.0,0.99,39.0,35.0,0.32,23.0,
2026-03-03,20,0.5,28.0,26.0,1.02,35.0,35.0,0.29,28.0,
2026-03-03,21,0.57,25.0,28.0,1.1,38.0,36.0,0.28,27.0,
2026-03-03,22,0.63,23.0,29.0,1.17,37.0,38.0,0.32,26.0,
2026-03-03,23,0.69,22.0,30.0,1.23,36.0,40.0,0.36,25.0,
2026-03-03,24,0.74,23.0,32.0,1.19,31.0,41.0,0.4,25.0,
2026-03-04,1,0.79,20.0,33.0,1.12,29.0,42.0,0.44,24.0,
2026-03-04,2,0.84,17.0,34.0,1.05,26.0,43.0,0.49,21.0,
2026-03-04,3,0.89,16.0,34.0,0.98,23.0,44.0,0.53,21.0,
2026-03-04,4,0.93,15.0,34.0,0.93,24.0,44.0,0.58,22.0,
2026-03-04,5,0.91,15.0,35.0,0.89,28.0,43.0,0.62,21.0,57.0
2026-03-04,6,0.89,15.0,36.0,0.86,27.0,44.0,0.55,22.0,59.0
2026-03-04,7,0.9,16.0,38.0,0.89,31.0,45.0,0.52,23.0,61.0
2026-03-04,8,0.94,18.0,40.0,1.07,41.0,47.0,0.52,24.0,63.0
2026-03-04,9,0.98,25.0,43.0,1.22,53.0,50.0,0.52,31.0,68.0
2026-03-04,10,0.95,24.0,43.0,1.36,49.0,54.0,0.51,31.0,74.0
2026-03-04,11,0.9,21.0,44.0,1.43,43.0,56.0,0.47,26.0,74.0
2026-03-04,12,0.84,26.0,42.0,1.48,39.0,56.0,0.39,20.0,73.0
2026-03-04,13,0.77,27.0,42.0,1.62,44.0,55.0,0.34,19.0,71.0
2026-03-04,14,0.71,17.0,43.0,1.84,47.0,56.0,0.36,25.0,69.0
2026-03-04,15,0.63,17.0,43.0,1.78,45.0,57.0,0.35,28.0,70.0
2026-03-04,16,0.53,22.0,42.0,1.59,29.0,57.0,0.31,28.0,71.0
2026-03-04,17,0.43,19.0,42.0,1.42,28.0,56.0,0.28,25.0,72.0
2026-03-04,18,0.39,11.0,41.0,1.26,18.0,54.0,0.26,24.0,71.0
2026-03-04,19,0.37,12.0,40.0,1.19,20.0,53.0,0.27,25.0,69.0
2026-03-04,20,0.37,13.0,40.0,1.12,17.0,52.0,0.29,23.0,68.0
2026-03-04,21,0.37,13.0,38.0,0.89,18.0,50.0,0.3,24.0,67.0
2026-03-04,22,0.37,12.0,37.0,0.58,20.0,49.0,0.29,21.0,65.0
2026-03-04,23,0.36,11.0,35.0,0.5,15.0,47.0,0.28,21.0,63.0
2026-03-04,24,0.34,9.0,34.0,0.46,13.0,45.0,0.26,19.0,61.0
2026-03-05,1,0.33,9.0,33.0,0.44,17.0,44.0,0.26,18.0,60.0
2026-03-05,2,0.31,9.0,32.0,0.44,19.0,44.0,0.23,16.0,59.0
2026-03-05,3,0.3,6.0,31.0,0.41,12.0,43.0,0.21,14.0,59.0
2026-03-05,4,0.28,6.0,30.0,0.4,11.0,43.0,0.19,15.0,57.0
2026-03-05,5,0.26,6.0,29.0,0.39,12.0,42.0,0.18,17.0,55.0
2026-03-05,6,0.25,6.0,28.0,0.4,13.0,41.0,0.21,22.0,52.0
2026-03-05,7,0.26,8.0,26.0,0.39,17.0,39.0,0.22,23.0,49.0
2026-03-05,8,0.28,10.0,25.0,0.46,30.0,38.0,0.24,22.0,46.0
2026-03-05,9,0.3,10.0,22.0,0.53,25.0,36.0,0.25,22.0,40.0
2026-03-05,10,0.32,9.0,21.0,0.57,28.0,32.0,0.27,18.0,33.0
2026-03-05,11,0.34,7.0,20.0,0.61,25.0,30.0,0.28,16.0,31.0
2026-03-05,12,0.36,6.0,20.0,0.64,19.0,30.0,0.29,16.0,32.0
2026-03-05,13,0.37,6.0,20.0,0.67,18.0,29.0,0.3,16.0,32.0
2026-03-05,14,0.38,7.0,19.0,0.68,16.0,29.0,0.28,15.0,32.0
2026-03-05,15,0.36,7.0,19.0,0.7,16.0,29.0,0.28,18.0,32.0
2026-03-05,16,0.35,7.0,19.0,0.66,14.0,28.0,0.27,18.0,31.0
2026-03-05,17,0.34,8.0,19.0,0.6,15.0,28.0,0.27,18.0,30.0
2026-03-05,18,0.33,10.0,20.0,0.57,23.0,29.0,0.25,16.0,31.0
2026-03-05,19,0.35,10.0,21.0,0.55,18.0,29.0,0.26,15.0,31.0
2026-03-05,20,0.35,9.0,22.0,0.54,16.0,30.0,0.26,14.0,31.0
2026-03-05,21,0.36,9.0,23.0,0.53,18.0,31.0,0.28,13.0,33.0
2026-03-05,22,0.35,9.0,23.0,0.52,14.0,32.0,0.3,13.0,33.0
2026-03-05,23,0.35,8.0,23.0,0.5,14.0,33.0,0.33,14.0,35.0
2026-03-05,24,0.35,6.0,24.0,0.51,15.0,33.0,0.37,14.0,35.0
2026-03-06,1,0.35,7.0,24.0,0.49,14.0,34.0,0.38,13.0,36.0
2026-03-06,2,0.34,7.0,24.0,0.45,13.0,33.0,0.37,11.0,35.0
2026-03-06,3,0.31,6.0,24.0,0.42,11.0,33.0,0.35,11.0,35.0
2026-03-06,4,0.3,5.0,24.0,0.39,7.0,33.0,0.34,11.0,35.0
2026-03-06,5,0.29,3.0,23.0,0.36,6.0,33.0,0.31,10.0,35.0
2026-03-06,6,0.28,4.0,23.0,0.34,8.0,33.0,0.28,10.0,35.0
2026-03-06,7,0.28,5.0,22.0,0.33,15.0,32.0,0.23,12.0,34.0
2026-03-06,8,0.29,7.0,22.0,0.32,19.0,32.0,0.18,15.0,34.0
2026-03-06,9,0.32,10.0,22.0,0.34,17.0,31.0,0.18,16.0,33.0
2026-03-06,10,0.34,10.0,21.0,0.36,13.0,29.0,0.18,13.0,34.0
2026-03-06,11,0.35,5.0,21.0,0.39,15.0,27.0,0.2,,33.0
2026-03-06,12,0.36,6.0,20.0,0.43,15.0,26.0,0.23,12.0,32.0
2026-03-06,13,0.37,6.0,20.0,0.47,17.0,25.0,0.26,13.0,32.0
2026-03-06,14,0.39,6.0,20.0,0.51,15.0,25.0,0.28,14.0,31.0
2026-03-06,15,0.4,7.0,19.0,0.54,17.0,24.0,0.28,16.0,30.0
2026-03-06,16,0.39,7.0,19.0,0.56,17.0,24.0,0.29,17.0,28.0
2026-03-06,17,0.38,8.0,18.0,0.55,13.0,23.0,0.27,15.0,27.0
2026-03-06,18,0.37,8.0,17.0,0.55,14.0,23.0,0.26,13.0,26.0
2026-03-06,19,0.37,7.0,16.0,0.55,13.0,22.0,0.26,15.0,26.0
2026-03-06,20,0.38,7.0,16.0,0.54,14.0,21.0,0.24,21.0,25.0
2026-03-06,21,0.38,7.0,15.0,0.51,11.0,20.0,0.23,32.0,24.0
2026-03-06,22,0.38,5.0,15.0,0.48,10.0,19.0,0.22,23.0,23.0
2026-03-06,23,0.37,5.0,14.0,0.45,8.0,18.0,0.2,18.0,23.0
2026-03-06,24,0.36,4.0,14.0,0.41,7.0,17.0,0.19,15.0,22.0
2026-03-07,1,0.34,4.0,13.0,0.38,6.0,17.0,0.18,15.0,22.0
2026-03-07,2,0.31,3.0,13.0,0.36,6.0,16.0,0.17,15.0,22.0
2026-03-07,3,0.29,3.0,12.0,0.33,7.0,15.0,0.17,14.0,21.0
2026-03-07,4,0.27,2.0,12.0,0.31,6.0,15.0,0.16,14.0,21.0
2026-03-07,5,0.26,3.0,12.0,0.29,7.0,15.0,0.15,14.0,20.0
2026-03-07,6,0.25,4.0,12.0,0.29,8.0,15.0,0.16,14.0,20.0
2026-03-07,7,0.26,6.0,13.0,0.29,15.0,15.0,0.18,20.0,20.0
2026-03-07,8,0.27,7.0,13.0,0.33,20.0,15.0,0.19,22.0,20.0
2026-03-07,9,0.29,7.0,12.0,0.38,24.0,15.0,0.22,20.0,19.0
2026-03-07,10,0.3,4.0,12.0,0.39,16.0,16.0,0.23,20.0,19.0
2026-03-07,11,0.31,4.0,12.0,0.4,14.0,16.0,0.23,16.0,18.0
2026-03-07,12,0.32,5.0,12.0,0.41,14.0,17.0,0.24,13.0,18.0
2026-03-07,13,0.33,6.0,12.0,0.42,9.0,17.0,0.25,13.0,18.0
2026-03-07,14,0.34,6.0,12.0,0.43,10.0,18.0,0.25,22.0,18.0
2026-03-07,15,0.33,6.0,13.0,0.42,10.0,18.0,0.23,15.0,19.0
2026-03-07,16,0.32,6.0,13.0,0.39,9.0,18.0,0.22,16.0,19.0
2026-03-07,17,0.29,6.0,13.0,0.36,9.0,18.0,0.2,15.0,20.0
2026-03-07,18,0.28,7.0,13.0,0.35,9.0,18.0,0.2,13.0,20.0
2026-03-07,19,0.28,7.0,14.0,0.35,10.0,19.0,0.19,13.0,21.0
2026-03-07,20,0.29,8.0,14.0,0.35,12.0,19.0,0.19,14.0,21.0
2026-03-07,21,0.29,9.0,14.0,0.35,11.0,19.0,0.18,15.0,21.0
2026-03-07,22,0.3,9.0,14.0,0.35,11.0,20.0,0.18,15.0,22.0
2026-03-07,23,0.3,7.0,14.0,0.35,9.0,20.0,0.18,13.0,21.0
2026-03-07,24,0.31,6.0,14.0,0.35,9.0,20.0,0.17,14.0,21.0
2026-03-08,1,0.32,6.0,14.0,0.35,10.0,21.0,0.17,15.0,21.0
2026-03-08,2,0.31,5.0,15.0,0.35,10.0,21.0,0.17,13.0,21.0
2026-03-08,3,0.31,5.0,15.0,0.34,7.0,21.0,0.16,13.0,22.0
2026-03-08,4,0.3,3.0,16.0,0.33,7.0,22.0,0.16,12.0,22.0
2026-03-08,5,0.28,3.0,16.0,0.33,7.0,22.0,0.16,13.0,22.0
2026-03-08,6,0.26,3.0,16.0,0.31,6.0,22.0,0.16,13.0,23.0
2026-03-08,7,0.25,4.0,16.0,0.3,6.0,23.0,0.16,14.0,23.0
2026-03-08,8,0.24,4.0,16.0,0.3,8.0,23.0,0.16,15.0,23.0
2026-03-08,9,0.23,4.0,15.0,0.29,8.0,23.0,0.16,15.0,24.0
2026-03-08,10,0.23,3.0,15.0,0.28,8.0,22.0,0.16,15.0,24.0
2026-03-08,11,0.22,3.0,15.0,0.27,7.0,22.0,0.17,15.0,24.0
2026-03-08,12,0.22,3.0,14.0,0.26,5.0,22.0,0.17,14.0,23.0
2026-03-08,13,0.23,3.0,14.0,0.26,5.0,21.0,0.17,13.0,23.0
2026-03-08,14,0.23,3.0,14.0,0.26,6.0,21.0,0.17,12.0,24.0
2026-03-08,15,0.23,3.0,14.0,0.27,8.0,21.0,0.17,12.0,24.0
2026-03-08,16,0.23,4.0,14.0,0.27,9.0,21.0,0.17,13.0,25.0
2026-03-08,17,0.24,4.0,13.0,0.28,9.0,21.0,0.16,12.0,26.0
2026-03-08,18,0.24,5.0,13.0,0.29,8.0,20.0,0.16,14.0,26.0
2026-03-08,19,0.25,5.0,13.0,0.3,8.0,20.0,0.16,14.0,26.0
2026-03-08,20,0.26,6.0,12.0,0.31,11.0,20.0,0.15,14.0,25.0
2026-03-08,21,0.26,7.0,12.0,0.32,8.0,19.0,0.15,13.0,25.0
2026-03-08,22,0.26,5.0,12.0,0.32,6.0,19.0,0.15,13.0,25.0
2026-03-08,23,0.27,5.0,12.0,0.32,8.0,19.0,0.15,16.0,26.0
2026-03-08,24,0.27,4.0,12.0,0.33,9.0,19.0,0.14,16.0,26.0
2026-03-09,1,0.26,3.0,12.0,0.32,5.0,19.0,0.14,13.0,26.0
2026-03-09,2,0.26,3.0,12.0,0.31,4.0,19.0,0.14,13.0,26.0
2026-03-09,3,0.25,2.0,11.0,0.29,4.0,19.0,0.13,13.0,26.0
2026-03-09,4,0.24,2.0,11.0,0.28,4.0,18.0,0.13,12.0,26.0
2026-03-09,5,0.22,4.0,11.0,0.27,4.0,18.0,0.12,12.0,26.0
2026-03-09,6,0.21,4.0,11.0,0.26,5.0,18.0,0.12,14.0,26.0
2026-03-09,7,0.21,8.0,11.0,0.25,9.0,18.0,0.12,17.0,26.0
2026-03-09,8,0.22,8.0,11.0,0.25,13.0,18.0,0.12,17.0,26.0
2026-03-09,9,0.23,9.0,11.0,0.26,12.0,18.0,0.14,18.0,26.0
2026-03-09,10,0.24,7.0,11.0,0.28,14.0,18.0,0.16,15.0,27.0
2026-03-09,11,0.26,6.0,12.0,0.32,21.0,19.0,0.18,16.0,28.0
2026-03-09,12,0.27,6.0,12.0,0.35,16.0,19.0,0.2,14.0,30.0
2026-03-09,13,0.28,6.0,12.0,0.38,16.0,19.0,0.21,12.0,31.0
2026-03-09,14,0.29,7.0,12.0,0.42,15.0,20.0,0.23,14.0,31.0
2026-03-09,15,0.29,8.0,13.0,0.45,14.0,20.0,0.24,15.0,31.0
2026-03-09,16,0.29,10.0,13.0,0.47,14.0,21.0,0.25,18.0,32.0
2026-03-09,17,0.29,12.0,14.0,0.49,16.0,21.0,0.25,20.0,32.0
2026-03-09,18,0.29,10.0,14.0,0.53,19.0,21.0,0.25,19.0,32.0
2026-03-09,19,0.3,10.0,14.0,0.56,22.0,21.0,0.24,18.0,33.0
2026-03-09,20,0.3,10.0,14.0,0.56,17.0,22.0,0.23,19.0,33.0
2026-03-09,21,0.3,11.0,15.0,0.54,12.0,22.0,0.23,20.0,34.0
2026-03-09,22,0.31,12.0,15.0,0.52,13.0,22.0,0.22,19.0,34.0
2026-03-09,23,0.31,9.0,15.0,0.5,13.0,22.0,0.21,18.0,33.0
2026-03-09,24,0.31,7.0,15.0,0.48,9.0,22.0,0.2,16.0,33.0
2026-03-10,1,0.3,5.0,15.0,0.45,7.0,22.0,0.18,16.0,33.0
2026-03-10,2,0.28,5.0,15.0,0.4,7.0,22.0,0.17,16.0,33.0
2026-03-10,3,0.27,4.0,15.0,0.33,6.0,22.0,0.15,15.0,33.0
2026-03-10,4,0.26,3.0,16.0,0.31,8.0,22.0,0.14,16.0,33.0
2026-03-10,5,0.24,3.0,16.0,0.29,5.0,22.0,0.13,17.0,32.0
2026-03-10,6,0.22,6.0,16.0,0.27,7.0,22.0,0.13,19.0,32.0
2026-03-10,7,0.22,9.0,16.0,0.26,11.0,22.0,0.14,20.0,32.0
2026-03-10,8,0.24,11.0,15.0,0.27,15.0,21.0,0.15,22.0,32.0
2026-03-10,9,0.26,9.0,15.0,0.27,12.0,22.0,0.16,20.0,32.0
2026-03-10,10,0.28,9.0,15.0,0.28,13.0,22.0,0.17,20.0,31.0
2026-03-10,11,0.3,9.0,16.0,0.31,17.0,22.0,0.18,20.0,31.0
2026-03-10,12,0.32,10.0,16.0,0.35,18.0,22.0,0.19,19.0,29.0
2026-03-10,13,0.34,8.0,16.0,0.4,19.0,22.0,0.2,18.0,28.0
2026-03-10,14,0.35,7.0,16.0,0.45,21.0,22.0,0.21,18.0,29.0
2026-03-10,15,0.35,7.0,16.0,0.48,15.0,22.0,0.22,19.0,29.0
2026-03-10,16,0.33,9.0,16.0,0.49,17.0,22.0,0.22,18.0,28.0
2026-03-10,17,0.33,11.0,16.0,0.51,17.0,22.0,0.22,22.0,27.0
2026-03-10,18,0.34,12.0,16.0,0.55,23.0,21.0,0.23,20.0,26.0
2026-03-10,19,0.34,13.0,16.0,0.56,18.0,21.0,0.25,23.0,25.0
2026-03-10,20,0.33,13.0,16.0,0.55,20.0,21.0,0.25,24.0,25.0
2026-03-10,21,0.33,11.0,16.0,0.53,15.0,21.0,0.24,23.0,25.0
2026-03-10,22,0.35,14.0,16.0,0.49,16.0,21.0,0.23,21.0,24.0
2026-03-10,23,0.36,13.0,16.0,0.48,17.0,21.0,0.21,20.0,24.0
2026-03-10,24,0.37,12.0,16.0,0.47,16.0,22.0,0.2,18.0,24.0
2026-03-11,1,0.36,12.0,16.0,0.44,15.0,22.0,0.18,20.0,24.0
2026-03-11,2,0.34,9.0,16.0,0.4,9.0,22.0,0.16,19.0,25.0
2026-03-11,3,0.32,5.0,16.0,0.37,10.0,22.0,0.14,18.0,25.0
2026-03-11,4,0.31,5.0,16.0,0.34,7.0,22.0,0.12,17.0,25.0
2026-03-11,5,0.3,5.0,16.0,0.33,10.0,22.0,0.11,19.0,24.0
2026-03-11,6,0.28,7.0,16.0,0.32,14.0,22.0,0.11,21.0,24.0
2026-03-11,7,0.28,9.0,15.0,0.32,15.0,22.0,0.12,21.0,24.0
2026-03-11,8,0.28,11.0,16.0,0.34,19.0,22.0,0.13,24.0,24.0
2026-03-11,9,0.3,12.0,16.0,0.36,16.0,22.0,0.15,24.0,24.0
2026-03-11,10,0.32,11.0,15.0,0.37,13.0,21.0,0.16,22.0,23.0
2026-03-11,11,0.33,9.0,15.0,0.41,21.0,21.0,0.17,21.0,23.0
2026-03-11,12,0.34,8.0,15.0,0.45,15.0,21.0,0.18,21.0,23.0
2026-03-11,13,0.35,9.0,14.0,0.49,22.0,20.0,0.2,20.0,23.0
2026-03-11,14,0.36,8.0,13.0,0.52,13.0,19.0,0.21,18.0,21.0
2026-03-11,15,0.35,7.0,13.0,0.54,12.0,19.0,0.22,20.0,22.0
2026-03-11,16,0.35,,12.0,0.52,14.0,19.0,0.21,17.0,21.0
2026-03-11,17,0.32,7.0,12.0,0.51,12.0,19.0,0.22,20.0,21.0
2026-03-11,18,0.32,8.0,12.0,0.53,16.0,19.0,0.23,21.0,21.0
2026-03-11,19,0.32,8.0,12.0,0.53,15.0,18.0,0.25,21.0,21.0
2026-03-11,20,0.34,10.0,12.0,0.53,19.0,18.0,0.26,19.0,20.0
2026-03-11,21,0.34,8.0,12.0,0.51,14.0,18.0,0.25,17.0,19.0
2026-03-11,22,0.34,6.0,12.0,0.49,14.0,18.0,0.25,18.0,19.0
2026-03-11,23,0.34,5.0,11.0,0.49,11.0,17.0,0.26,19.0,19.0
2026-03-11,24,0.34,4.0,11.0,0.48,12.0,16.0,0.26,18.0,18.0
2026-03-12,1,0.33,5.0,10.0,0.47,9.0,16.0,0.25,18.0,17.0
2026-03-12,2,0.32,4.0,10.0,0.43,8.0,15.0,0.23,18.0,17.0
2026-03-12,3,0.3,3.0,9.0,0.4,6.0,15.0,0.2,15.0,16.0
2026-03-12,4,0.28,2.0,9.0,0.35,6.0,14.0,0.19,15.0,16.0
2026-03-12,5,0.26,2.0,9.0,0.32,6.0,15.0,0.18,17.0,16.0
2026-03-12,6,0.25,3.0,9.0,0.3,6.0,14.0,0.17,18.0,16.0
2026-03-12,7,0.25,5.0,9.0,0.29,11.0,14.0,0.16,20.0,16.0
2026-03-12,8,0.25,7.0,8.0,0.29,13.0,14.0,0.17,20.0,16.0
2026-03-12,9,0.27,7.0,8.0,0.32,19.0,14.0,0.17,21.0,16.0
2026-03-12,10,0.28,5.0,8.0,0.34,13.0,14.0,0.18,20.0,16.0
2026-03-12,11,0.3,5.0,8.0,0.37,17.0,14.0,0.2,23.0,16.0
2026-03-12,12,0.3,5.0,8.0,0.41,19.0,15.0,0.22,22.0,16.0
2026-03-12,13,0.32,5.0,8.0,0.45,19.0,15.0,0.22,19.0,16.0
2026-03-12,14,0.33,6.0,9.0,0.49,17.0,16.0,0.23,17.0,16.0
2026-03-12,15,0.34,7.0,9.0,0.51,12.0,16.0,0.23,18.0,16.0
2026-03-12,16,0.34,9.0,9.0,0.53,17.0,16.0,0.22,22.0,16.0
2026-03-12,17,0.33,12.0,8.0,0.53,15.0,16.0,0.22,20.0,16.0
2026-03-12,18,0.33,12.0,8.0,0.56,17.0,16.0,0.23,20.0,16.0
2026-03-12,19,0.33,9.0,8.0,0.58,16.0,16.0,0.22,20.0,16.0
2026-03-12,20,0.34,8.0,8.0,0.57,14.0,16.0,0.21,18.0,17.0
2026-03-12,21,0.34,7.0,8.0,0.56,13.0,16.0,0.21,19.0,17.0
2026-03-12,22,0.35,7.0,8.0,0.54,13.0,16.0,0.2,19.0,17.0
2026-03-12,23,0.34,7.0,8.0,0.53,10.0,16.0,0.2,18.0,17.0
2026-03-12,24,0.33,7.0,8.0,0.49,11.0,17.0,0.18,18.0,17.0
2026-03-13,1,0.32,6.0,9.0,0.47,10.0,17.0,0.16,18.0,18.0
2026-03-13,2,0.31,5.0,9.0,0.42,9.0,17.0,0.14,16.0,18.0
2026-03-13,3,0.29,3.0,9.0,0.37,8.0,17.0,0.13,17.0,18.0
2026-03-13,4,0.28,4.0,9.0,0.34,7.0,17.0,0.12,17.0,19.0
2026-03-13,5,0.27,3.0,9.0,0.32,12.0,17.0,0.11,18.0,19.0
2026-03-13,6,0.26,5.0,9.0,0.31,12.0,17.0,0.11,21.0,19.0
2026-03-13,7,0.26,7.0,9.0,0.3,12.0,17.0,0.13,23.0,19.0
2026-03-13,8,0.28,9.0,10.0,0.3,13.0,17.0,0.16,25.0,20.0
2026-03-13,9,0.3,7.0,10.0,0.31,14.0,18.0,0.18,25.0,20.0
2026-03-13,10,0.31,5.0,10.0,0.32,13.0,17.0,0.19,23.0,20.0
2026-03-13,11,0.33,7.0,10.0,0.34,14.0,17.0,0.2,21.0,20.0
2026-03-13,12,0.34,15.0,10.0,0.37,13.0,17.0,0.22,20.0,19.0
2026-03-13,13,0.34,11.0,10.0,0.42,21.0,17.0,0.22,18.0,19.0
2026-03-13,14,0.34,13.0,10.0,0.48,17.0,17.0,0.23,18.0,18.0
2026-03-13,15,0.33,12.0,10.0,0.5,13.0,16.0,0.22,19.0,17.0
2026-03-13,16,0.31,13.0,10.0,0.54,17.0,16.0,0.2,17.0,17.0
2026-03-13,17,0.3,11.0,10.0,0.58,21.0,16.0,0.2,20.0,16.0
2026-03-13,18,0.29,13.0,11.0,0.64,22.0,16.0,0.21,19.0,16.0
2026-03-13,19,0.29,15.0,11.0,0.68,24.0,16.0,0.23,22.0,16.0
2026-03-13,20,0.29,14.0,11.0,0.68,17.0,15.0,0.23,24.0,16.0
2026-03-13,21,0.3,13.0,11.0,0.66,16.0,15.0,0.24,21.0,16.0
2026-03-13,22,0.3,13.0,11.0,0.63,19.0,16.0,0.24,23.0,16.0
2026-03-13,23,0.31,12.0,11.0,0.64,16.0,16.0,0.24,23.0,16.0
2026-03-13,24,0.31,10.0,12.0,0.62,13.0,16.0,0.24,22.0,16.0
2026-03-14,1,0.3,10.0,12.0,0.59,15.0,16.0,0.24,22.0,16.0
2026-03-14,2,0.28,9.0,12.0,0.55,17.0,16.0,0.24,21.0,16.0
2026-03-14,3,0.25,8.0,12.0,0.52,14.0,16.0,0.23,21.0,16.0
2026-03-14,4,0.23,7.0,12.0,0.51,13.0,16.0,0.22,20.0,17.0
2026-03-14,5,0.2,6.0,12.0,0.49,13.0,17.0,0.22,19.0,17.0
2026-03-14,6,0.18,10.0,12.0,0.47,13.0,17.0,0.21,19.0,17.0
2026-03-14,7,0.15,12.0,13.0,0.45,13.0,17.0,0.21,20.0,17.0
2026-03-14,8,0.14,10.0,13.0,0.44,12.0,17.0,0.21,21.0,17.0
2026-03-14,9,0.13,9.0,13.0,0.42,16.0,17.0,0.21,21.0,17.0
2026-03-14,10,0.13,8.0,13.0,0.39,12.0,17.0,0.21,21.0,17.0
2026-03-14,11,0.13,8.0,14.0,0.37,15.0,18.0,0.2,19.0,17.0
2026-03-14,12,0.15,9.0,13.0,0.36,13.0,18.0,0.2,18.0,17.0
2026-03-14,13,0.16,8.0,13.0,0.35,9.0,18.0,0.2,16.0,17.0
2026-03-14,14,0.17,8.0,13.0,0.37,16.0,18.0,0.21,15.0,18.0
2026-03-14,15,0.18,10.0,13.0,0.37,17.0,19.0,0.21,14.0,18.0
2026-03-14,16,0.18,10.0,14.0,0.38,17.0,19.0,0.2,16.0,19.0
2026-03-14,17,0.19,12.0,14.0,0.41,24.0,19.0,0.21,17.0,19.0
2026-03-14,18,0.21,15.0,14.0,0.44,18.0,19.0,0.21,19.0,19.0
2026-03-14,19,0.22,17.0,14.0,0.45,18.0,19.0,0.22,23.0,19.0
2026-03-14,20,0.22,16.0,14.0,0.48,20.0,19.0,0.22,22.0,18.0
2026-03-14,21,0.24,14.0,14.0,0.51,17.0,19.0,0.24,23.0,19.0
2026-03-14,22,0.26,13.0,14.0,0.52,24.0,19.0,0.24,23.0,19.0
2026-03-14,23,0.27,12.0,14.0,0.55,18.0,19.0,0.25,21.0,18.0
2026-03-14,24,0.27,9.0,14.0,0.55,15.0,19.0,0.26,20.0,18.0
2026-03-15,1,0.27,8.0,14.0,0.54,16.0,19.0,0.26,19.0,18.0
2026-03-15,2,0.26,10.0,14.0,0.56,17.0,19.0,0.25,19.0,18.0
2026-03-15,3,0.25,9.0,14.0,0.56,16.0,19.0,0.25,19.0,18.0
2026-03-15,4,0.24,11.0,14.0,0.54,12.0,19.0,0.25,19.0,18.0
2026-03-15,5,0.22,9.0,14.0,0.51,15.0,19.0,0.25,22.0,18.0
2026-03-15,6,0.2,10.0,15.0,0.48,10.0,19.0,0.25,23.0,18.0
2026-03-15,7,0.2,12.0,15.0,0.45,10.0,19.0,0.27,23.0,18.0
2026-03-15,8,0.19,11.0,14.0,0.43,9.0,19.0,0.28,24.0,18.0
2026-03-15,9,0.18,9.0,14.0,0.39,7.0,19.0,0.28,24.0,18.0
2026-03-15,10,0.17,6.0,14.0,0.34,7.0,18.0,0.29,24.0,17.0
2026-03-15,11,0.16,6.0,14.0,0.31,6.0,18.0,0.29,23.0,17.0
2026-03-15,12,0.15,6.0,14.0,0.29,6.0,18.0,0.3,20.0,17.0
2026-03-15,13,0.15,6.0,14.0,0.28,7.0,18.0,0.3,18.0,17.0
2026-03-15,14,0.15,6.0,14.0,0.27,5.0,17.0,0.29,14.0,17.0
2026-03-15,15,0.12,6.0,14.0,0.26,5.0,17.0,0.26,13.0,17.0
2026-03-15,16,0.11,6.0,14.0,0.25,6.0,16.0,0.25,14.0,16.0
2026-03-15,17,0.12,6.0,13.0,0.25,6.0,16.0,0.24,19.0,15.0
2026-03-15,18,0.12,8.0,13.0,0.25,8.0,16.0,0.24,19.0,15.0
2026-03-15,19,0.14,13.0,13.0,0.28,16.0,16.0,0.24,23.0,15.0
2026-03-15,20,0.16,22.0,13.0,0.32,22.0,16.0,0.23,24.0,16.0
2026-03-15,21,0.19,18.0,13.0,0.35,23.0,16.0,0.23,27.0,15.0
2026-03-15,22,0.2,15.0,13.0,0.38,20.0,16.0,0.24,24.0,15.0
2026-03-15,23,0.21,14.0,13.0,0.42,20.0,16.0,0.25,21.0,15.0
2026-03-15,24,0.23,15.0,12.0,0.46,17.0,16.0,0.25,20.0,15.0
2026-03-16,1,0.24,17.0,12.0,0.5,23.0,16.0,0.25,18.0,15.0
2026-03-16,2,0.25,10.0,12.0,0.51,22.0,15.0,0.25,18.0,15.0
2026-03-16,3,0.24,8.0,12.0,0.49,15.0,15.0,0.24,18.0,15.0
2026-03-16,4,0.21,6.0,11.0,0.44,9.0,15.0,0.22,27.0,14.0
2026-03-16,5,0.18,5.0,11.0,0.41,6.0,15.0,0.2,20.0,15.0
2026-03-16,6,0.16,8.0,11.0,0.38,12.0,14.0,0.2,19.0,15.0
2026-03-16,7,0.16,12.0,11.0,0.35,13.0,14.0,0.19,21.0,15.0
2026-03-16,8,0.16,13.0,11.0,0.32,13.0,14.0,0.2,22.0,15.0
2026-03-16,9,0.17,13.0,11.0,0.29,12.0,14.0,0.22,25.0,16.0
2026-03-16,10,0.17,12.0,11.0,0.29,10.0,14.0,0.22,25.0,16.0
2026-03-16,11,0.18,11.0,12.0,0.29,10.0,15.0,0.22,26.0,17.0
2026-03-16,12,0.2,12.0,12.0,0.3,10.0,15.0,0.24,25.0,18.0
2026-03-16,13,0.22,13.0,12.0,0.3,9.0,15.0,0.29,25.0,19.0
2026-03-16,14,0.25,14.0,12.0,0.39,18.0,16.0,0.32,24.0,20.0
2026-03-16,15,0.25,12.0,13.0,0.67,25.0,17.0,0.32,19.0,20.0
2026-03-16,16,0.25,13.0,13.0,0.84,25.0,17.0,0.33,20.0,21.0
2026-03-16,17,0.25,12.0,13.0,0.89,24.0,18.0,0.36,22.0,22.0
2026-03-16,18,0.26,14.0,13.0,0.91,19.0,19.0,0.4,26.0,23.0
2026-03-16,19,0.29,22.0,13.0,1.0,34.0,20.0,0.42,25.0,24.0
2026-03-16,20,0.3,24.0,14.0,1.03,25.0,20.0,0.43,27.0,25.0
2026-03-16,21,0.31,18.0,14.0,1.05,21.0,20.0,0.39,26.0,26.0
2026-03-16,22,0.3,19.0,14.0,0.98,24.0,21.0,0.38,22.0,27.0
2026-03-16,23,0.29,19.0,14.0,0.73,17.0,21.0,0.37,20.0,27.0
2026-03-16,24,0.28,15.0,14.0,0.57,17.0,21.0,0.36,18.0,27.0
2026-03-17,1,0.29,18.0,15.0,0.53,15.0,22.0,0.31,17.0,28.0
2026-03-17,2,0.27,16.0,15.0,0.52,17.0,22.0,0.27,15.0,28.0
2026-03-17,3,0.24,7.0,15.0,0.43,17.0,22.0,0.25,14.0,28.0
2026-03-17,4,0.2,6.0,16.0,0.4,8.0,22.0,0.23,15.0,28.0
2026-03-17,5,0.18,5.0,16.0,0.38,7.0,22.0,0.22,16.0,29.0
2026-03-17,6,0.17,8.0,17.0,0.37,7.0,23.0,0.22,20.0,29.0
2026-03-17,7,0.16,11.0,17.0,0.35,13.0,23.0,0.24,21.0,29.0
2026-03-17,8,0.19,15.0,17.0,0.34,16.0,23.0,0.26,22.0,30.0
2026-03-17,9,0.2,15.0,17.0,0.34,13.0,23.0,0.29,22.0,30.0
2026-03-17,10,0.22,13.0,18.0,0.34,12.0,23.0,0.31,21.0,30.0
2026-03-17,11,0.25,12.0,17.0,0.35,12.0,23.0,0.33,22.0,29.0
2026-03-17,12,0.27,12.0,18.0,0.36,13.0,22.0,0.34,21.0,29.0
2026-03-17,13,0.29,13.0,19.0,0.43,19.0,23.0,0.35,21.0,29.0
2026-03-17,14,0.31,12.0,24.0,0.45,14.0,27.0,0.36,20.0,51.0
2026-03-17,15,0.31,12.0,23.0,0.51,32.0,26.0,0.35,31.0,50.0
2026-03-17,16,0.29,15.0,23.0,0.59,29.0,25.0,0.32,51.0,49.0
2026-03-17,17,0.27,15.0,23.0,0.64,27.0,25.0,0.31,33.0,48.0
2026-03-17,18,0.25,13.0,23.0,0.67,23.0,25.0,0.29,31.0,47.0
2026-03-17,19,0.24,13.0,22.0,0.69,19.0,24.0,0.28,30.0,46.0
2026-03-17,20,0.23,13.0,22.0,0.74,25.0,24.0,0.28,28.0,45.0
2026-03-17,21,0.23,14.0,22.0,0.72,26.0,24.0,0.3,26.0,44.0
2026-03-17,22,0.22,14.0,21.0,0.76,27.0,24.0,0.3,24.0,43.0
2026-03-17,23,0.23,15.0,21.0,0.75,25.0,24.0,0.31,22.0,43.0
2026-03-17,24,0.22,12.0,21.0,0.72,22.0,24.0,0.3,21.0,42.0
2026-03-18,1,0.2,8.0,21.0,0.71,20.0,24.0,0.29,21.0,42.0
2026-03-18,2,0.18,8.0,21.0,0.69,18.0,24.0,0.27,19.0,42.0
2026-03-18,3,0.16,5.0,21.0,0.66,15.0,24.0,0.26,18.0,42.0
2026-03-18,4,0.13,5.0,21.0,0.6,13.0,24.0,0.24,17.0,41.0
2026-03-18,5,0.11,5.0,20.0,0.54,11.0,24.0,0.2,16.0,41.0
2026-03-18,6,0.09,8.0,20.0,0.49,15.0,24.0,0.18,17.0,41.0
2026-03-18,7,0.08,11.0,21.0,0.46,19.0,25.0,0.17,18.0,40.0
2026-03-18,8,0.08,11.0,21.0,0.47,23.0,26.0,0.17,19.0,40.0
2026-03-18,9,0.1,11.0,21.0,0.5,28.0,27.0,0.18,21.0,40.0
2026-03-18,10,0.11,10.0,21.0,0.56,40.0,28.0,0.19,20.0,40.0
2026-03-18,11,0.12,10.0,21.0,0.63,30.0,29.0,0.2,19.0,40.0
2026-03-18,12,0.14,10.0,21.0,0.7,27.0,30.0,0.2,16.0,40.0
2026-03-18,13,0.15,11.0,21.0,0.76,32.0,31.0,0.21,17.0,40.0
2026-03-18,14,0.17,13.0,16.0,0.81,26.0,27.0,0.22,23.0,18.0
2026-03-18,15,0.18,12.0,17.0,0.82,24.0,28.0,0.23,24.0,19.0
2026-03-18,16,0.18,9.0,18.0,0.76,18.0,28.0,0.24,20.0,20.0
2026-03-18,17,0.17,9.0,18.0,0.68,16.0,28.0,0.23,22.0,21.0
2026-03-18,18,0.17,10.0,18.0,0.6,14.0,28.0,0.24,20.0,22.0
2026-03-18,19,0.17,11.0,19.0,0.52,18.0,29.0,0.25,22.0,23.0
2026-03-18,20,0.18,12.0,19.0,0.45,16.0,29.0,0.26,22.0,24.0
2026-03-18,21,0.18,11.0,19.0,0.43,17.0,28.0,0.26,25.0,24.0
2026-03-18,22,0.18,12.0,20.0,0.39,16.0,28.0,0.26,24.0,24.0
2026-03-18,23,0.17,11.0,20.0,0.34,16.0,28.0,0.25,22.0,24.0
2026-03-18,24,0.17,10.0,20.0,0.33,14.0,28.0,0.24,24.0,25.0
2026-03-19,1,0.16,8.0,20.0,0.31,14.0,28.0,0.23,23.0,25.0
2026-03-19,2,0.15,6.0,20.0,0.29,11.0,27.0,0.21,21.0,25.0
2026-03-19,3,0.13,6.0,20.0,0.26,7.0,28.0,0.19,20.0,25.0
2026-03-19,4,0.11,6.0,21.0,0.23,7.0,28.0,0.18,20.0,26.0
2026-03-19,5,0.09,5.0,21.0,0.21,5.0,28.0,0.17,20.0,26.0
2026-03-19,6,0.07,6.0,21.0,0.18,9.0,28.0,0.16,22.0,26.0
2026-03-19,7,0.07,10.0,21.0,0.17,14.0,27.0,0.17,28.0,26.0
2026-03-19,8,0.07,14.0,21.0,0.17,20.0,27.0,0.18,28.0,26.0
2026-03-19,9,0.08,14.0,21.0,0.18,16.0,26.0,0.19,22.0,26.0
2026-03-19,10,0.1,13.0,21.0,0.19,16.0,25.0,0.19,18.0,26.0
2026-03-19,11,0.12,12.0,21.0,0.19,11.0,24.0,0.2,19.0,26.0
2026-03-19,12,0.13,13.0,20.0,0.22,18.0,24.0,0.21,16.0,26.0
2026-03-19,13,0.15,12.0,20.0,0.25,21.0,23.0,0.21,15.0,26.0
2026-03-19,14,0.16,12.0,20.0,0.29,21.0,23.0,0.22,22.0,26.0
2026-03-19,15,0.18,13.0,20.0,0.34,27.0,23.0,0.22,23.0,26.0
2026-03-19,16,0.18,14.0,21.0,0.42,26.0,24.0,0.22,26.0,26.0
2026-03-19,17,0.18,16.0,21.0,0.46,23.0,24.0,0.23,28.0,26.0
2026-03-19,18,0.19,17.0,21.0,0.5,21.0,24.0,0.26,30.0,26.0
2026-03-19,19,0.2,17.0,21.0,0.52,21.0,25.0,0.28,30.0,27.0
2026-03-19,20,0.21,15.0,21.0,0.52,18.0,25.0,0.29,30.0,28.0
2026-03-19,21,0.22,15.0,21.0,0.52,17.0,25.0,0.3,28.0,28.0
2026-03-19,22,0.22,14.0,21.0,0.5,17.0,25.0,0.3,26.0,28.0
2026-03-19,23,0.21,13.0,21.0,0.45,14.0,26.0,0.29,22.0,28.0
2026-03-19,24,0.21,13.0,21.0,0.38,16.0,26.0,0.28,21.0,29.0
2026-03-20,1,0.2,10.0,21.0,0.33,9.0,27.0,0.26,21.0,29.0
2026-03-20,2,0.18,9.0,21.0,0.29,10.0,27.0,0.23,24.0,29.0
2026-03-20,3,0.15,8.0,21.0,0.25,8.0,27.0,0.21,21.0,29.0
2026-03-20,4,0.13,8.0,21.0,0.24,8.0,26.0,0.19,20.0,29.0
2026-03-20,5,0.11,14.0,20.0,0.21,7.0,26.0,0.17,20.0,29.0
2026-03-20,6,0.1,15.0,20.0,0.19,10.0,26.0,0.17,21.0,29.0
2026-03-20,7,0.09,16.0,19.0,0.18,13.0,25.0,0.17,23.0,28.0
2026-03-20,8,0.1,13.0,19.0,0.17,11.0,25.0,0.17,23.0,27.0
2026-03-20,9,0.11,12.0,18.0,0.17,14.0,24.0,0.19,24.0,27.0
2026-03-20,10,0.13,12.0,18.0,0.17,15.0,24.0,0.2,26.0,26.0
2026-03-20,11,0.14,11.0,17.0,0.18,13.0,24.0,0.22,27.0,26.0
2026-03-20,12,0.16,12.0,17.0,0.2,13.0,23.0,0.24,26.0,26.0
2026-03-20,13,0.2,15.0,16.0,0.25,18.0,23.0,0.26,22.0,25.0
2026-03-20,14,0.22,13.0,16.0,0.3,17.0,22.0,0.27,21.0,24.0
2026-03-20,15,0.24,14.0,15.0,0.35,19.0,22.0,0.28,21.0,24.0
2026-03-20,16,0.25,20.0,15.0,0.4,19.0,21.0,0.28,23.0,23.0
2026-03-20,17,0.26,23.0,15.0,0.46,25.0,20.0,0.28,24.0,22.0
2026-03-20,18,0.28,24.0,14.0,0.5,22.0,20.0,0.3,28.0,21.0
2026-03-20,19,0.3,20.0,14.0,0.52,23.0,19.0,0.29,25.0,20.0
2026-03-20,20,0.31,21.0,14.0,0.54,21.0,19.0,0.29,25.0,19.0
2026-03-20,21,0.34,21.0,13.0,0.55,24.0,19.0,0.29,25.0,19.0
2026-03-20,22,0.4,20.0,13.0,0.59,26.0,19.0,0.31,25.0,18.0
2026-03-20,23,0.47,20.0,13.0,0.64,28.0,19.0,0.36,29.0,19.0
2026-03-20,24,0.53,19.0,13.0,0.73,28.0,19.0,0.4,29.0,20.0
2026-03-21,1,0.57,19.0,14.0,0.81,26.0,19.0,0.45,28.0,20.0
2026-03-21,2,0.61,19.0,14.0,0.88,26.0,19.0,0.49,31.0,20.0
2026-03-21,3,0.6,15.0,13.0,0.87,16.0,19.0,0.51,46.0,20.0
2026-03-21,4,0.58,10.0,13.0,0.84,14.0,19.0,0.51,50.0,19.0
2026-03-21,5,0.53,9.0,13.0,0.81,13.0,19.0,0.51,56.0,19.0
2026-03-21,6,0.45,9.0,13.0,0.75,13.0,19.0,0.47,59.0,19.0
2026-03-21,7,0.37,12.0,13.0,0.67,20.0,19.0,0.42,55.0,20.0
2026-03-21,8,0.31,14.0,13.0,0.57,24.0,19.0,0.38,59.0,20.0
2026-03-21,9,0.26,16.0,13.0,0.48,25.0,19.0,0.32,66.0,19.0
2026-03-21,10,0.21,17.0,13.0,0.43,26.0,19.0,0.27,60.0,19.0
2026-03-21,11,0.24,18.0,13.0,0.49,27.0,19.0,0.25,57.0,18.0
2026-03-21,12,0.28,21.0,13.0,0.57,27.0,19.0,0.26,51.0,17.0
2026-03-21,13,0.31,21.0,13.0,0.62,27.0,19.0,0.28,53.0,17.0
2026-03-21,14,0.33,14.0,13.0,0.64,20.0,18.0,0.3,33.0,17.0
2026-03-21,15,0.32,9.0,13.0,0.64,12.0,18.0,0.31,25.0,17.0
2026-03-21,16,0.31,8.0,13.0,0.61,12.0,18.0,0.29,21.0,16.0
2026-03-21,17,0.29,9.0,13.0,0.57,15.0,18.0,0.27,11.0,16.0
2026-03-21,18,0.25,9.0,13.0,0.53,17.0,18.0,0.25,12.0,15.0
2026-03-21,19,0.21,9.0,13.0,0.46,16.0,18.0,0.23,13.0,15.0
2026-03-21,20,0.18,10.0,13.0,0.4,15.0,18.0,0.2,18.0,14.0
2026-03-21,21,0.16,14.0,13.0,0.36,21.0,18.0,0.19,23.0,14.0
2026-03-21,22,0.18,16.0,13.0,0.36,21.0,18.0,0.2,32.0,14.0
2026-03-21,23,0.22,17.0,13.0,0.38,20.0,17.0,0.23,33.0,13.0
2026-03-21,24,0.26,18.0,13.0,0.41,19.0,16.0,0.27,34.0,13.0
2026-03-22,1,0.3,16.0,12.0,0.41,20.0,16.0,0.31,32.0,12.0
2026-03-22,2,0.34,16.0,12.0,0.42,20.0,16.0,0.35,33.0,11.0
2026-03-22,3,0.37,17.0,13.0,0.44,20.0,16.0,0.38,33.0,12.0
2026-03-22,4,0.38,15.0,13.0,0.46,19.0,16.0,0.4,32.0,12.0
2026-03-22,5,0.38,13.0,13.0,0.46,15.0,16.0,0.41,31.0,12.0
2026-03-22,6,0.35,11.0,14.0,0.44,18.0,17.0,0.39,30.0,12.0
2026-03-22,7,0.32,12.0,14.0,0.44,19.0,17.0,0.38,31.0,13.0
2026-03-22,8,0.3,13.0,14.0,0.44,18.0,18.0,0.37,32.0,13.0
2026-03-22,9,0.26,13.0,15.0,0.44,18.0,18.0,0.35,27.0,13.0
2026-03-22,10,0.23,11.0,15.0,0.45,19.0,18.0,0.33,28.0,14.0
2026-03-22,11,0.21,9.0,14.0,0.43,16.0,18.0,0.31,25.0,14.0
2026-03-22,12,0.18,10.0,14.0,0.41,16.0,17.0,0.29,25.0,14.0
2026-03-22,13,0.18,11.0,14.0,0.39,13.0,17.0,0.27,18.0,14.0
2026-03-22,14,0.18,9.0,14.0,0.36,12.0,17.0,0.25,18.0,13.0
2026-03-22,15,0.16,7.0,14.0,0.34,11.0,16.0,0.23,18.0,13.0
2026-03-22,16,0.14,11.0,14.0,0.3,12.0,16.0,0.2,20.0,12.0
2026-03-22,17,0.14,8.0,13.0,0.28,16.0,15.0,0.19,22.0,12.0
2026-03-22,18,0.13,8.0,13.0,0.25,11.0,15.0,0.19,23.0,12.0
2026-03-22,19,0.14,10.0,13.0,0.23,14.0,15.0,0.19,25.0,12.0
2026-03-22,20,0.14,11.0,13.0,0.24,19.0,15.0,0.2,29.0,12.0
2026-03-22,21,0.14,11.0,13.0,0.25,15.0,15.0,0.21,26.0,12.0
2026-03-22,22,0.14,9.0,13.0,0.26,11.0,15.0,0.21,28.0,12.0
2026-03-22,23,0.14,9.0,12.0,0.26,14.0,15.0,0.22,30.0,12.0
2026-03-22,24,0.14,8.0,12.0,0.27,12.0,15.0,0.23,29.0,12.0
2026-03-23,1,0.13,5.0,12.0,0.27,12.0,14.0,0.23,25.0,12.0
2026-03-23,2,0.13,6.0,11.0,0.26,10.0,14.0,0.22,24.0,11.0
2026-03-23,3,0.12,6.0,11.0,0.26,10.0,14.0,0.21,25.0,11.0
2026-03-23,4,0.11,6.0,11.0,0.24,9.0,14.0,0.2,25.0,11.0
2026-03-23,5,0.09,7.0,10.0,0.23,8.0,14.0,0.19,27.0,10.0
2026-03-23,6,0.09,10.0,10.0,0.22,15.0,13.0,0.19,28.0,10.0
2026-03-23,7,0.1,14.0,10.0,0.24,22.0,14.0,0.18,29.0,11.0
2026-03-23,8,0.13,14.0,10.0,0.27,20.0,14.0,0.18,31.0,11.0
2026-03-23,9,0.17,15.0,10.0,0.31,23.0,14.0,0.21,31.0,11.0
2026-03-23,10,0.21,17.0,11.0,0.36,24.0,14.0,0.23,32.0,11.0
2026-03-23,11,0.25,18.0,12.0,0.43,26.0,16.0,0.25,29.0,12.0
2026-03-23,12,0.28,14.0,13.0,0.5,26.0,17.0,0.27,26.0,13.0
2026-03-23,13,0.31,15.0,14.0,0.58,24.0,18.0,0.28,27.0,14.0
2026-03-23,14,0.31,10.0,14.0,0.63,25.0,19.0,0.29,19.0,14.0
2026-03-23,15,0.31,11.0,14.0,0.66,24.0,21.0,0.28,16.0,15.0
2026-03-23,16,0.28,10.0,14.0,0.67,23.0,21.0,0.27,14.0,16.0
2026-03-23,17,0.25,9.0,15.0,0.67,21.0,22.0,0.25,13.0,16.0
2026-03-23,18,0.2,8.0,15.0,0.65,22.0,23.0,0.23,12.0,17.0
2026-03-23,19,0.17,10.0,15.0,0.62,20.0,23.0,0.21,14.0,17.0
2026-03-23,20,0.16,12.0,16.0,0.59,20.0,23.0,0.2,19.0,17.0
2026-03-23,21,0.15,14.0,16.0,0.54,21.0,24.0,0.2,23.0,18.0
2026-03-23,22,0.16,12.0,16.0,0.51,19.0,24.0,0.21,23.0,18.0
2026-03-23,23,0.16,11.0,17.0,0.49,19.0,25.0,0.22,22.0,18.0
2026-03-23,24,0.17,11.0,17.0,0.47,19.0,25.0,0.23,23.0,18.0
2026-03-24,1,0.17,10.0,17.0,0.45,14.0,25.0,0.24,25.0,19.0
2026-03-24,2,0.17,11.0,18.0,0.43,15.0,26.0,0.25,27.0,19.0
2026-03-24,3,0.16,10.0,18.0,0.42,20.0,26.0,0.25,30.0,20.0
2026-03-24,4,0.15,12.0,18.0,0.4,18.0,26.0,0.24,30.0,20.0
2026-03-24,5,0.13,12.0,19.0,0.39,18.0,26.0,0.23,31.0,20.0
2026-03-24,6,0.12,12.0,19.0,0.39,20.0,26.0,0.23,30.0,20.0
2026-03-24,7,0.13,13.0,19.0,0.39,20.0,26.0,0.24,32.0,20.0
2026-03-24,8,0.13,14.0,19.0,0.4,21.0,26.0,0.26,33.0,20.0
2026-03-24,9,0.14,14.0,19.0,0.41,22.0,26.0,0.3,35.0,20.0
2026-03-24,10,0.14,12.0,18.0,0.41,19.0,25.0,0.31,31.0,20.0
2026-03-24,11,0.14,10.0,17.0,0.41,20.0,24.0,0.31,25.0,20.0
2026-03-24,12,0.14,9.0,17.0,0.42,20.0,22.0,0.31,21.0,19.0
2026-03-24,13,0.15,9.0,16.0,0.42,19.0,22.0,0.31,22.0,18.0
2026-03-24,14,0.15,10.0,16.0,0.42,35.0,21.0,0.31,27.0,18.0
2026-03-24,15,0.14,11.0,16.0,0.46,33.0,20.0,0.29,24.0,18.0
2026-03-24,16,0.13,9.0,16.0,0.43,27.0,20.0,0.27,30.0,17.0
2026-03-24,17,0.14,10.0,15.0,0.39,23.0,19.0,0.24,34.0,17.0
2026-03-24,18,0.14,10.0,15.0,0.36,22.0,19.0,0.24,35.0,16.0
2026-03-24,19,0.15,13.0,15.0,0.34,25.0,19.0,0.26,38.0,17.0
2026-03-24,20,0.21,18.0,15.0,0.33,24.0,18.0,0.29,40.0,16.0
2026-03-24,21,0.3,20.0,16.0,0.35,26.0,18.0,0.33,40.0,17.0
2026-03-24,22,0.36,20.0,16.0,0.38,27.0,18.0,0.34,40.0,16.0
2026-03-24,23,0.42,24.0,17.0,0.35,37.0,18.0,0.36,44.0,16.0
2026-03-24,24,0.48,26.0,17.0,0.38,36.0,17.0,0.37,44.0,16.0
2026-03-25,1,0.51,24.0,17.0,0.45,39.0,18.0,0.42,49.0,16.0
2026-03-25,2,0.54,24.0,17.0,0.52,30.0,18.0,0.49,49.0,17.0
2026-03-25,3,0.56,24.0,17.0,0.54,20.0,18.0,0.51,47.0,17.0
2026-03-25,4,0.53,22.0,17.0,0.55,34.0,18.0,0.52,41.0,18.0
2026-03-25,5,0.46,20.0,17.0,0.55,27.0,18.0,0.53,42.0,18.0
2026-03-25,6,0.42,20.0,18.0,0.54,26.0,18.0,0.56,42.0,18.0
2026-03-25,7,0.41,20.0,18.0,0.53,29.0,18.0,0.59,41.0,19.0
2026-03-25,8,0.44,22.0,19.0,0.59,33.0,18.0,0.63,46.0,20.0
2026-03-25,9,0.51,25.0,20.0,0.64,36.0,19.0,0.63,44.0,21.0
2026-03-25,10,0.52,25.0,21.0,0.69,36.0,21.0,0.58,36.0,23.0
2026-03-25,11,0.52,24.0,22.0,0.79,44.0,22.0,0.55,37.0,24.0
2026-03-25,12,0.52,23.0,23.0,0.89,43.0,24.0,0.51,30.0,23.0
2026-03-25,13,0.52,18.0,23.0,0.97,46.0,26.0,0.47,38.0,26.0
2026-03-25,14,0.51,25.0,24.0,0.99,46.0,28.0,0.46,47.0,28.0
2026-03-25,15,0.49,24.0,25.0,0.98,26.0,29.0,0.43,45.0,29.0
2026-03-25,16,0.41,22.0,26.0,0.9,25.0,30.0,0.4,42.0,33.0
2026-03-25,17,0.31,23.0,26.0,0.8,24.0,31.0,0.37,46.0,34.0
2026-03-25,18,0.29,24.0,27.0,0.69,26.0,32.0,0.37,50.0,35.0
2026-03-25,19,0.3,30.0,27.0,0.59,28.0,33.0,0.37,47.0,35.0
2026-03-25,20,0.32,39.0,28.0,0.47,32.0,33.0,0.41,58.0,36.0
2026-03-25,21,0.4,41.0,28.0,0.38,41.0,33.0,0.45,62.0,37.0
2026-03-25,22,0.47,39.0,29.0,0.38,50.0,34.0,0.47,66.0,39.0
2026-03-25,23,0.56,37.0,29.0,0.41,45.0,34.0,0.49,61.0,39.0
2026-03-25,24,0.63,36.0,30.0,0.47,49.0,34.0,0.52,59.0,40.0
2026-03-26,1,0.69,35.0,31.0,0.53,38.0,34.0,0.55,57.0,40.0
2026-03-26,2,0.71,28.0,31.0,0.54,21.0,34.0,0.54,52.0,39.0
2026-03-26,3,0.7,18.0,31.0,0.55,29.0,35.0,0.53,48.0,39.0
2026-03-26,4,0.7,25.0,31.0,0.58,36.0,35.0,0.51,48.0,39.0
2026-03-26,5,0.67,27.0,31.0,0.6,37.0,35.0,0.48,46.0,39.0
2026-03-26,6,0.65,26.0,32.0,0.63,38.0,36.0,0.49,47.0,39.0
2026-03-26,7,0.67,28.0,33.0,0.65,41.0,36.0,0.5,46.0,39.0
2026-03-26,8,0.72,31.0,33.0,0.65,41.0,36.0,0.48,47.0,38.0
2026-03-26,9,0.67,33.0,33.0,0.63,36.0,36.0,0.43,49.0,38.0
2026-03-26,10,0.71,21.0,33.0,0.64,28.0,34.0,0.42,49.0,36.0
2026-03-26,11,0.71,,32.0,0.64,27.0,34.0,0.4,42.0,35.0
2026-03-26,12,0.68,,31.0,0.61,29.0,33.0,0.38,34.0,34.0
2026-03-26,13,0.64,14.0,30.0,0.6,26.0,30.0,0.34,30.0,33.0
2026-03-26,14,0.57,17.0,29.0,0.56,31.0,29.0,0.29,26.0,31.0
2026-03-26,15,0.45,19.0,29.0,0.53,29.0,28.0,0.26,34.0,31.0
2026-03-26,16,0.3,17.0,29.0,0.51,33.0,27.0,0.25,39.0,29.0
2026-03-26,17,0.3,24.0,29.0,0.52,31.0,27.0,0.26,43.0,29.0
2026-03-26,18,0.3,18.0,29.0,0.54,30.0,27.0,0.27,37.0,29.0
2026-03-26,19,0.32,20.0,28.0,0.6,36.0,28.0,0.27,34.0,28.0
2026-03-26,20,0.33,22.0,28.0,0.64,32.0,28.0,0.28,41.0,28.0
2026-03-26,21,0.34,23.0,27.0,0.66,28.0,28.0,0.29,38.0,27.0
2026-03-26,22,0.35,19.0,26.0,0.66,26.0,27.0,0.29,38.0,26.0
2026-03-26,23,0.35,16.0,25.0,0.64,20.0,27.0,0.27,31.0,25.0
2026-03-26,24,0.35,14.0,24.0,0.6,17.0,26.0,0.24,30.0,25.0
2026-03-27,1,0.33,10.0,23.0,0.57,16.0,26.0,0.21,28.0,24.0
2026-03-27,2,0.32,8.0,23.0,0.6,14.0,26.0,0.19,28.0,24.0
2026-03-27,3,0.29,8.0,23.0,0.59,13.0,26.0,0.18,28.0,24.0
2026-03-27,4,0.27,7.0,23.0,0.53,11.0,25.0,0.16,27.0,24.0
2026-03-27,5,0.24,6.0,22.0,0.49,9.0,25.0,0.15,26.0,23.0
2026-03-27,6,0.23,7.0,21.0,0.45,10.0,24.0,0.14,29.0,22.0
2026-03-27,7,0.21,9.0,19.0,0.42,13.0,23.0,0.15,29.0,21.0
2026-03-27,8,0.22,10.0,17.0,0.41,15.0,23.0,0.18,25.0,20.0
2026-03-27,9,0.24,10.0,16.0,0.4,13.0,22.0,0.18,21.0,20.0
2026-03-27,10,0.26,9.0,15.0,0.31,16.0,22.0,0.19,,20.0
2026-03-27,11,0.28,10.0,15.0,0.26,14.0,21.0,0.21,22.0,21.0
2026-03-27,12,0.3,11.0,15.0,0.26,15.0,22.0,0.21,15.0,21.0
2026-03-27,13,0.33,11.0,15.0,0.28,20.0,22.0,0.22,15.0,21.0
2026-03-27,14,0.37,13.0,16.0,0.32,19.0,22.0,0.24,16.0,21.0
2026-03-27,15,0.4,15.0,16.0,0.37,20.0,21.0,0.25,22.0,20.0
2026-03-27,16,0.41,17.0,16.0,0.43,29.0,21.0,0.25,24.0,17.0
2026-03-27,17,0.43,18.0,16.0,0.53,36.0,21.0,0.26,28.0,17.0
2026-03-27,18,0.45,20.0,16.0,0.65,38.0,20.0,0.27,26.0,16.0
2026-03-27,19,0.49,20.0,15.0,0.76,32.0,19.0,0.29,26.0,16.0
2026-03-27,20,0.49,18.0,15.0,0.82,22.0,19.0,0.32,28.0,15.0
2026-03-27,21,0.5,16.0,15.0,0.84,21.0,19.0,0.34,28.0,15.0
2026-03-27,22,0.5,16.0,15.0,0.85,22.0,19.0,0.34,26.0,14.0
2026-03-27,23,0.49,16.0,15.0,0.84,20.0,19.0,0.35,29.0,14.0
2026-03-27,24,0.5,14.0,15.0,0.83,20.0,19.0,0.35,32.0,13.0
2026-03-28,1,0.49,13.0,14.0,0.76,18.0,19.0,0.35,32.0,13.0
2026-03-28,2,0.47,13.0,14.0,0.65,17.0,19.0,0.34,34.0,12.0
2026-03-28,3,0.43,13.0,14.0,0.55,17.0,19.0,0.33,63.0,12.0
2026-03-28,4,0.41,11.0,14.0,0.48,15.0,19.0,0.32,64.0,12.0
2026-03-28,5,0.38,9.0,14.0,0.43,10.0,18.0,0.31,64.0,12.0
2026-03-28,6,0.35,8.0,14.0,0.38,11.0,18.0,0.31,66.0,12.0
2026-03-28,7,0.34,10.0,14.0,0.35,16.0,18.0,0.32,69.0,12.0
2026-03-28,8,0.34,12.0,14.0,0.32,23.0,18.0,0.33,71.0,11.0
2026-03-28,9,0.36,14.0,14.0,0.33,24.0,18.0,0.34,68.0,10.0
2026-03-28,10,0.37,15.0,14.0,0.34,25.0,17.0,0.35,67.0,10.0
2026-03-28,11,0.43,18.0,14.0,0.38,26.0,16.0,0.36,63.0,8.0
2026-03-28,12,0.48,19.0,13.0,0.41,26.0,16.0,0.37,60.0,8.0
2026-03-28,13,0.53,20.0,13.0,0.44,19.0,15.0,0.38,58.0,8.0
2026-03-28,14,0.56,16.0,12.0,0.47,17.0,15.0,0.38,56.0,8.0
2026-03-28,15,0.57,12.0,12.0,0.5,18.0,15.0,0.37,46.0,8.0
2026-03-28,16,0.56,12.0,12.0,0.52,16.0,14.0,0.34,44.0,8.0
2026-03-28,17,0.54,11.0,11.0,0.52,18.0,14.0,0.32,30.0,7.0
2026-03-28,18,0.54,11.0,11.0,0.53,15.0,14.0,0.32,24.0,7.0
2026-03-28,19,0.49,14.0,11.0,0.5,15.0,13.0,0.31,25.0,7.0
2026-03-28,20,0.46,15.0,11.0,0.5,15.0,13.0,0.3,27.0,7.0
2026-03-28,21,0.46,15.0,11.0,0.5,19.0,13.0,0.29,28.0,7.0
2026-03-28,22,0.48,16.0,11.0,0.52,20.0,12.0,0.29,41.0,7.0
2026-03-28,23,0.5,16.0,11.0,0.51,19.0,12.0,0.3,30.0,6.0
2026-03-28,24,0.5,12.0,11.0,0.5,14.0,12.0,0.29,26.0,6.0
2026-03-29,1,0.5,12.0,11.0,0.47,12.0,11.0,0.29,25.0,6.0
2026-03-29,2,0.49,9.0,11.0,0.43,14.0,11.0,0.29,23.0,6.0
2026-03-29,3,0.49,9.0,10.0,0.42,14.0,11.0,0.28,25.0,6.0
2026-03-29,4,0.48,10.0,10.0,0.41,11.0,11.0,0.28,25.0,6.0
2026-03-29,5,0.44,8.0,10.0,0.4,11.0,12.0,0.27,25.0,6.0
2026-03-29,6,0.4,9.0,11.0,0.36,11.0,12.0,0.25,24.0,6.0
2026-03-29,7,0.37,8.0,11.0,0.33,16.0,12.0,0.25,26.0,6.0
2026-03-29,8,0.36,9.0,11.0,0.31,17.0,12.0,0.25,26.0,6.0
2026-03-29,9,0.34,9.0,11.0,0.31,14.0,13.0,0.26,27.0,6.0
2026-03-29,10,0.32,7.0,11.0,0.31,14.0,13.0,0.26,47.0,6.0
2026-03-29,11,0.3,6.0,11.0,0.3,12.0,13.0,0.27,51.0,7.0
2026-03-29,12,0.3,7.0,11.0,0.28,9.0,12.0,0.28,53.0,7.0
2026-03-29,13,0.29,6.0,11.0,0.25,8.0,12.0,0.28,47.0,6.0
2026-03-29,14,0.29,6.0,11.0,0.24,10.0,12.0,0.28,49.0,6.0
2026-03-29,15,0.28,7.0,10.0,0.24,9.0,12.0,0.27,45.0,6.0
2026-03-29,16,0.28,7.0,10.0,0.24,10.0,12.0,0.26,34.0,6.0
2026-03-29,17,0.29,10.0,11.0,0.23,18.0,12.0,0.24,24.0,6.0
2026-03-29,18,0.32,13.0,11.0,0.26,25.0,13.0,0.25,21.0,6.0
2026-03-29,19,0.36,15.0,11.0,0.33,27.0,13.0,0.25,22.0,6.0
2026-03-29,20,0.37,12.0,11.0,0.43,24.0,14.0,0.25,25.0,7.0
2026-03-29,21,0.38,10.0,11.0,0.49,20.0,14.0,0.26,28.0,7.0
2026-03-29,22,0.39,10.0,11.0,0.55,19.0,14.0,0.27,24.0,7.0
2026-03-29,23,0.41,14.0,11.0,0.59,18.0,15.0,0.29,27.0,7.0
2026-03-29,24,0.41,13.0,11.0,0.63,17.0,15.0,0.29,27.0,7.0
2026-03-30,1,0.42,12.0,11.0,0.65,17.0,16.0,0.29,26.0,23.0
2026-03-30,2,0.4,11.0,12.0,0.65,20.0,16.0,0.29,26.0,23.0
2026-03-30,3,0.38,10.0,12.0,0.6,18.0,17.0,0.27,25.0,23.0
2026-03-30,4,0.35,8.0,14.0,0.55,16.0,18.0,0.27,23.0,23.0
2026-03-30,5,0.34,7.0,14.0,0.52,15.0,19.0,0.26,21.0,23.0
2026-03-30,6,0.32,8.0,15.0,0.5,17.0,20.0,0.25,22.0,23.0
2026-03-30,7,0.31,9.0,15.0,0.51,22.0,22.0,0.25,22.0,23.0
2026-03-30,8,0.34,10.0,16.0,0.58,23.0,24.0,0.28,25.0,23.0
2026-03-30,9,0.4,11.0,17.0,0.68,28.0,25.0,0.3,24.0,23.0
2026-03-30,10,0.44,13.0,18.0,0.75,21.0,26.0,0.31,23.0,23.0
2026-03-30,11,0.46,16.0,19.0,0.8,24.0,26.0,0.32,21.0,23.0
2026-03-30,12,0.48,14.0,19.0,0.84,22.0,26.0,0.33,20.0,23.0
2026-03-30,13,0.51,13.0,19.0,0.89,25.0,27.0,0.35,21.0,23.0
2026-03-30,14,0.53,13.0,19.0,0.94,23.0,28.0,0.37,22.0,23.0
2026-03-30,15,0.54,11.0,19.0,0.95,17.0,28.0,0.38,21.0,23.0
2026-03-30,16,0.53,10.0,19.0,0.89,18.0,28.0,0.37,21.0,23.0
2026-03-30,17,0.47,11.0,19.0,0.83,21.0,29.0,0.36,22.0,23.0
2026-03-30,18,0.44,13.0,19.0,0.8,24.0,29.0,0.37,32.0,23.0
2026-03-30,19,0.43,15.0,20.0,0.8,23.0,29.0,0.38,41.0,23.0
2026-03-30,20,0.43,17.0,19.0,0.77,16.0,29.0,0.39,33.0,23.0
2026-03-30,21,0.43,21.0,20.0,0.7,16.0,29.0,0.38,31.0,23.0
2026-03-30,22,0.42,19.0,20.0,0.63,17.0,28.0,0.37,30.0,23.0
2026-03-30,23,0.42,15.0,20.0,0.6,22.0,28.0,0.35,28.0,23.0
2026-03-30,24,0.41,15.0,20.0,0.58,17.0,29.0,0.34,29.0,23.0
2026-03-31,1,0.41,15.0,20.0,0.54,15.0,28.0,0.32,29.0,17.0
2026-03-31,2,0.39,13.0,20.0,0.47,17.0,28.0,0.31,29.0,17.0
2026-03-31,3,0.37,13.0,19.0,0.39,14.0,28.0,0.27,29.0,17.0
2026-03-31,4,0.36,13.0,18.0,0.35,10.0,27.0,0.25,26.0,17.0
2026-03-31,5,0.34,9.0,17.0,0.34,11.0,25.0,0.23,24.0,17.0
2026-03-31,6,0.32,7.0,17.0,0.32,12.0,23.0,0.23,23.0,16.0
2026-03-31,7,0.31,9.0,16.0,0.29,14.0,21.0,0.24,24.0,16.0
2026-03-31,8,0.33,10.0,16.0,0.27,16.0,20.0,0.27,26.0,16.0
2026-03-31,9,0.33,11.0,14.0,0.26,13.0,18.0,0.29,25.0,16.0
2026-03-31,10,0.35,11.0,14.0,0.25,14.0,18.0,0.3,22.0,16.0
2026-03-31,11,0.37,10.0,14.0,0.25,14.0,18.0,0.31,21.0,17.0
2026-03-31,12,0.38,8.0,15.0,0.33,18.0,19.0,0.3,18.0,17.0
2026-03-31,13,0.4,8.0,15.0,0.48,15.0,19.0,0.31,16.0,12.0
2026-03-31,14,0.41,9.0,15.0,0.49,17.0,19.0,0.32,16.0,12.0
2026-03-31,15,0.43,10.0,15.0,0.5,15.0,20.0,0.31,15.0,11.0
2026-03-31,16,0.43,10.0,16.0,0.5,17.0,20.0,0.29,16.0,10.0
2026-03-31,17,0.43,11.0,16.0,0.51,19.0,20.0,0.29,18.0,8.0
2026-03-31,18,0.43,14.0,16.0,0.58,29.0,20.0,0.3,17.0,8.0
2026-03-31,19,0.47,24.0,16.0,0.69,29.0,20.0,0.32,20.0,8.0
2026-03-31,20,0.51,24.0,16.0,0.69,28.0,21.0,0.36,26.0,7.0
2026-03-31,21,0.54,24.0,16.0,0.62,27.0,21.0,0.38,24.0,7.0
2026-03-31,22,0.57,23.0,16.0,0.67,23.0,20.0,0.38,24.0,6.0
2026-03-31,23,0.57,20.0,17.0,0.7,20.0,20.0,0.38,26.0,6.0
2026-03-31,24,0.56,16.0,17.0,0.76,18.0,20.0,0.4,28.0,6.0
2026-04-01,1,0.55,12.0,16.0,0.75,19.0,21.0,0.41,30.0,6.0
2026-04-01,2,0.53,12.0,17.0,0.68,13.0,20.0,0.39,38.0,7.0
2026-04-01,3,0.47,8.0,16.0,0.56,8.0,20.0,0.4,45.0,7.0
2026-04-01,4,0.41,7.0,16.0,0.47,7.0,20.0,0.39,38.0,7.0
2026-04-01,5,0.36,6.0,16.0,0.39,11.0,20.0,0.38,30.0,7.0
2026-04-01,6,0.31,7.0,16.0,0.32,14.0,20.0,0.36,28.0,7.0
2026-04-01,7,0.28,9.0,16.0,0.29,17.0,20.0,0.35,26.0,7.0
2026-04-01,8,0.29,13.0,16.0,0.26,18.0,21.0,0.33,27.0,8.0
2026-04-01,9,0.3,13.0,16.0,0.25,16.0,21.0,0.33,27.0,8.0
2026-04-01,10,0.32,11.0,16.0,0.24,14.0,21.0,0.33,26.0,9.0
2026-04-01,11,0.34,11.0,16.0,0.25,11.0,21.0,0.32,26.0,9.0
2026-04-01,12,0.35,13.0,16.0,0.25,12.0,21.0,0.3,25.0,10.0
2026-04-01,13,0.4,,16.0,0.29,24.0,21.0,0.32,25.0,11.0
2026-04-01,14,0.43,16.0,18.0,0.41,37.0,21.0,0.33,23.0,11.0
2026-04-01,15,0.46,16.0,18.0,0.51,28.0,21.0,0.34,23.0,11.0
2026-04-01,16,0.46,17.0,18.0,0.59,30.0,21.0,0.34,28.0,11.0
2026-04-01,17,0.47,15.0,17.0,0.68,34.0,21.0,0.35,26.0,12.0
2026-04-01,18,0.49,20.0,17.0,0.83,36.0,20.0,0.37,31.0,12.0
2026-04-01,19,0.51,22.0,17.0,0.94,38.0,20.0,0.38,34.0,12.0
2026-04-01,20,0.51,19.0,17.0,1.02,32.0,19.0,0.38,30.0,12.0
2026-04-01,21,0.51,18.0,16.0,1.06,26.0,19.0,0.38,29.0,12.0
2026-04-01,22,0.52,18.0,16.0,1.05,33.0,21.0,0.4,31.0,13.0
2026-04-01,23,0.53,18.0,16.0,1.07,31.0,25.0,0.42,33.0,13.0
2026-04-01,24,0.53,18.0,17.0,1.06,30.0,26.0,0.43,33.0,14.0
2026-04-02,1,0.53,15.0,17.0,1.05,33.0,26.0,0.43,30.0,14.0
2026-04-02,2,0.51,16.0,17.0,0.97,28.0,26.0,0.42,32.0,14.0
2026-04-02,3,0.49,16.0,17.0,0.88,19.0,27.0,0.4,30.0,14.0
2026-04-02,4,0.47,13.0,17.0,0.82,12.0,27.0,0.38,27.0,14.0
2026-04-02,5,0.43,8.0,17.0,0.75,9.0,27.0,0.37,24.0,14.0
2026-04-02,6,0.4,8.0,17.0,0.64,11.0,26.0,0.34,28.0,14.0
2026-04-02,7,0.36,7.0,17.0,0.52,12.0,26.0,0.3,30.0,15.0
2026-04-02,8,0.34,8.0,17.0,0.43,16.0,27.0,0.28,29.0,15.0
2026-04-02,9,0.34,10.0,17.0,0.35,14.0,26.0,0.26,26.0,14.0
2026-04-02,10,0.33,11.0,17.0,0.28,11.0,26.0,0.26,29.0,15.0
2026-04-02,11,0.33,9.0,17.0,0.25,10.0,26.0,0.26,28.0,14.0
2026-04-02,12,0.34,9.0,17.0,0.25,14.0,26.0,0.27,24.0,14.0
2026-04-02,13,0.36,12.0,17.0,0.27,17.0,25.0,0.29,24.0,13.0
2026-04-02,14,0.39,17.0,15.0,0.31,20.0,25.0,0.3,23.0,13.0
2026-04-02,15,0.42,18.0,16.0,0.35,20.0,25.0,0.3,22.0,14.0
2026-04-02,16,0.45,18.0,16.0,0.37,19.0,25.0,0.29,23.0,14.0
2026-04-02,17,0.47,17.0,17.0,0.4,21.0,25.0,0.29,24.0,14.0
2026-04-02,18,0.49,17.0,17.0,0.44,23.0,25.0,0.28,24.0,14.0
2026-04-02,19,0.5,23.0,17.0,0.48,23.0,25.0,0.27,25.0,14.0
2026-04-02,20,0.54,21.0,18.0,0.52,25.0,26.0,0.26,29.0,14.0
2026-04-02,21,0.56,21.0,18.0,0.55,22.0,26.0,0.25,31.0,14.0
2026-04-02,22,0.56,17.0,18.0,0.56,24.0,25.0,0.25,29.0,14.0
2026-04-02,23,0.55,15.0,18.0,0.55,18.0,21.0,0.26,28.0,14.0
2026-04-02,24,0.53,13.0,18.0,0.55,16.0,20.0,0.25,26.0,13.0
2026-04-03,1,0.51,13.0,18.0,0.53,12.0,20.0,0.25,24.0,13.0
2026-04-03,2,0.48,13.0,18.0,0.51,12.0,20.0,0.26,25.0,13.0
2026-04-03,3,0.47,10.0,18.0,0.47,9.0,19.0,0.26,28.0,13.0
2026-04-03,4,0.43,8.0,18.0,0.41,12.0,20.0,0.27,27.0,13.0
2026-04-03,5,0.4,9.0,19.0,0.35,10.0,20.0,0.27,28.0,14.0
2026-04-03,6,0.4,10.0,19.0,0.31,9.0,20.0,0.28,29.0,14.0
2026-04-03,7,0.39,10.0,19.0,0.27,13.0,20.0,0.3,31.0,14.0
2026-04-03,8,0.38,11.0,19.0,0.24,13.0,20.0,0.32,33.0,13.0
2026-04-03,9,0.39,12.0,19.0,0.24,17.0,20.0,0.35,31.0,14.0
2026-04-03,10,0.38,12.0,20.0,0.23,13.0,20.0,0.37,30.0,14.0
2026-04-03,11,0.38,10.0,20.0,0.24,14.0,20.0,0.37,26.0,14.0
2026-04-03,12,0.38,9.0,20.0,0.25,12.0,20.0,0.37,20.0,14.0
2026-04-03,13,0.39,9.0,20.0,0.27,14.0,20.0,0.36,17.0,14.0
2026-04-03,14,0.38,10.0,20.0,0.29,15.0,19.0,0.35,14.0,14.0
2026-04-03,15,0.38,11.0,19.0,0.32,23.0,20.0,0.33,14.0,14.0
2026-04-03,16,0.37,10.0,19.0,0.35,18.0,19.0,0.31,13.0,14.0
2026-04-03,17,0.37,12.0,18.0,0.38,23.0,19.0,0.28,14.0,14.0
2026-04-03,18,0.39,15.0,18.0,0.4,19.0,19.0,0.27,23.0,14.0
2026-04-03,19,0.41,19.0,17.0,0.4,18.0,19.0,0.29,28.0,14.0
2026-04-03,20,0.46,24.0,17.0,0.41,24.0,19.0,0.32,35.0,14.0
2026-04-03,21,0.51,24.0,18.0,0.42,25.0,19.0,0.35,34.0,14.0
2026-04-03,22,0.53,15.0,18.0,0.43,23.0,19.0,0.38,29.0,14.0
2026-04-03,23,0.52,9.0,18.0,0.45,20.0,19.0,0.38,19.0,14.0
2026-04-03,24,0.55,,18.0,0.45,14.0,19.0,0.37,20.0,14.0
2026-04-04,1,0.58,,18.0,0.43,11.0,19.0,0.36,23.0,14.0
2026-04-04,2,,,18.0,0.42,14.0,22.0,0.33,24.0,15.0
2026-04-04,3,,,18.0,0.42,10.0,26.0,0.28,21.0,16.0
2026-04-04,4,,,19.0,0.4,10.0,29.0,0.23,15.0,17.0
2026-04-04,5,,,,0.38,9.0,31.0,0.18,14.0,17.0
2026-04-04,6,,,,0.35,12.0,32.0,0.13,14.0,18.0
2026-04-04,7,,,,0.3,14.0,33.0,0.11,13.0,18.0
2026-04-04,8,,,,0.27,20.0,34.0,0.1,14.0,19.0
2026-04-04,9,,,,0.27,23.0,35.0,0.1,15.0,19.0
2026-04-04,10,,,,0.27,32.0,36.0,0.1,14.0,20.0
2026-04-04,11,,,,0.28,20.0,37.0,0.09,12.0,20.0
2026-04-04,12,,,,0.3,18.0,38.0,0.09,11.0,20.0
2026-04-04,13,,,,0.34,19.0,38.0,0.09,10.0,21.0
2026-04-04,14,,,,0.38,19.0,39.0,0.1,10.0,21.0
2026-04-04,15,,,,0.42,22.0,40.0,0.1,9.0,21.0
2026-04-04,16,,,,0.43,19.0,41.0,0.11,10.0,21.0
2026-04-04,17,,,,0.45,17.0,,0.11,11.0,21.0
2026-04-04,18,,,,0.46,23.0,,0.12,13.0,21.0
2026-04-04,19,,,,0.47,23.0,,0.12,14.0,21.0
2026-04-04,20,,,,0.5,22.0,,0.14,18.0,21.0
2026-04-04,21,,,,0.52,22.0,,0.15,21.0,21.0
2026-04-04,22,,,,0.53,21.0,,0.17,22.0,21.0
2026-04-04,23,,,,0.54,15.0,,0.21,23.0,22.0
2026-04-04,24,,,,0.56,18.0,,0.22,19.0,22.0
2026-04-05,1,,,,0.57,17.0,,0.22,18.0,22.0
2026-04-05,2,,,,0.58,19.0,,0.23,20.0,22.0
2026-04-05,3,,,,0.58,21.0,,0.25,21.0,21.0
2026-04-05,4,,,,0.56,16.0,,0.24,18.0,20.0
2026-04-05,5,,,,0.52,14.0,,0.23,18.0,19.0
2026-04-05,6,,,,0.48,15.0,,0.21,18.0,18.0
2026-04-05,7,,,,0.46,19.0,,0.17,20.0,18.0
2026-04-05,8,,,,0.43,18.0,,0.16,20.0,17.0
2026-04-05,9,,,,0.4,18.0,,0.16,20.0,17.0
2026-04-05,10,,,,0.37,15.0,,0.15,21.0,16.0
2026-04-05,11,,,,0.35,16.0,,0.14,21.0,15.0
2026-04-05,12,,,,0.33,12.0,,0.14,21.0,14.0
2026-04-05,13,,,,0.33,13.0,,0.15,27.0,14.0
2026-04-05,14,,,,0.32,11.0,,0.16,28.0,14.0
2026-04-05,15,,,,0.31,11.0,,0.16,25.0,13.0
2026-04-05,16,,,,0.29,12.0,,0.16,24.0,13.0
2026-04-05,17,,,,0.29,13.0,,0.17,24.0,13.0
2026-04-05,18,,,,0.29,13.0,,0.17,22.0,12.0
2026-04-05,19,,,,0.28,15.0,,0.18,29.0,12.0
2026-04-05,20,,,,0.28,15.0,,0.19,32.0,12.0
2026-04-05,21,,,,0.28,17.0,,0.19,32.0,12.0
2026-04-05,22,,,,0.28,16.0,,0.19,29.0,11.0
2026-04-05,23,,,,0.29,15.0,,0.2,29.0,11.0
2026-04-05,24,,,,0.29,10.0,,0.2,29.0,10.0
2026-04-06,1,,,,0.28,10.0,,0.2,25.0,10.0
2026-04-06,2,,,,0.26,6.0,,0.19,21.0,10.0
2026-04-06,3,,,,0.24,4.0,,0.18,21.0,10.0
2026-04-06,4,,,,0.22,3.0,,0.16,21.0,10.0
2026-04-06,5,,,,0.2,4.0,,0.14,23.0,10.0
2026-04-06,6,,,,0.17,6.0,,0.14,26.0,10.0
2026-04-06,7,,,,0.16,12.0,,0.14,28.0,9.0
2026-04-06,8,,,,0.16,15.0,,0.15,34.0,9.0
2026-04-06,9,,,,0.16,17.0,,0.16,37.0,9.0
2026-04-06,10,,,,0.17,18.0,,0.17,42.0,9.0
2026-04-06,11,,,,0.2,23.0,,0.19,45.0,9.0
2026-04-06,12,,14.0,,0.24,20.0,,0.2,41.0,9.0
2026-04-06,13,,14.0,,0.28,22.0,,0.21,41.0,9.0
2026-04-06,14,,13.0,,0.32,17.0,,0.21,32.0,8.0
2026-04-06,15,,11.0,,0.35,18.0,,0.22,34.0,9.0
2026-04-06,16,,12.0,,0.38,18.0,,0.22,34.0,9.0
2026-04-06,17,0.66,14.0,,0.41,18.0,,0.23,34.0,9.0
2026-04-06,18,0.66,15.0,,0.43,18.0,,0.23,31.0,9.0
2026-04-06,19,0.67,17.0,,0.48,27.0,,0.24,29.0,9.0
2026-04-06,20,0.67,17.0,,0.53,28.0,,0.26,42.0,8.0
2026-04-06,21,0.68,18.0,,0.57,25.0,,0.29,52.0,8.0
2026-04-06,22,0.68,17.0,,0.63,25.0,,0.32,53.0,8.0
2026-04-06,23,0.68,16.0,,0.65,20.0,,0.35,55.0,8.0
2026-04-06,24,0.68,15.0,,0.64,14.0,,0.34,54.0,8.0
2026-04-07,1,0.65,12.0,,0.61,8.0,,0.33,47.0,8.0
2026-04-07,2,0.61,9.0,,0.58,11.0,,0.31,56.0,7.0
2026-04-07,3,0.57,9.0,,0.52,12.0,,0.3,64.0,7.0
2026-04-07,4,0.52,9.0,,0.46,17.0,,0.28,61.0,7.0
2026-04-07,5,0.47,8.0,,0.39,14.0,,0.25,54.0,6.0
2026-04-07,6,0.43,8.0,,0.32,14.0,,0.21,46.0,6.0
2026-04-07,7,0.41,9.0,7.0,0.3,19.0,,0.18,49.0,5.0
2026-04-07,8,0.41,10.0,7.0,0.35,27.0,,0.18,52.0,5.0
2026-04-07,9,0.42,11.0,7.0,0.43,24.0,,0.19,47.0,5.0
2026-04-07,10,0.44,12.0,7.0,0.53,22.0,,0.19,43.0,5.0
2026-04-07,11,0.45,13.0,7.0,0.62,29.0,,0.19,43.0,5.0
2026-04-07,12,0.47,13.0,8.0,0.72,26.0,,0.19,36.0,5.0
2026-04-07,13,0.49,14.0,8.0,0.82,30.0,,0.19,30.0,5.0
2026-04-07,14,0.51,13.0,8.0,0.92,29.0,,0.19,26.0,5.0
2026-04-07,15,0.51,12.0,8.0,1.03,26.0,,0.19,26.0,5.0
2026-04-07,16,0.5,12.0,8.0,1.07,25.0,,0.19,27.0,5.0
2026-04-07,17,0.5,12.0,8.0,1.07,28.0,,0.19,22.0,4.0
2026-04-07,18,0.5,13.0,8.0,1.09,29.0,,0.18,21.0,4.0
2026-04-07,19,0.49,12.0,8.0,1.11,24.0,,0.18,22.0,4.0
2026-04-07,20,0.48,11.0,7.0,1.1,23.0,,0.18,22.0,4.0
2026-04-07,21,0.47,9.0,7.0,1.05,22.0,,0.18,20.0,4.0
2026-04-07,22,0.45,8.0,7.0,0.97,22.0,,0.17,19.0,3.0
2026-04-07,23,0.43,7.0,7.0,0.88,17.0,,0.16,21.0,3.0
2026-04-07,24,0.4,6.0,7.0,0.81,14.0,,0.15,22.0,3.0
2026-04-08,1,0.38,5.0,7.0,0.75,12.0,,0.15,23.0,3.0
2026-04-08,2,0.35,4.0,6.0,0.66,9.0,,0.14,23.0,
2026-04-08,3,0.32,3.0,6.0,0.54,9.0,,0.14,22.0,
2026-04-08,4,0.3,3.0,6.0,0.45,8.0,,0.14,23.0,
2026-04-08,5,0.29,3.0,6.0,0.39,10.0,,0.14,22.0,
2026-04-08,6,0.28,5.0,6.0,0.34,12.0,,0.15,23.0,
2026-04-08,7,0.28,8.0,7.0,0.32,20.0,,0.16,23.0,
2026-04-08,8,0.3,11.0,7.0,0.34,28.0,,0.17,25.0,
2026-04-08,9,0.33,12.0,7.0,0.4,27.0,,0.18,23.0,
2026-04-08,10,0.36,13.0,7.0,0.48,32.0,,0.21,23.0,
2026-04-08,11,0.38,12.0,8.0,0.59,29.0,,0.21,21.0,
2026-04-08,12,0.41,12.0,8.0,0.71,27.0,,0.22,19.0,
2026-04-08,13,0.43,12.0,8.0,0.83,26.0,,0.23,20.0,
2026-04-08,14,0.46,14.0,9.0,0.97,29.0,,0.22,21.0,
2026-04-08,15,0.48,12.0,9.0,1.1,28.0,,0.22,19.0,
2026-04-08,16,0.48,11.0,9.0,1.19,29.0,,0.21,17.0,
2026-04-08,17,0.48,13.0,10.0,1.24,27.0,,0.2,15.0,
2026-04-08,18,0.48,13.0,10.0,1.27,28.0,,0.19,17.0,
2026-04-08,19,0.48,15.0,10.0,1.33,31.0,,0.19,21.0,
2026-04-08,20,0.5,16.0,11.0,1.4,28.0,,0.19,27.0,7.0
2026-04-08,21,0.54,16.0,11.0,1.43,34.0,,0.2,29.0,8.0
2026-04-08,22,0.56,16.0,12.0,1.47,47.0,,0.22,32.0,8.0
2026-04-08,23,0.57,15.0,13.0,1.5,27.0,,0.22,29.0,8.0
2026-04-08,24,0.57,11.0,13.0,1.49,18.0,40.0,0.22,25.0,8.0
2026-04-09,1,0.55,9.0,13.0,1.41,17.0,38.0,0.22,24.0,7.0
2026-04-09,2,0.53,7.0,13.0,1.32,16.0,37.0,0.21,22.0,7.0
2026-04-09,3,0.5,5.0,14.0,1.18,15.0,36.0,0.2,22.0,7.0
2026-04-09,4,0.45,6.0,14.0,1.02,13.0,35.0,0.18,20.0,7.0
2026-04-09,5,0.39,7.0,14.0,0.9,11.0,34.0,0.16,18.0,7.0
2026-04-09,6,0.34,8.0,15.0,0.75,17.0,33.0,0.14,20.0,8.0
2026-04-09,7,0.32,11.0,15.0,0.62,21.0,33.0,0.13,24.0,8.0
2026-04-09,8,0.33,12.0,15.0,0.58,25.0,34.0,0.15,26.0,9.0
2026-04-09,9,0.38,15.0,16.0,0.62,30.0,35.0,0.18,28.0,9.0
2026-04-09,10,0.39,20.0,16.0,0.69,30.0,35.0,0.21,31.0,10.0
2026-04-09,11,0.42,,17.0,0.78,32.0,35.0,0.22,28.0,11.0
2026-04-09,12,0.43,13.0,17.0,0.86,25.0,35.0,0.23,22.0,11.0
2026-04-09,13,0.46,15.0,17.0,0.93,26.0,35.0,0.24,20.0,11.0
2026-04-09,14,0.48,13.0,17.0,0.97,28.0,29.0,0.25,21.0,11.0
2026-04-09,15,0.47,12.0,17.0,1.0,23.0,29.0,0.25,20.0,11.0
2026-04-09,16,0.43,14.0,17.0,1.01,30.0,29.0,0.23,20.0,11.0
2026-04-09,17,0.39,18.0,18.0,1.0,34.0,29.0,0.23,35.0,12.0
2026-04-09,18,0.41,23.0,18.0,0.94,31.0,29.0,0.24,44.0,13.0
2026-04-09,19,0.42,27.0,19.0,0.85,31.0,29.0,0.28,51.0,14.0
2026-04-09,20,0.49,30.0,19.0,0.77,35.0,30.0,0.33,52.0,15.0
2026-04-09,21,0.57,29.0,20.0,0.74,39.0,30.0,0.36,49.0,16.0
2026-04-09,22,0.66,23.0,20.0,0.78,33.0,30.0,0.37,46.0,18.0
2026-04-09,23,0.75,20.0,21.0,0.84,32.0,30.0,0.38,45.0,20.0
2026-04-09,24,0.84,20.0,23.0,0.92,30.0,31.0,0.41,41.0,22.0
2026-04-10,1,0.91,19.0,24.0,0.97,27.0,32.0,0.4,39.0,24.0
2026-04-10,2,1.01,19.0,25.0,1.07,28.0,33.0,0.37,38.0,26.0
2026-04-10,3,1.16,18.0,27.0,1.19,28.0,34.0,0.36,36.0,27.0
2026-04-10,4,1.23,17.0,28.0,1.34,28.0,35.0,0.36,36.0,29.0
2026-04-10,5,1.22,20.0,29.0,1.42,32.0,37.0,0.36,36.0,31.0
2026-04-10,6,1.19,22.0,31.0,1.4,37.0,38.0,0.37,39.0,32.0
2026-04-10,7,1.16,22.0,32.0,1.33,38.0,39.0,0.42,43.0,33.0
2026-04-10,8,1.17,27.0,34.0,1.24,36.0,39.0,0.45,47.0,34.0
2026-04-10,9,1.19,29.0,35.0,1.13,29.0,39.0,0.47,43.0,34.0
2026-04-10,10,1.1,30.0,35.0,1.01,19.0,38.0,0.52,,35.0
2026-04-10,11,0.93,16.0,35.0,0.87,14.0,37.0,0.5,31.0,36.0
2026-04-10,12,0.78,14.0,35.0,0.71,12.0,36.0,0.44,29.0,37.0
2026-04-10,13,0.7,14.0,35.0,0.56,11.0,36.0,0.42,28.0,38.0
2026-04-10,14,0.63,16.0,35.0,0.47,13.0,36.0,0.4,28.0,39.0
2026-04-10,15,0.57,15.0,35.0,0.41,13.0,35.0,0.34,32.0,40.0
2026-04-10,16,0.47,15.0,35.0,0.35,15.0,35.0,0.27,36.0,42.0
2026-04-10,17,0.38,18.0,35.0,0.33,29.0,35.0,0.28,40.0,
2026-04-10,18,0.34,19.0,35.0,0.33,26.0,34.0,0.3,45.0,
2026-04-10,19,0.37,25.0,35.0,0.34,36.0,34.0,0.31,48.0,
2026-04-10,20,0.48,31.0,35.0,0.39,42.0,33.0,0.34,52.0,
2026-04-10,21,0.61,30.0,35.0,0.46,43.0,34.0,0.39,55.0,
2026-04-10,22,0.78,30.0,35.0,0.56,38.0,33.0,0.42,50.0,
2026-04-10,23,0.92,28.0,35.0,0.64,36.0,32.0,0.46,50.0,
2026-04-10,24,0.98,26.0,35.0,0.73,29.0,31.0,0.46,46.0,
2026-04-11,1,1.0,22.0,34.0,0.75,25.0,31.0,0.45,37.0,
2026-04-11,2,1.02,21.0,33.0,0.76,20.0,30.0,0.43,33.0,
2026-04-11,3,1.01,18.0,32.0,0.77,24.0,29.0,0.43,36.0,
2026-04-11,4,0.93,16.0,31.0,0.77,15.0,28.0,0.42,36.0,
2026-04-11,5,0.81,15.0,30.0,0.73,12.0,26.0,0.37,36.0,
2026-04-11,6,0.64,15.0,29.0,0.63,10.0,25.0,0.35,38.0,
2026-04-11,7,0.49,14.0,27.0,0.56,12.0,24.0,0.32,40.0,
2026-04-11,8,0.42,15.0,25.0,0.46,15.0,23.0,0.33,39.0,
2026-04-11,9,0.39,14.0,24.0,0.43,16.0,22.0,0.33,36.0,
2026-04-11,10,0.37,11.0,23.0,0.4,10.0,22.0,0.33,34.0,
2026-04-11,11,0.33,8.0,22.0,0.35,7.0,22.0,0.3,30.0,
2026-04-11,12,0.3,8.0,22.0,0.31,11.0,22.0,0.28,28.0,
2026-04-11,13,0.28,8.0,21.0,0.27,13.0,21.0,0.27,27.0,
2026-04-11,14,0.28,7.0,21.0,0.27,12.0,21.0,0.26,26.0,
2026-04-11,15,0.28,8.0,21.0,0.27,12.0,21.0,0.24,24.0,
2026-04-11,16,0.28,14.0,21.0,0.28,15.0,20.0,0.22,25.0,
2026-04-11,17,0.27,10.0,21.0,0.3,16.0,20.0,0.21,29.0,
2026-04-11,18,0.27,12.0,21.0,0.34,20.0,20.0,0.21,31.0,
2026-04-11,19,0.29,18.0,20.0,0.37,18.0,19.0,0.21,31.0,
2026-04-11,20,0.3,16.0,19.0,0.4,19.0,18.0,0.21,32.0,
2026-04-11,21,0.32,15.0,18.0,0.43,20.0,17.0,0.21,29.0,
2026-04-11,22,0.33,15.0,17.0,0.45,18.0,16.0,0.22,31.0,
2026-04-11,23,0.34,13.0,17.0,0.47,18.0,16.0,0.24,33.0,
2026-04-11,24,0.35,10.0,16.0,0.49,13.0,16.0,0.24,32.0,
2026-04-12,1,0.36,13.0,15.0,0.48,15.0,16.0,0.23,29.0,
2026-04-12,2,0.39,14.0,15.0,0.47,18.0,16.0,0.23,28.0,
2026-04-12,3,0.41,13.0,14.0,0.49,19.0,16.0,0.23,27.0,
2026-04-12,4,0.44,13.0,14.0,0.49,18.0,15.0,0.24,28.0,
2026-04-12,5,0.45,14.0,14.0,0.53,22.0,15.0,0.28,32.0,
2026-04-12,6,0.47,13.0,15.0,0.59,20.0,16.0,0.31,33.0,
2026-04-12,7,0.49,14.0,15.0,0.66,20.0,16.0,0.32,32.0,
2026-04-12,8,0.5,14.0,16.0,0.71,20.0,17.0,0.33,31.0,
2026-04-12,9,0.5,15.0,17.0,0.74,22.0,17.0,0.34,31.0,
2026-04-12,10,0.47,13.0,17.0,0.75,18.0,18.0,0.34,29.0,
2026-04-12,11,0.44,10.0,17.0,0.74,18.0,18.0,0.34,29.0,
2026-04-12,12,0.39,8.0,18.0,0.74,18.0,19.0,0.33,24.0,
2026-04-12,13,0.36,7.0,18.0,0.73,19.0,19.0,0.28,20.0,
2026-04-12,14,0.32,8.0,18.0,0.68,19.0,19.0,0.25,23.0,
2026-04-12,15,0.3,7.0,18.0,0.62,23.0,20.0,0.22,29.0,
2026-04-12,16,0.29,16.0,18.0,0.57,24.0,21.0,0.21,28.0,
2026-04-12,17,0.28,16.0,19.0,0.54,21.0,21.0,0.21,29.0,
2026-04-12,18,0.3,18.0,20.0,0.52,22.0,22.0,0.24,37.0,
2026-04-12,19,0.33,23.0,20.0,0.5,23.0,22.0,0.28,47.0,
2026-04-12,20,0.41,29.0,22.0,0.5,38.0,23.0,0.34,46.0,
2026-04-12,21,0.5,28.0,22.0,0.53,36.0,23.0,0.38,50.0,
2026-04-12,22,0.61,28.0,23.0,0.62,36.0,24.0,0.41,49.0,
2026-04-12,23,0.74,27.0,24.0,0.79,40.0,25.0,0.43,46.0,
2026-04-12,24,0.89,26.0,25.0,0.99,38.0,26.0,0.48,48.0,
2026-04-13,1,1.05,27.0,26.0,1.15,34.0,27.0,0.52,46.0,
2026-04-13,2,1.18,24.0,27.0,1.25,29.0,27.0,0.52,43.0,
2026-04-13,3,1.21,21.0,28.0,1.29,23.0,28.0,0.53,40.0,
2026-04-13,4,1.15,17.0,28.0,1.28,20.0,28.0,0.48,36.0,
2026-04-13,5,1.06,12.0,28.0,1.21,15.0,28.0,0.43,35.0,
2026-04-13,6,0.97,12.0,28.0,1.09,24.0,27.0,0.42,33.0,
2026-04-13,7,0.94,13.0,28.0,0.97,30.0,27.0,0.41,36.0,
2026-04-13,8,0.95,17.0,29.0,0.89,35.0,28.0,0.38,37.0,
2026-04-13,9,0.88,23.0,30.0,0.84,34.0,29.0,0.37,42.0,
2026-04-13,10,0.75,30.0,31.0,0.81,26.0,29.0,0.36,40.0,
2026-04-13,11,0.7,15.0,31.0,0.82,27.0,29.0,0.32,40.0,
2026-04-13,12,0.69,14.0,31.0,0.85,24.0,29.0,0.32,41.0,
2026-04-13,13,0.69,12.0,31.0,0.89,27.0,29.0,0.32,36.0,
2026-04-13,14,0.67,12.0,31.0,0.92,20.0,28.0,0.31,32.0,
2026-04-13,15,0.59,12.0,30.0,0.89,23.0,28.0,0.3,32.0,
2026-04-13,16,0.43,13.0,30.0,0.8,22.0,27.0,0.3,37.0,
2026-04-13,17,0.33,16.0,29.0,0.71,21.0,27.0,0.27,38.0,
2026-04-13,18,0.32,21.0,29.0,0.67,27.0,27.0,0.28,39.0,
2026-04-13,19,0.34,21.0,28.0,0.65,24.0,26.0,0.29,40.0,
2026-04-13,20,0.34,18.0,27.0,0.63,23.0,26.0,0.3,39.0,
2026-04-13,21,0.35,17.0,26.0,0.6,23.0,25.0,0.3,36.0,
2026-04-13,22,0.35,18.0,25.0,0.59,23.0,24.0,0.29,36.0,
2026-04-13,23,0.36,17.0,24.0,0.57,23.0,23.0,0.28,35.0,
2026-04-13,24,0.36,13.0,23.0,0.55,19.0,23.0,0.27,35.0,
2026-04-14,1,0.35,10.0,22.0,0.52,17.0,22.0,0.25,32.0,
2026-04-14,2,0.32,7.0,21.0,0.48,16.0,21.0,0.24,32.0,
2026-04-14,3,0.29,6.0,20.0,0.44,12.0,21.0,0.22,31.0,
2026-04-14,4,0.27,5.0,20.0,0.41,15.0,21.0,0.2,28.0,
2026-04-14,5,0.25,4.0,19.0,0.38,9.0,21.0,0.19,31.0,
2026-04-14,6,0.23,7.0,19.0,0.34,8.0,21.0,0.2,34.0,
2026-04-14,7,0.22,10.0,18.0,0.31,11.0,20.0,0.21,33.0,
2026-04-14,8,0.22,13.0,16.0,0.28,14.0,18.0,0.23,34.0,
2026-04-14,9,0.25,13.0,14.0,0.27,16.0,17.0,0.25,33.0,
2026-04-14,10,0.27,11.0,14.0,0.28,15.0,17.0,0.26,34.0,
2026-04-14,11,0.29,10.0,14.0,0.29,15.0,17.0,0.27,24.0,
2026-04-14,12,0.3,10.0,14.0,0.3,14.0,17.0,0.28,27.0,
2026-04-14,13,0.32,9.0,14.0,0.32,21.0,17.0,0.29,31.0,
2026-04-14,14,0.34,11.0,14.0,0.39,22.0,17.0,0.29,30.0,
2026-04-14,15,0.35,13.0,15.0,0.45,22.0,17.0,0.29,33.0,
2026-04-14,16,0.36,16.0,15.0,0.5,24.0,17.0,0.28,34.0,
2026-04-14,17,0.36,16.0,15.0,0.56,21.0,17.0,0.29,39.0,
2026-04-14,18,0.38,19.0,14.0,0.62,22.0,17.0,0.31,40.0,
2026-04-14,19,0.4,20.0,15.0,0.67,24.0,17.0,0.33,39.0,
2026-04-14,20,0.43,20.0,14.0,0.71,23.0,17.0,0.34,36.0,
2026-04-14,21,0.45,20.0,14.0,0.72,20.0,16.0,0.34,37.0,
2026-04-14,22,0.45,19.0,14.0,0.69,20.0,16.0,0.34,37.0,
2026-04-14,23,0.45,14.0,14.0,0.66,16.0,16.0,0.34,36.0,
2026-04-14,24,0.43,12.0,14.0,0.62,12.0,16.0,0.34,35.0,
2026-04-15,1,0.41,12.0,14.0,0.56,12.0,16.0,0.31,31.0,
2026-04-15,2,0.37,9.0,14.0,0.5,9.0,16.0,0.26,29.0,
2026-04-15,3,0.33,6.0,14.0,0.43,8.0,16.0,0.22,28.0,
2026-04-15,4,0.3,6.0,14.0,0.38,9.0,16.0,0.2,49.0,
2026-04-15,5,0.26,7.0,14.0,0.35,12.0,16.0,0.19,54.0,
2026-04-15,6,0.26,8.0,14.0,0.33,18.0,16.0,0.18,61.0,
2026-04-15,7,0.25,12.0,13.0,0.34,25.0,16.0,0.17,71.0,23.0
2026-04-15,8,0.29,13.0,13.0,0.37,18.0,16.0,0.18,73.0,23.0
2026-04-15,9,0.3,13.0,13.0,0.38,20.0,16.0,0.19,68.0,23.0
2026-04-15,10,0.33,14.0,13.0,0.42,25.0,16.0,0.2,69.0,23.0
2026-04-15,11,0.37,15.0,13.0,0.49,23.0,17.0,0.22,67.0,23.0
2026-04-15,12,0.4,15.0,13.0,0.59,27.0,17.0,0.24,64.0,23.0
2026-04-15,13,0.44,16.0,13.0,0.67,27.0,17.0,0.27,62.0,23.0
2026-04-15,14,0.47,16.0,14.0,0.71,22.0,18.0,0.3,65.0,23.0
2026-04-15,15,0.5,16.0,14.0,0.85,40.0,19.0,0.32,63.0,23.0
2026-04-15,16,0.5,16.0,14.0,0.93,31.0,19.0,0.33,66.0,23.0
2026-04-15,17,0.52,16.0,14.0,1.01,28.0,19.0,0.34,69.0,23.0
2026-04-15,18,0.54,15.0,14.0,1.12,35.0,20.0,0.36,68.0,23.0
2026-04-15,19,0.55,16.0,14.0,1.17,29.0,20.0,0.39,65.0,23.0
2026-04-15,20,0.55,15.0,15.0,1.15,27.0,21.0,0.43,67.0,23.0
2026-04-15,21,0.55,15.0,15.0,1.16,26.0,21.0,0.43,60.0,23.0
2026-04-15,22,0.53,14.0,15.0,1.12,22.0,22.0,0.42,61.0,23.0
2026-04-15,23,0.51,13.0,15.0,1.04,23.0,23.0,0.41,62.0,23.0
2026-04-15,24,0.49,12.0,15.0,1.0,22.0,24.0,0.42,64.0,23.0
2026-04-16,1,0.46,12.0,16.0,0.93,18.0,24.0,0.42,61.0,23.0
2026-04-16,2,0.41,11.0,16.0,0.81,15.0,24.0,0.41,62.0,17.0
2026-04-16,3,0.38,10.0,16.0,0.68,11.0,25.0,0.38,60.0,17.0
2026-04-16,4,0.34,8.0,16.0,0.6,8.0,25.0,0.32,59.0,17.0
2026-04-16,5,0.3,7.0,16.0,0.49,7.0,25.0,0.29,57.0,17.0
2026-04-16,6,0.28,7.0,17.0,0.41,12.0,25.0,0.28,60.0,17.0
2026-04-16,7,0.28,9.0,17.0,0.39,23.0,25.0,0.28,63.0,17.0
2026-04-16,8,0.29,10.0,17.0,0.39,27.0,25.0,0.27,63.0,17.0
2026-04-16,9,0.3,12.0,17.0,0.43,26.0,25.0,0.26,62.0,17.0
2026-04-16,10,0.3,13.0,17.0,0.48,31.0,25.0,0.24,55.0,17.0
2026-04-16,11,0.3,13.0,16.0,0.57,35.0,25.0,0.24,55.0,17.0
2026-04-16,12,0.31,13.0,16.0,0.69,36.0,25.0,0.25,52.0,17.0
2026-04-16,13,0.33,,15.0,0.84,41.0,25.0,0.26,48.0,16.0
2026-04-16,14,0.35,14.0,15.0,0.98,36.0,25.0,0.26,39.0,16.0
2026-04-16,15,0.37,14.0,14.0,1.08,33.0,25.0,0.25,,15.0
2026-04-16,16,0.38,14.0,14.0,1.16,31.0,25.0,0.24,,15.0
2026-04-16,17,0.37,13.0,14.0,1.21,33.0,25.0,,,14.0
2026-04-16,18,0.4,15.0,14.0,1.28,32.0,25.0,,,14.0
2026-04-16,19,0.43,14.0,13.0,1.35,32.0,25.0,,,14.0
2026-04-16,20,0.43,12.0,13.0,1.33,27.0,24.0,,,13.0
2026-04-16,21,0.44,12.0,13.0,1.28,27.0,24.0,,,
2026-04-16,22,0.43,11.0,12.0,1.2,24.0,24.0,,,
2026-04-16,23,0.41,10.0,12.0,1.11,22.0,24.0,,,
2026-04-16,24,0.38,10.0,12.0,0.99,18.0,23.0,,,
2026-04-17,1,0.36,7.0,12.0,0.9,15.0,23.0,,,
2026-04-17,2,0.31,6.0,11.0,0.77,12.0,23.0,,,
2026-04-17,3,0.27,4.0,11.0,0.62,10.0,22.0,,,
2026-04-17,4,0.25,4.0,11.0,0.51,9.0,22.0,,,
2026-04-17,5,0.21,4.0,10.0,0.42,8.0,22.0,,,
2026-04-17,6,0.2,5.0,10.0,0.36,15.0,22.0,,,
2026-04-17,7,0.2,8.0,10.0,0.32,17.0,22.0,,,
2026-04-17,8,0.21,11.0,10.0,0.36,31.0,22.0,,,
2026-04-17,9,0.24,13.0,10.0,0.44,29.0,22.0,,,
2026-04-17,10,0.28,15.0,10.0,0.51,29.0,22.0,,,
2026-04-17,11,0.31,13.0,10.0,0.59,29.0,23.0,,,
2026-04-17,12,0.33,11.0,10.0,0.69,39.0,23.0,,,
2026-04-17,13,0.36,13.0,11.0,0.8,31.0,23.0,,,
2026-04-17,14,0.38,13.0,11.0,0.91,34.0,23.0,,,
2026-04-17,15,0.39,13.0,11.0,0.97,30.0,23.0,,,
2026-04-17,16,0.39,16.0,11.0,0.99,35.0,23.0,,,
2026-04-17,17,0.39,17.0,11.0,1.01,35.0,23.0,,,
2026-04-17,18,0.38,17.0,12.0,1.08,35.0,23.0,,,
2026-04-17,19,0.4,18.0,12.0,1.08,31.0,23.0,,,
2026-04-17,20,0.45,19.0,13.0,1.11,33.0,23.0,,,
2026-04-17,21,0.51,19.0,14.0,1.14,31.0,24.0,,,
2026-04-17,22,0.59,18.0,15.0,1.18,30.0,25.0,,,
2026-04-17,23,0.64,16.0,16.0,1.23,28.0,26.0,,,
2026-04-17,24,0.68,16.0,17.0,1.3,24.0,27.0,,,
2026-04-18,1,0.74,15.0,18.0,1.33,25.0,27.0,,,
2026-04-18,2,0.85,14.0,19.0,1.34,28.0,28.0,,,
2026-04-18,3,0.96,13.0,21.0,1.44,24.0,29.0,,,
2026-04-18,4,1.01,12.0,22.0,1.46,24.0,31.0,,,
2026-04-18,5,0.98,12.0,23.0,1.44,21.0,32.0,,,
2026-04-18,6,0.93,11.0,24.0,1.36,21.0,33.0,,,
2026-04-18,7,0.91,12.0,25.0,1.27,22.0,33.0,,,
2026-04-18,8,0.89,12.0,25.0,1.15,23.0,33.0,,,
2026-04-18,9,0.84,14.0,26.0,1.06,25.0,34.0,,,
2026-04-18,10,0.74,20.0,26.0,0.93,23.0,34.0,,,
2026-04-18,11,0.6,15.0,26.0,0.78,21.0,34.0,,,
2026-04-18,12,0.53,15.0,27.0,0.66,22.0,34.0,,,
2026-04-18,13,0.5,13.0,28.0,0.6,25.0,34.0,,,
2026-04-18,14,0.49,12.0,28.0,0.58,24.0,34.0,,,
2026-04-18,15,0.46,14.0,28.0,0.55,24.0,34.0,,,
2026-04-18,16,0.44,16.0,29.0,0.55,27.0,34.0,,,
2026-04-18,17,0.42,15.0,29.0,0.51,15.0,34.0,,,
2026-04-18,18,0.43,20.0,29.0,0.48,21.0,34.0,,,
2026-04-18,19,0.44,21.0,29.0,0.47,24.0,34.0,,,
2026-04-18,20,0.48,23.0,29.0,0.48,26.0,33.0,,,
2026-04-18,21,0.55,23.0,29.0,0.47,23.0,33.0,,,
2026-04-18,22,0.61,21.0,28.0,0.45,23.0,31.0,,,
2026-04-18,23,0.72,19.0,29.0,0.45,20.0,30.0,,,
2026-04-18,24,0.81,17.0,28.0,0.43,20.0,29.0,,,
2026-04-19,1,0.9,17.0,28.0,0.45,20.0,29.0,,,
2026-04-19,2,0.93,17.0,27.0,0.44,17.0,28.0,,,
2026-04-19,3,0.96,16.0,26.0,0.43,17.0,27.0,,,
2026-04-19,4,0.91,15.0,25.0,0.41,16.0,26.0,,,
2026-04-19,5,0.83,13.0,24.0,0.38,14.0,25.0,,,
2026-04-19,6,0.76,12.0,23.0,0.38,21.0,25.0,,,
2026-04-19,7,0.65,14.0,23.0,0.37,21.0,24.0,,,
2026-04-19,8,0.56,15.0,23.0,0.36,22.0,24.0,,,
2026-04-19,9,0.47,15.0,23.0,0.34,16.0,23.0,,,
2026-04-19,10,0.41,13.0,22.0,0.33,14.0,23.0,,,
2026-04-19,11,0.36,12.0,22.0,0.33,20.0,22.0,,,
2026-04-19,12,0.34,10.0,21.0,0.35,20.0,21.0,,,
2026-04-19,13,0.34,10.0,21.0,0.37,24.0,21.0,,,
2026-04-19,14,0.36,17.0,21.0,0.37,25.0,21.0,,,
2026-04-19,15,0.37,19.0,21.0,0.38,26.0,21.0,,,
2026-04-19,16,0.38,23.0,21.0,0.4,36.0,21.0,,,
2026-04-19,17,0.4,19.0,21.0,0.44,35.0,21.0,,,
2026-04-19,18,0.41,17.0,21.0,0.49,39.0,21.0,,,
2026-04-19,19,0.43,21.0,21.0,0.56,46.0,22.0,,,
2026-04-19,20,0.46,27.0,21.0,0.61,44.0,22.0,,,
2026-04-19,21,0.5,26.0,21.0,0.64,39.0,22.0,,,
2026-04-19,22,0.5,22.0,20.0,0.67,31.0,22.0,,,
2026-04-19,23,0.5,19.0,20.0,0.68,26.0,22.0,,,
2026-04-19,24,0.48,12.0,19.0,0.66,19.0,22.0,,,
2026-04-20,1,0.46,11.0,19.0,0.62,12.0,22.0,,,
2026-04-20,2,0.43,6.0,19.0,0.56,8.0,22.0,,,
2026-04-20,3,0.39,7.0,19.0,0.46,7.0,23.0,,,
2026-04-20,4,0.34,5.0,20.0,0.38,6.0,23.0,,,
2026-04-20,5,0.29,4.0,21.0,0.31,5.0,24.0,,,
2026-04-20,6,0.25,6.0,21.0,0.25,7.0,24.0,,,
2026-04-20,7,0.22,8.0,21.0,0.21,9.0,25.0,,,
2026-04-20,8,0.22,12.0,21.0,0.2,16.0,25.0,,,
2026-04-20,9,0.22,14.0,21.0,0.21,20.0,25.0,,,
2026-04-20,10,0.23,15.0,22.0,0.24,21.0,26.0,,,
2026-04-20,11,0.25,13.0,22.0,0.28,21.0,26.0,,,
2026-04-20,12,0.29,16.0,23.0,0.32,26.0,27.0,,24.0,
2026-04-20,13,0.32,14.0,24.0,0.41,27.0,28.0,,25.0,
2026-04-20,14,0.33,11.0,25.0,0.51,27.0,29.0,,22.0,
2026-04-20,15,0.36,10.0,26.0,0.55,20.0,31.0,,21.0,
2026-04-20,16,0.36,10.0,26.0,0.55,15.0,30.0,,20.0,
2026-04-20,17,0.35,10.0,25.0,0.55,14.0,30.0,0.37,21.0,
2026-04-20,18,0.35,10.0,25.0,0.54,16.0,30.0,0.36,21.0,
2026-04-20,19,0.35,11.0,25.0,0.53,18.0,29.0,0.35,22.0,
2026-04-20,20,0.32,11.0,25.0,0.51,16.0,29.0,0.3,22.0,
2026-04-20,21,0.31,9.0,25.0,0.44,14.0,29.0,0.25,21.0,
2026-04-20,22,0.31,9.0,25.0,0.36,13.0,29.0,0.25,21.0,
2026-04-20,23,0.29,9.0,25.0,0.32,13.0,29.0,0.25,21.0,
2026-04-20,24,0.28,9.0,25.0,0.31,11.0,29.0,0.24,21.0,
2026-04-21,1,0.27,7.0,25.0,0.28,8.0,29.0,0.24,20.0,
2026-04-21,2,0.26,5.0,24.0,0.26,7.0,29.0,0.23,23.0,
2026-04-21,3,0.24,4.0,24.0,0.23,5.0,29.0,0.22,23.0,
2026-04-21,4,0.22,4.0,23.0,0.21,7.0,28.0,0.22,24.0,
2026-04-21,5,0.21,5.0,22.0,0.19,8.0,27.0,0.21,26.0,21.0
2026-04-21,6,0.2,6.0,22.0,0.19,12.0,27.0,0.21,29.0,20.0
2026-04-21,7,0.21,8.0,21.0,0.19,17.0,26.0,0.22,30.0,20.0
2026-04-21,8,0.23,11.0,21.0,0.23,26.0,26.0,0.24,31.0,20.0
2026-04-21,9,0.25,12.0,21.0,0.27,19.0,25.0,0.27,32.0,20.0
2026-04-21,10,0.28,12.0,20.0,0.31,19.0,25.0,0.29,31.0,20.0
2026-04-21,11,0.31,12.0,20.0,0.36,21.0,24.0,0.31,42.0,20.0
2026-04-21,12,0.35,13.0,18.0,0.42,20.0,24.0,0.32,48.0,19.0
2026-04-21,13,0.39,13.0,17.0,0.46,19.0,22.0,0.34,54.0,18.0
2026-04-21,14,0.46,13.0,16.0,0.5,20.0,20.0,0.36,57.0,17.0
2026-04-21,15,0.51,13.0,15.0,0.55,21.0,19.0,0.39,52.0,16.0
2026-04-21,16,0.52,15.0,15.0,0.61,28.0,19.0,0.39,32.0,15.0
2026-04-21,17,0.54,18.0,15.0,0.68,28.0,19.0,0.37,36.0,15.0
2026-04-21,18,0.57,21.0,15.0,0.74,36.0,19.0,0.39,39.0,14.0
2026-04-21,19,0.61,21.0,15.0,0.8,33.0,19.0,0.42,42.0,14.0
2026-04-21,20,0.64,20.0,15.0,0.85,32.0,20.0,0.46,43.0,15.0
2026-04-21,21,0.62,10.0,15.0,0.83,19.0,19.0,0.45,28.0,15.0
2026-04-21,22,0.57,9.0,14.0,0.82,16.0,19.0,0.42,26.0,15.0
2026-04-21,23,0.52,7.0,14.0,0.76,15.0,19.0,0.37,23.0,15.0
2026-04-21,24,0.48,6.0,14.0,0.67,12.0,18.0,0.33,22.0,14.0
2026-04-22,1,0.43,5.0,14.0,0.57,11.0,18.0,0.31,22.0,14.0
2026-04-22,2,0.37,4.0,13.0,0.46,9.0,18.0,0.25,19.0,14.0
2026-04-22,3,0.28,2.0,13.0,0.35,6.0,18.0,0.18,14.0,13.0
2026-04-22,4,0.2,2.0,13.0,0.25,6.0,17.0,0.11,16.0,13.0
2026-04-22,5,0.18,3.0,13.0,0.21,6.0,17.0,0.08,15.0,12.0
2026-04-22,6,0.15,5.0,12.0,0.18,10.0,17.0,0.07,21.0,12.0
2026-04-22,7,0.15,8.0,12.0,0.17,14.0,17.0,0.06,25.0,12.0
2026-04-22,8,0.16,12.0,12.0,0.19,20.0,17.0,0.07,26.0,11.0
2026-04-22,9,0.2,14.0,13.0,0.22,24.0,17.0,0.09,28.0,11.0
2026-04-22,10,0.23,,13.0,0.28,27.0,17.0,0.11,26.0,11.0
2026-04-22,11,0.24,11.0,13.0,0.34,29.0,18.0,0.12,23.0,11.0
2026-04-22,12,0.26,10.0,13.0,0.39,21.0,18.0,0.13,19.0,11.0
2026-04-22,13,0.29,10.0,13.0,0.47,31.0,18.0,0.15,19.0,11.0
2026-04-22,14,0.32,11.0,13.0,0.53,27.0,18.0,0.16,22.0,11.0
2026-04-22,15,0.54,6.0,13.0,0.6,31.0,19.0,0.17,21.0,11.0
2026-04-22,16,0.58,12.0,13.0,0.68,35.0,19.0,0.17,22.0,11.0
2026-04-22,17,0.55,13.0,13.0,0.73,32.0,18.0,0.16,21.0,11.0
2026-04-22,18,0.55,16.0,12.0,0.84,38.0,19.0,0.16,29.0,11.0
2026-04-22,19,0.54,18.0,12.0,0.95,36.0,19.0,0.18,39.0,10.0
2026-04-22,20,0.56,18.0,12.0,1.01,32.0,19.0,0.22,45.0,10.0
2026-04-22,21,0.61,18.0,12.0,1.01,28.0,20.0,0.27,44.0,10.0
2026-04-22,22,0.64,18.0,13.0,1.03,27.0,21.0,0.32,45.0,11.0
2026-04-22,23,0.51,21.0,14.0,1.06,31.0,22.0,0.39,44.0,11.0
2026-04-22,24,0.54,35.0,16.0,1.06,32.0,23.0,0.46,43.0,12.0
2026-04-23,1,0.61,26.0,18.0,1.05,27.0,23.0,0.52,42.0,13.0
2026-04-23,2,0.62,17.0,19.0,0.95,28.0,24.0,0.55,41.0,14.0
2026-04-23,3,0.61,15.0,20.0,0.84,26.0,25.0,0.57,40.0,15.0
2026-04-23,4,0.59,14.0,21.0,0.78,28.0,25.0,0.55,40.0,15.0
2026-04-23,5,0.55,14.0,22.0,0.74,26.0,26.0,0.52,38.0,16.0
2026-04-23,6,0.51,15.0,23.0,0.7,27.0,27.0,0.48,40.0,17.0
2026-04-23,7,0.48,18.0,23.0,0.65,29.0,27.0,0.45,41.0,17.0
2026-04-23,8,0.47,20.0,24.0,0.67,38.0,28.0,0.44,42.0,17.0
2026-04-23,9,0.51,25.0,25.0,0.73,39.0,29.0,0.4,35.0,18.0
2026-04-23,10,0.55,28.0,26.0,0.81,41.0,29.0,0.42,,19.0
2026-04-23,11,0.57,25.0,26.0,0.9,42.0,30.0,0.41,36.0,20.0
2026-04-23,12,0.57,19.0,27.0,0.94,40.0,31.0,0.4,33.0,21.0
2026-04-23,13,0.59,28.0,28.0,0.99,42.0,32.0,0.42,34.0,22.0
2026-04-23,14,0.6,31.0,28.0,1.0,39.0,33.0,0.45,34.0,22.0
2026-04-23,15,0.6,27.0,28.0,1.01,38.0,33.0,0.46,39.0,23.0
2026-04-23,16,0.55,28.0,29.0,0.97,40.0,33.0,0.44,43.0,23.0
2026-04-23,17,0.47,30.0,30.0,0.93,45.0,33.0,0.45,47.0,24.0
2026-04-23,18,0.43,29.0,30.0,0.85,36.0,33.0,0.44,47.0,24.0
2026-04-23,19,0.42,26.0,30.0,0.74,32.0,33.0,0.47,57.0,25.0
2026-04-23,20,0.44,26.0,30.0,0.67,35.0,33.0,0.51,56.0,25.0
2026-04-23,21,0.47,29.0,31.0,0.63,32.0,32.0,0.54,49.0,25.0
2026-04-23,22,0.55,26.0,31.0,0.61,31.0,32.0,0.55,47.0,25.0
2026-04-23,23,0.61,24.0,31.0,0.59,34.0,31.0,0.57,45.0,25.0
2026-04-23,24,0.65,22.0,30.0,0.54,26.0,31.0,0.57,44.0,24.0
2026-04-24,1,0.65,19.0,29.0,0.46,22.0,30.0,0.57,41.0,24.0
2026-04-24,2,0.63,17.0,28.0,0.41,15.0,30.0,0.55,38.0,23.0
2026-04-24,3,0.59,14.0,27.0,0.38,13.0,29.0,0.51,35.0,23.0
2026-04-24,4,0.55,12.0,27.0,0.37,13.0,29.0,0.48,35.0,23.0
2026-04-24,5,0.47,13.0,26.0,0.35,15.0,28.0,0.46,35.0,22.0
2026-04-24,6,0.37,15.0,25.0,0.33,20.0,28.0,0.44,37.0,22.0
2026-04-24,7,0.32,17.0,26.0,0.31,26.0,27.0,0.44,38.0,22.0
2026-04-24,8,0.34,20.0,26.0,0.35,33.0,26.0,0.43,39.0,23.0
2026-04-24,9,0.48,24.0,26.0,0.38,28.0,26.0,0.44,43.0,23.0
2026-04-24,10,0.52,30.0,26.0,0.4,22.0,25.0,0.46,46.0,23.0
2026-04-24,11,0.53,15.0,25.0,0.41,20.0,25.0,0.47,41.0,22.0
2026-04-24,12,0.54,14.0,25.0,0.42,22.0,24.0,0.46,33.0,21.0
2026-04-24,13,0.55,14.0,24.0,0.43,20.0,23.0,0.44,30.0,19.0
2026-04-24,14,0.55,15.0,24.0,0.46,27.0,23.0,0.41,29.0,19.0
2026-04-24,15,0.52,14.0,24.0,0.5,29.0,23.0,0.36,27.0,19.0
2026-04-24,16,0.44,14.0,23.0,0.49,24.0,22.0,0.34,36.0,18.0
2026-04-24,17,0.29,19.0,22.0,0.53,38.0,22.0,0.3,38.0,18.0
2026-04-24,18,0.25,23.0,22.0,0.6,33.0,22.0,0.28,42.0,18.0
2026-04-24,19,0.28,23.0,22.0,0.65,31.0,22.0,0.26,36.0,18.0
2026-04-24,20,0.32,24.0,22.0,0.73,35.0,22.0,0.25,39.0,17.0
2026-04-24,21,0.4,25.0,22.0,0.79,36.0,22.0,0.27,43.0,18.0
2026-04-24,22,0.45,23.0,22.0,0.83,30.0,22.0,0.29,41.0,18.0
2026-04-24,23,0.47,20.0,21.0,0.83,26.0,22.0,0.31,40.0,18.0
2026-04-24,24,0.52,19.0,21.0,0.86,27.0,22.0,0.32,36.0,18.0
2026-04-25,1,0.57,17.0,21.0,0.87,28.0,22.0,0.38,35.0,19.0
2026-04-25,2,0.64,16.0,21.0,0.95,30.0,23.0,0.37,36.0,20.0
2026-04-25,3,0.72,15.0,23.0,1.1,30.0,24.0,0.4,34.0,22.0
2026-04-25,4,0.8,14.0,24.0,1.22,30.0,25.0,0.46,33.0,24.0
2026-04-25,5,0.84,14.0,25.0,1.34,27.0,26.0,0.48,31.0,26.0
2026-04-25,6,0.91,13.0,26.0,1.46,29.0,27.0,0.5,31.0,27.0
2026-04-25,7,1.03,13.0,26.0,1.62,31.0,28.0,0.55,32.0,28.0
2026-04-25,8,1.14,14.0,26.0,1.81,32.0,29.0,0.56,34.0,30.0
2026-04-25,9,1.27,17.0,28.0,1.98,36.0,32.0,0.53,39.0,34.0
2026-04-25,10,1.29,28.0,29.0,1.97,41.0,33.0,0.55,47.0,36.0
2026-04-25,11,1.21,33.0,30.0,1.84,40.0,34.0,0.57,48.0,36.0
2026-04-25,12,1.13,21.0,31.0,1.71,35.0,34.0,0.55,42.0,37.0
2026-04-25,13,1.02,18.0,31.0,1.58,35.0,34.0,0.53,34.0,38.0
2026-04-25,14,0.91,17.0,31.0,1.42,29.0,35.0,0.5,33.0,38.0
2026-04-25,15,0.78,17.0,31.0,1.26,33.0,35.0,0.44,28.0,38.0
2026-04-25,16,0.63,15.0,31.0,1.04,29.0,35.0,0.42,25.0,39.0
2026-04-25,17,0.44,12.0,31.0,0.81,27.0,35.0,0.39,22.0,39.0
2026-04-25,18,0.34,15.0,32.0,0.72,28.0,35.0,0.36,24.0,39.0
2026-04-25,19,0.31,18.0,32.0,0.69,30.0,35.0,0.33,29.0,40.0
2026-04-25,20,0.3,18.0,32.0,0.71,32.0,36.0,0.3,28.0,41.0
2026-04-25,21,0.32,19.0,32.0,0.72,29.0,36.0,0.31,32.0,42.0
2026-04-25,22,0.36,19.0,32.0,0.78,34.0,37.0,0.33,41.0,43.0
2026-04-25,23,0.39,18.0,33.0,0.81,27.0,38.0,0.37,39.0,44.0
2026-04-25,24,0.43,18.0,35.0,0.85,26.0,39.0,0.39,39.0,45.0
2026-04-26,1,0.48,17.0,35.0,0.92,29.0,40.0,0.43,36.0,45.0
2026-04-26,2,0.51,16.0,35.0,0.94,26.0,40.0,0.47,37.0,45.0
2026-04-26,3,0.53,16.0,34.0,0.92,24.0,39.0,0.49,36.0,43.0
2026-04-26,4,0.52,14.0,34.0,0.86,21.0,39.0,0.5,34.0,41.0
2026-04-26,5,0.5,13.0,34.0,0.8,20.0,38.0,0.48,32.0,40.0
2026-04-26,6,0.45,11.0,34.0,0.73,19.0,37.0,0.45,32.0,39.0
2026-04-26,7,0.41,11.0,33.0,0.66,19.0,37.0,0.41,31.0,37.0
2026-04-26,8,0.36,12.0,32.0,0.59,21.0,35.0,0.39,34.0,34.0
2026-04-26,9,0.3,12.0,29.0,0.51,19.0,32.0,0.36,34.0,30.0
2026-04-26,10,0.25,7.0,28.0,0.44,16.0,31.0,0.32,25.0,28.0
2026-04-26,11,0.19,6.0,27.0,0.39,14.0,30.0,0.28,13.0,27.0
2026-04-26,12,0.16,7.0,26.0,0.36,15.0,30.0,0.25,20.0,26.0
2026-04-26,13,0.14,6.0,27.0,0.35,12.0,29.0,0.24,16.0,26.0
2026-04-26,14,0.12,5.0,29.0,0.33,12.0,30.0,0.22,15.0,27.0
2026-04-26,15,0.1,5.0,31.0,0.31,12.0,30.0,0.2,11.0,28.0
2026-04-26,16,0.08,5.0,32.0,0.3,13.0,30.0,0.18,13.0,29.0
2026-04-26,17,0.08,5.0,34.0,0.28,13.0,31.0,0.16,9.0,31.0
2026-04-26,18,0.07,6.0,36.0,0.28,15.0,33.0,0.16,11.0,32.0
2026-04-26,19,0.07,6.0,38.0,0.27,14.0,34.0,0.16,13.0,34.0
2026-04-26,20,0.07,8.0,41.0,0.27,14.0,35.0,0.16,14.0,35.0
2026-04-26,21,0.07,7.0,43.0,0.27,13.0,37.0,0.16,15.0,37.0
2026-04-26,22,0.07,6.0,45.0,0.27,14.0,39.0,0.16,12.0,38.0
2026-04-26,23,0.08,5.0,45.0,0.27,11.0,40.0,0.16,13.0,38.0
2026-04-26,24,0.08,5.0,45.0,0.27,13.0,40.0,0.15,14.0,38.0
2026-04-27,1,0.08,4.0,45.0,0.26,9.0,40.0,0.15,13.0,38.0
2026-04-27,2,0.07,3.0,45.0,0.25,7.0,41.0,0.14,11.0,38.0
2026-04-27,3,0.07,2.0,44.0,0.23,6.0,40.0,0.13,10.0,38.0
2026-04-27,4,0.07,2.0,43.0,0.21,6.0,40.0,0.12,10.0,38.0
2026-04-27,5,0.06,3.0,43.0,0.19,7.0,40.0,0.12,11.0,38.0
2026-04-27,6,0.06,5.0,43.0,0.18,12.0,40.0,0.11,16.0,38.0
2026-04-27,7,0.07,10.0,43.0,0.18,16.0,40.0,0.11,22.0,38.0
2026-04-27,8,0.1,13.0,43.0,0.2,27.0,41.0,0.13,23.0,38.0
2026-04-27,9,0.13,14.0,43.0,0.23,24.0,41.0,0.15,23.0,38.0
2026-04-27,10,0.17,14.0,43.0,0.26,25.0,41.0,0.17,23.0,39.0
2026-04-27,11,0.19,11.0,44.0,0.31,26.0,42.0,0.19,19.0,39.0
2026-04-27,12,0.22,11.0,44.0,0.38,30.0,43.0,0.2,18.0,40.0
2026-04-27,13,0.24,11.0,44.0,0.43,25.0,43.0,0.22,20.0,40.0
2026-04-27,14,0.25,10.0,41.0,0.48,26.0,42.0,0.23,25.0,39.0
2026-04-27,15,0.25,11.0,39.0,0.52,21.0,42.0,0.23,24.0,38.0
2026-04-27,16,0.24,12.0,38.0,0.53,24.0,42.0,0.22,23.0,37.0
2026-04-27,17,0.22,13.0,36.0,0.56,26.0,41.0,0.22,27.0,35.0
2026-04-27,18,0.21,15.0,34.0,0.58,25.0,40.0,0.22,33.0,33.0
2026-04-27,19,0.21,18.0,32.0,0.6,31.0,38.0,0.24,39.0,31.0
2026-04-27,20,0.23,21.0,29.0,0.62,32.0,36.0,0.26,40.0,29.0
2026-04-27,21,0.28,23.0,27.0,0.65,32.0,34.0,0.3,40.0,27.0
2026-04-27,22,0.34,22.0,26.0,0.68,32.0,32.0,0.34,41.0,26.0
2026-04-27,23,0.37,21.0,25.0,0.69,33.0,31.0,0.37,39.0,25.0
2026-04-27,24,0.41,20.0,25.0,0.71,32.0,31.0,0.4,37.0,25.0
2026-04-28,1,0.47,20.0,26.0,0.7,31.0,31.0,0.41,36.0,24.0
2026-04-28,2,0.49,18.0,27.0,0.7,30.0,31.0,0.41,34.0,24.0
2026-04-28,3,0.49,18.0,28.0,0.66,28.0,32.0,0.4,33.0,24.0
2026-04-28,4,0.47,16.0,29.0,0.61,24.0,32.0,0.38,35.0,24.0
2026-04-28,5,0.42,17.0,31.0,0.55,22.0,32.0,0.34,32.0,24.0
2026-04-28,6,0.37,18.0,31.0,0.51,27.0,33.0,0.31,37.0,24.0
2026-04-28,7,0.36,20.0,32.0,0.48,30.0,33.0,0.3,36.0,25.0
2026-04-28,8,0.37,21.0,32.0,0.48,30.0,33.0,0.33,41.0,26.0
2026-04-28,9,0.37,22.0,33.0,0.51,30.0,35.0,0.39,42.0,26.0
2026-04-28,10,0.38,21.0,34.0,0.52,29.0,35.0,0.43,42.0,27.0
2026-04-28,11,0.39,21.0,34.0,0.53,27.0,36.0,0.46,41.0,28.0
2026-04-28,12,0.41,19.0,35.0,0.55,22.0,37.0,0.49,40.0,29.0
2026-04-28,13,0.43,18.0,36.0,0.57,23.0,37.0,0.51,37.0,29.0
2026-04-28,14,0.44,18.0,37.0,0.56,18.0,38.0,0.52,38.0,30.0
2026-04-28,15,0.43,17.0,38.0,0.55,19.0,39.0,0.52,37.0,31.0
2026-04-28,16,0.4,18.0,38.0,0.52,19.0,39.0,0.48,38.0,32.0
2026-04-28,17,0.35,18.0,39.0,0.46,21.0,40.0,0.44,43.0,33.0
2026-04-28,18,0.35,24.0,40.0,0.44,29.0,40.0,0.43,50.0,34.0
2026-04-28,19,0.36,26.0,41.0,0.43,32.0,40.0,0.46,50.0,35.0
2026-04-28,20,0.39,26.0,41.0,0.44,33.0,40.0,0.48,49.0,35.0
2026-04-28,21,0.39,21.0,41.0,0.44,25.0,40.0,0.48,42.0,35.0
2026-04-28,22,0.39,18.0,41.0,0.44,23.0,39.0,0.48,39.0,35.0
2026-04-28,23,0.39,16.0,41.0,0.43,22.0,39.0,0.48,37.0,35.0
2026-04-28,24,0.37,13.0,41.0,0.43,16.0,39.0,0.47,34.0,35.0
2026-04-29,1,0.35,11.0,40.0,0.41,13.0,39.0,0.44,31.0,35.0
2026-04-29,2,0.32,8.0,40.0,0.38,10.0,39.0,0.4,26.0,36.0
2026-04-29,3,0.26,7.0,39.0,0.34,8.0,39.0,0.34,26.0,36.0
2026-04-29,4,0.2,6.0,39.0,0.3,8.0,38.0,0.28,25.0,36.0
2026-04-29,5,0.16,7.0,,0.27,9.0,38.0,0.25,25.0,36.0
2026-04-29,6,0.13,10.0,,0.25,12.0,38.0,0.24,31.0,36.0
2026-04-29,7,0.14,13.0,,0.24,16.0,37.0,0.24,32.0,36.0
2026-04-29,8,0.16,14.0,,0.25,19.0,37.0,0.25,33.0,37.0
2026-04-29,9,0.19,17.0,,0.26,18.0,36.0,0.28,32.0,37.0
2026-04-29,10,0.22,15.0,,0.3,19.0,35.0,0.31,31.0,37.0
2026-04-29,11,0.25,14.0,,0.33,19.0,35.0,0.33,30.0,37.0
2026-04-29,12,0.28,13.0,,0.36,18.0,35.0,0.35,28.0,37.0
2026-04-29,13,0.3,12.0,,0.39,19.0,36.0,0.37,30.0,37.0
2026-04-29,14,0.32,12.0,,0.42,22.0,36.0,0.38,29.0,36.0
2026-04-29,15,0.3,13.0,,0.46,25.0,36.0,0.38,,36.0
2026-04-29,16,0.3,13.0,,0.49,27.0,36.0,0.38,,36.0
2026-04-29,17,0.28,15.0,,0.53,32.0,36.0,,,35.0
2026-04-29,18,0.28,17.0,,0.57,35.0,37.0,,,35.0
2026-04-29,19,0.29,21.0,,0.64,38.0,37.0,,,35.0
2026-04-29,20,0.38,23.0,,0.79,41.0,39.0,,,
2026-04-29,21,0.46,23.0,,0.95,36.0,41.0,,,
2026-04-29,22,0.55,22.0,,1.07,32.0,43.0,,,
2026-04-29,23,0.61,20.0,,1.16,33.0,45.0,,,
2026-04-29,24,0.65,19.0,,1.25,31.0,45.0,,,
2026-04-30,1,0.67,18.0,,1.29,28.0,45.0,,,
2026-04-30,2,0.68,17.0,,1.32,28.0,46.0,,,
2026-04-30,3,0.67,16.0,,1.27,28.0,46.0,,,
2026-04-30,4,0.59,16.0,,1.12,26.0,46.0,,,
2026-04-30,5,0.52,16.0,,0.95,21.0,47.0,,,
2026-04-30,6,0.44,16.0,,0.8,20.0,47.0,,,
2026-04-30,7,0.43,18.0,,0.71,27.0,47.0,,,
2026-04-30,8,0.53,19.0,,0.67,29.0,47.0,,,
2026-04-30,9,0.59,21.0,,0.64,25.0,47.0,,,
2026-04-30,10,0.58,15.0,,0.57,19.0,47.0,,,
2026-04-30,11,0.57,11.0,,0.54,16.0,46.0,,,
2026-04-30,12,0.55,11.0,,0.53,21.0,46.0,,21.0,
2026-04-30,13,0.54,13.0,,0.53,16.0,45.0,,22.0,
2026-04-30,14,0.53,15.0,,0.54,20.0,45.0,,27.0,
2026-04-30,15,0.49,16.0,,0.51,20.0,45.0,,32.0,
2026-04-30,16,0.37,15.0,,0.46,32.0,45.0,,37.0,
2026-04-30,17,0.29,18.0,,0.45,38.0,45.0,,37.0,
2026-04-30,18,0.32,25.0,,0.56,44.0,45.0,,44.0,
2026-04-30,19,0.4,29.0,,0.66,44.0,45.0,,42.0,
2026-04-30,20,0.48,29.0,,0.71,37.0,43.0,,42.0,
2026-04-30,21,0.54,28.0,,0.76,35.0,42.0,,43.0,
2026-04-30,22,0.6,28.0,,0.8,35.0,40.0,,38.0,
2026-04-30,23,0.62,21.0,,0.82,28.0,38.0,,38.0,
2026-04-30,24,0.65,18.0,,0.8,27.0,38.0,,38.0,
2026-05-01,1,0.66,16.0,,0.75,21.0,36.0,0.31,34.0,
2026-05-01,2,0.63,13.0,,0.63,12.0,35.0,0.31,34.0,
2026-05-01,3,0.55,10.0,,0.52,10.0,35.0,0.3,29.0,
2026-05-01,4,0.46,9.0,29.0,0.45,11.0,34.0,0.29,26.0,
2026-05-01,5,0.39,8.0,28.0,0.38,10.0,33.0,0.28,26.0,
2026-05-01,6,0.31,9.0,28.0,0.32,9.0,33.0,0.28,29.0,24.0
2026-05-01,7,0.27,10.0,27.0,0.3,13.0,32.0,0.27,31.0,24.0
2026-05-01,8,0.24,13.0,27.0,0.29,14.0,31.0,0.26,33.0,24.0
2026-05-01,9,0.21,13.0,26.0,0.27,11.0,31.0,0.26,34.0,23.0
2026-05-01,10,0.2,10.0,25.0,0.27,9.0,30.0,0.24,28.0,23.0
2026-05-01,11,0.19,8.0,25.0,0.26,8.0,30.0,0.24,26.0,23.0
2026-05-01,12,0.2,8.0,25.0,0.26,7.0,29.0,0.25,30.0,23.0
2026-05-01,13,0.21,9.0,24.0,0.27,8.0,28.0,0.27,30.0,23.0
2026-05-01,14,0.23,11.0,24.0,0.28,10.0,27.0,0.28,29.0,22.0
2026-05-01,15,0.25,11.0,24.0,0.29,12.0,26.0,0.29,33.0,21.0
2026-05-01,16,0.27,14.0,24.0,0.32,21.0,26.0,0.32,35.0,21.0
2026-05-01,17,0.31,18.0,25.0,0.38,29.0,26.0,0.36,43.0,22.0
2026-05-01,18,0.36,23.0,27.0,0.48,43.0,26.0,0.45,54.0,23.0
2026-05-01,19,0.44,25.0,28.0,0.64,49.0,27.0,0.57,54.0,25.0
2026-05-01,20,0.57,26.0,30.0,0.83,48.0,28.0,0.77,56.0,28.0
2026-05-01,21,0.61,18.0,31.0,0.96,35.0,29.0,0.83,36.0,29.0
2026-05-01,22,0.6,12.0,30.0,1.04,28.0,30.0,0.83,24.0,30.0
2026-05-01,23,0.59,11.0,30.0,1.11,31.0,30.0,0.81,21.0,30.0
2026-05-01,24,0.56,7.0,30.0,1.11,20.0,30.0,0.76,15.0,31.0
2026-05-02,1,0.51,6.0,30.0,1.08,20.0,30.0,0.7,14.0,31.0
2026-05-02,2,0.45,5.0,30.0,1.0,19.0,30.0,0.6,14.0,30.0
2026-05-02,3,0.35,5.0,30.0,0.86,15.0,30.0,0.46,14.0,30.0
2026-05-02,4,0.21,4.0,31.0,0.69,14.0,30.0,0.25,15.0,30.0
2026-05-02,5,0.14,4.0,31.0,0.56,13.0,31.0,0.16,16.0,30.0
2026-05-02,6,0.11,5.0,31.0,0.48,16.0,31.0,0.13,15.0,30.0
2026-05-02,7,0.09,8.0,31.0,0.41,24.0,32.0,0.11,15.0,30.0
2026-05-02,8,0.08,10.0,32.0,0.4,30.0,33.0,0.11,16.0,30.0
2026-05-02,9,0.08,10.0,32.0,0.39,28.0,33.0,0.11,17.0,30.0
2026-05-02,10,0.09,9.0,33.0,0.4,28.0,34.0,0.11,16.0,31.0
2026-05-02,11,0.09,8.0,35.0,0.4,24.0,35.0,0.12,11.0,33.0
2026-05-02,12,0.09,6.0,35.0,0.41,26.0,37.0,0.12,9.0,33.0
2026-05-02,13,0.1,7.0,36.0,0.43,22.0,38.0,0.13,9.0,33.0
2026-05-02,14,0.11,8.0,35.0,0.45,28.0,38.0,0.14,10.0,34.0
2026-05-02,15,0.11,7.0,35.0,0.47,24.0,38.0,0.15,9.0,33.0
2026-05-02,16,0.12,9.0,34.0,0.47,20.0,38.0,0.16,11.0,33.0
2026-05-02,17,0.12,10.0,33.0,0.48,30.0,38.0,0.17,13.0,32.0
2026-05-02,18,0.12,11.0,31.0,0.49,32.0,36.0,0.17,17.0,30.0
2026-05-02,19,0.14,15.0,28.0,0.52,33.0,35.0,0.19,24.0,29.0
2026-05-02,20,0.16,17.0,26.0,0.57,34.0,34.0,0.21,29.0,26.0
2026-05-02,21,0.2,18.0,25.0,0.63,32.0,33.0,0.25,30.0,26.0
2026-05-02,22,0.23,18.0,26.0,0.68,34.0,33.0,0.28,31.0,26.0
2026-05-02,23,0.27,18.0,26.0,0.74,33.0,34.0,0.34,34.0,27.0
2026-05-02,24,0.3,19.0,26.0,0.8,31.0,34.0,0.39,33.0,28.0
2026-05-03,1,0.34,24.0,27.0,0.85,33.0,35.0,0.43,32.0,29.0
2026-05-03,2,0.37,17.0,27.0,0.88,33.0,36.0,0.46,32.0,30.0
2026-05-03,3,0.37,16.0,28.0,0.89,29.0,36.0,0.48,31.0,31.0
2026-05-03,4,0.37,15.0,28.0,0.86,29.0,36.0,0.5,30.0,31.0
2026-05-03,5,0.39,17.0,28.0,0.82,28.0,36.0,0.5,30.0,32.0
2026-05-03,6,0.42,18.0,29.0,0.8,29.0,36.0,0.5,32.0,32.0
2026-05-03,7,0.5,17.0,31.0,0.82,32.0,36.0,0.51,32.0,33.0
2026-05-03,8,0.55,17.0,32.0,0.81,33.0,36.0,0.56,30.0,34.0
2026-05-03,9,0.58,19.0,33.0,0.78,27.0,36.0,0.67,33.0,35.0
2026-05-03,10,0.58,17.0,32.0,0.74,20.0,35.0,0.69,34.0,35.0
2026-05-03,11,0.56,7.0,31.0,0.68,9.0,34.0,0.67,23.0,33.0
2026-05-03,12,0.55,6.0,31.0,0.64,7.0,33.0,0.64,21.0,33.0
2026-05-03,13,0.51,7.0,30.0,0.6,6.0,32.0,0.62,20.0,33.0
2026-05-03,14,0.44,7.0,30.0,0.53,7.0,31.0,0.58,20.0,33.0
2026-05-03,15,0.33,7.0,30.0,0.42,7.0,31.0,0.52,22.0,33.0
2026-05-03,16,0.25,8.0,30.0,0.32,7.0,30.0,0.42,25.0,33.0
2026-05-03,17,0.18,9.0,30.0,0.26,9.0,29.0,0.27,25.0,32.0
2026-05-03,18,0.17,12.0,29.0,0.23,12.0,28.0,0.23,31.0,32.0
2026-05-03,19,0.19,17.0,29.0,0.23,17.0,28.0,0.25,37.0,32.0
2026-05-03,20,0.22,20.0,29.0,0.25,22.0,27.0,0.27,37.0,31.0
2026-05-03,21,0.25,19.0,28.0,0.26,19.0,26.0,0.29,37.0,30.0
2026-05-03,22,0.26,15.0,27.0,0.27,12.0,25.0,0.3,31.0,30.0
2026-05-03,23,0.28,13.0,26.0,0.27,10.0,24.0,0.32,33.0,28.0
2026-05-03,24,0.29,11.0,25.0,0.28,11.0,23.0,0.32,29.0,27.0
2026-05-04,1,0.3,10.0,24.0,0.28,12.0,22.0,0.32,24.0,25.0
2026-05-04,2,0.29,8.0,23.0,0.28,10.0,21.0,0.3,24.0,25.0
2026-05-04,3,0.26,6.0,22.0,0.27,8.0,21.0,0.27,22.0,24.0
2026-05-04,4,0.21,5.0,22.0,0.26,6.0,20.0,0.24,20.0,23.0
2026-05-04,5,0.16,6.0,21.0,0.24,7.0,20.0,0.2,22.0,23.0
2026-05-04,6,0.14,8.0,20.0,0.24,13.0,19.0,0.19,25.0,22.0
2026-05-04,7,0.14,13.0,18.0,0.26,16.0,18.0,0.19,27.0,22.0
2026-05-04,8,0.15,16.0,16.0,0.28,19.0,17.0,0.21,29.0,21.0
2026-05-04,9,0.18,17.0,15.0,0.32,22.0,18.0,0.26,31.0,19.0
2026-05-04,10,0.22,18.0,16.0,0.35,19.0,19.0,0.3,32.0,19.0
2026-05-04,11,0.25,16.0,16.0,0.38,20.0,19.0,0.35,34.0,20.0
2026-05-04,12,0.28,15.0,16.0,0.42,21.0,20.0,0.39,34.0,20.0
2026-05-04,13,0.32,17.0,17.0,0.47,26.0,20.0,0.42,33.0,21.0
2026-05-04,14,0.35,17.0,18.0,0.51,30.0,21.0,0.44,35.0,21.0
2026-05-04,15,0.37,19.0,19.0,0.52,23.0,22.0,0.46,40.0,22.0
2026-05-04,16,0.37,19.0,20.0,0.5,18.0,23.0,0.45,40.0,23.0
2026-05-04,17,0.35,20.0,20.0,0.47,20.0,24.0,0.43,42.0,24.0
2026-05-04,18,0.34,20.0,20.0,0.47,25.0,25.0,0.43,44.0,24.0
2026-05-04,19,0.37,22.0,20.0,0.48,31.0,25.0,0.44,41.0,25.0
2026-05-04,20,0.43,22.0,21.0,0.52,32.0,25.0,0.44,40.0,26.0
2026-05-04,21,0.54,23.0,22.0,0.53,29.0,25.0,0.48,38.0,27.0
2026-05-04,22,0.64,22.0,23.0,0.51,26.0,25.0,0.53,44.0,28.0
2026-05-04,23,0.7,21.0,23.0,0.52,28.0,25.0,0.55,42.0,28.0
2026-05-04,24,0.73,21.0,24.0,0.53,25.0,25.0,0.55,41.0,28.0
2026-05-05,1,0.78,19.0,24.0,0.54,22.0,25.0,0.55,39.0,30.0
2026-05-05,2,0.79,17.0,25.0,0.53,21.0,25.0,0.52,37.0,30.0
2026-05-05,3,0.76,16.0,25.0,0.5,19.0,26.0,0.48,36.0,31.0
2026-05-05,4,0.68,14.0,26.0,0.44,18.0,26.0,0.45,33.0,31.0
2026-05-05,5,0.57,14.0,26.0,0.41,15.0,27.0,0.39,32.0,31.0
2026-05-05,6,0.48,15.0,27.0,0.4,21.0,27.0,0.34,33.0,32.0
2026-05-05,7,0.47,18.0,28.0,0.4,27.0,28.0,0.35,37.0,33.0
2026-05-05,8,0.5,18.0,28.0,0.45,28.0,28.0,0.4,36.0,34.0
2026-05-05,9,0.54,20.0,29.0,0.52,29.0,28.0,0.48,40.0,36.0
2026-05-05,10,0.54,18.0,30.0,0.54,22.0,28.0,0.5,38.0,37.0
2026-05-05,11,0.57,16.0,30.0,0.57,22.0,29.0,0.53,37.0,37.0
2026-05-05,12,0.62,16.0,31.0,0.61,21.0,29.0,0.57,37.0,37.0
2026-05-05,13,0.64,16.0,31.0,0.69,27.0,30.0,0.59,33.0,38.0
2026-05-05,14,0.64,13.0,30.0,0.7,18.0,29.0,0.6,34.0,38.0
2026-05-05,15,0.59,12.0,29.0,0.73,26.0,28.0,0.56,36.0,37.0
2026-05-05,16,0.54,16.0,29.0,0.74,28.0,28.0,0.51,37.0,37.0
2026-05-05,17,0.49,21.0,28.0,0.75,32.0,28.0,0.45,39.0,37.0
2026-05-05,18,0.5,22.0,29.0,0.83,35.0,28.0,0.45,40.0,37.0
2026-05-05,19,0.51,22.0,29.0,0.88,32.0,28.0,0.44,38.0,37.0
2026-05-05,20,0.5,20.0,28.0,0.9,29.0,28.0,0.44,36.0,37.0
2026-05-05,21,0.5,18.0,27.0,0.84,26.0,28.0,0.43,38.0,37.0
2026-05-05,22,0.5,18.0,26.0,0.86,28.0,28.0,0.42,34.0,36.0
2026-05-05,23,0.51,20.0,26.0,0.82,26.0,28.0,0.4,33.0,35.0
2026-05-05,24,0.49,17.0,26.0,0.77,20.0,28.0,0.38,34.0,35.0
2026-05-06,1,0.46,14.0,25.0,0.71,19.0,28.0,0.35,31.0,34.0
2026-05-06,2,0.42,12.0,25.0,0.61,17.0,28.0,0.31,29.0,33.0
2026-05-06,3,0.37,10.0,25.0,0.53,14.0,28.0,0.28,29.0,33.0
2026-05-06,4,0.34,9.0,25.0,0.49,14.0,28.0,0.25,28.0,33.0
2026-05-06,5,0.31,10.0,25.0,0.46,13.0,27.0,0.25,27.0,33.0
2026-05-06,6,0.3,9.0,24.0,0.45,13.0,27.0,0.25,26.0,33.0
2026-05-06,7,0.28,9.0,23.0,0.46,17.0,26.0,0.25,25.0,32.0
2026-05-06,8,0.29,10.0,22.0,0.48,21.0,26.0,0.26,25.0,31.0
2026-05-06,9,0.31,10.0,20.0,0.49,18.0,25.0,0.27,23.0,28.0
2026-05-06,10,0.33,12.0,20.0,0.5,19.0,24.0,0.28,20.0,28.0
2026-05-06,11,0.36,12.0,19.0,0.51,22.0,23.0,0.3,21.0,27.0
2026-05-06,12,0.4,14.0,19.0,0.53,25.0,22.0,0.33,27.0,26.0
2026-05-06,13,0.44,18.0,18.0,0.58,30.0,21.0,0.36,30.0,25.0
2026-05-06,14,0.47,16.0,18.0,0.68,32.0,22.0,0.37,22.0,24.0
2026-05-06,15,0.49,14.0,18.0,0.74,32.0,22.0,0.36,26.0,24.0
2026-05-06,16,0.49,16.0,18.0,0.79,30.0,22.0,0.36,21.0,23.0
2026-05-06,17,0.51,16.0,18.0,0.81,25.0,22.0,0.37,25.0,23.0
2026-05-06,18,0.54,19.0,18.0,0.89,32.0,22.0,0.39,25.0,23.0
2026-05-06,19,0.62,20.0,19.0,0.98,31.0,22.0,0.4,27.0,23.0
2026-05-06,20,0.68,22.0,19.0,1.01,33.0,22.0,0.38,27.0,22.0
2026-05-06,21,0.66,16.0,19.0,0.96,19.0,22.0,0.35,25.0,21.0
2026-05-06,22,0.66,12.0,19.0,0.85,16.0,22.0,0.34,25.0,21.0
2026-05-06,23,0.65,11.0,19.0,0.77,14.0,22.0,0.34,21.0,21.0
2026-05-06,24,0.63,10.0,19.0,0.68,11.0,22.0,0.33,18.0,21.0
2026-05-07,1,0.6,8.0,19.0,0.63,11.0,22.0,0.3,19.0,21.0
2026-05-07,2,0.53,5.0,18.0,0.54,13.0,22.0,0.26,14.0,21.0
2026-05-07,3,0.42,5.0,18.0,0.44,15.0,21.0,0.22,21.0,20.0
2026-05-07,4,0.32,6.0,18.0,0.39,16.0,21.0,0.2,26.0,20.0
2026-05-07,5,0.29,7.0,17.0,0.37,11.0,21.0,0.17,31.0,19.0
2026-05-07,6,0.26,8.0,16.0,0.36,20.0,21.0,0.16,34.0,18.0
2026-05-07,7,0.25,10.0,17.0,0.37,24.0,20.0,0.16,37.0,18.0
2026-05-07,8,0.25,11.0,17.0,0.42,28.0,20.0,0.18,37.0,18.0
2026-05-07,9,0.26,12.0,17.0,0.46,27.0,21.0,0.2,35.0,18.0
2026-05-07,10,0.28,12.0,17.0,0.5,28.0,21.0,0.22,29.0,18.0
2026-05-07,11,0.3,,17.0,0.54,29.0,22.0,0.23,31.0,18.0
2026-05-07,12,0.32,14.0,17.0,0.61,34.0,23.0,0.25,24.0,18.0
2026-05-07,13,0.35,11.0,18.0,0.65,26.0,23.0,0.26,22.0,19.0
2026-05-07,14,0.36,10.0,18.0,0.7,25.0,23.0,0.27,22.0,19.0
2026-05-07,15,0.38,9.0,18.0,0.73,25.0,23.0,0.28,24.0,19.0
2026-05-07,16,0.36,9.0,19.0,0.72,24.0,23.0,0.27,22.0,19.0
2026-05-07,17,0.35,9.0,19.0,0.7,21.0,23.0,0.26,22.0,19.0
2026-05-07,18,0.36,11.0,19.0,0.69,25.0,23.0,0.27,21.0,19.0
2026-05-07,19,0.35,10.0,18.0,0.68,23.0,23.0,0.28,22.0,19.0
2026-05-07,20,0.34,9.0,17.0,0.63,19.0,23.0,0.28,21.0,18.0
2026-05-07,21,0.33,8.0,17.0,0.62,19.0,23.0,0.28,18.0,18.0
2026-05-07,22,0.31,7.0,17.0,0.58,17.0,23.0,0.27,16.0,17.0
2026-05-07,23,0.29,6.0,16.0,0.55,15.0,22.0,0.26,15.0,17.0
2026-05-07,24,0.28,5.0,16.0,0.51,14.0,22.0,0.24,12.0,16.0
2026-05-08,1,0.26,4.0,15.0,0.48,11.0,21.0,0.22,12.0,15.0
2026-05-08,2,0.23,3.0,15.0,0.43,8.0,21.0,0.2,12.0,15.0
2026-05-08,3,0.2,3.0,15.0,0.38,8.0,21.0,0.18,11.0,15.0
2026-05-08,4,0.18,2.0,15.0,0.33,6.0,21.0,0.15,8.0,15.0
2026-05-08,5,0.16,2.0,15.0,0.29,8.0,21.0,0.14,8.0,15.0
2026-05-08,6,0.15,4.0,15.0,0.28,12.0,21.0,0.13,13.0,15.0
2026-05-08,7,0.15,6.0,15.0,0.28,16.0,21.0,0.14,18.0,14.0
2026-05-08,8,0.16,9.0,15.0,0.29,24.0,21.0,0.15,21.0,14.0
2026-05-08,9,0.19,10.0,15.0,0.31,23.0,21.0,0.17,21.0,14.0
2026-05-08,10,0.22,11.0,15.0,0.34,20.0,20.0,0.19,20.0,14.0
2026-05-08,11,0.24,10.0,14.0,0.38,29.0,20.0,0.2,20.0,14.0
2026-05-08,12,0.27,10.0,14.0,0.42,24.0,19.0,0.21,16.0,13.0
2026-05-08,13,0.29,9.0,13.0,0.47,27.0,19.0,0.23,18.0,13.0
2026-05-08,14,0.31,8.0,13.0,0.5,22.0,18.0,0.24,18.0,12.0
2026-05-08,15,0.32,9.0,13.0,0.52,19.0,17.0,0.24,18.0,12.0
2026-05-08,16,0.31,9.0,13.0,0.52,26.0,17.0,0.24,21.0,12.0
2026-05-08,17,0.3,11.0,12.0,0.54,24.0,17.0,0.23,20.0,11.0
2026-05-08,18,0.29,12.0,12.0,0.54,25.0,17.0,0.24,25.0,11.0
2026-05-08,19,0.29,14.0,13.0,0.54,28.0,17.0,0.26,27.0,11.0
2026-05-08,20,0.29,15.0,13.0,0.55,28.0,17.0,0.27,28.0,12.0
2026-05-08,21,0.3,17.0,14.0,0.56,27.0,18.0,0.28,28.0,12.0
2026-05-08,22,0.31,16.0,14.0,0.56,32.0,19.0,0.3,30.0,13.0
2026-05-08,23,0.33,17.0,16.0,0.57,27.0,20.0,0.32,30.0,14.0
2026-05-08,24,0.35,15.0,17.0,0.58,26.0,21.0,0.34,30.0,15.0
2026-05-09,1,0.35,12.0,18.0,0.57,21.0,22.0,0.35,,16.0
2026-05-09,2,0.35,8.0,19.0,0.55,17.0,23.0,0.35,,16.0
2026-05-09,3,0.33,5.0,20.0,0.51,15.0,23.0,,,17.0
2026-05-09,4,0.31,4.0,20.0,0.48,13.0,23.0,,,17.0
2026-05-09,5,0.29,4.0,20.0,0.43,12.0,24.0,,,18.0
2026-05-09,6,0.26,4.0,21.0,0.39,12.0,23.0,,,18.0
2026-05-09,7,0.24,6.0,21.0,0.37,15.0,23.0,,,
2026-05-09,8,0.22,7.0,21.0,0.35,18.0,23.0,,,
2026-05-09,9,0.22,8.0,21.0,0.35,20.0,23.0,,,
2026-05-09,10,0.22,9.0,20.0,0.35,22.0,23.0,,,
2026-05-09,11,0.24,9.0,20.0,0.37,21.0,22.0,,,
2026-05-09,12,0.25,9.0,19.0,0.4,20.0,22.0,,,
2026-05-09,13,0.27,10.0,19.0,0.43,21.0,22.0,,,
2026-05-09,14,0.29,10.0,19.0,0.47,24.0,22.0,,,
2026-05-09,15,0.29,10.0,19.0,0.49,24.0,22.0,,,
2026-05-09,16,0.31,11.0,19.0,0.51,26.0,23.0,,,
2026-05-09,17,0.31,11.0,19.0,0.53,27.0,22.0,,,
2026-05-09,18,0.31,10.0,18.0,0.54,21.0,22.0,,,
2026-05-09,19,0.31,12.0,18.0,0.54,24.0,22.0,,,
2026-05-09,20,0.32,13.0,18.0,0.56,26.0,21.0,,,
2026-05-09,21,0.32,13.0,17.0,0.57,30.0,21.0,,,
2026-05-09,22,0.33,13.0,16.0,0.58,28.0,20.0,,,
2026-05-09,23,0.35,13.0,16.0,0.59,23.0,20.0,,,
2026-05-09,24,0.35,11.0,15.0,0.58,22.0,19.0,,,
2026-05-10,1,0.34,8.0,14.0,0.57,18.0,18.0,,,
2026-05-10,2,0.35,7.0,13.0,0.56,17.0,18.0,,,
2026-05-10,3,0.34,7.0,13.0,0.54,14.0,17.0,,,
2026-05-10,4,0.33,7.0,13.0,0.5,15.0,17.0,,,
2026-05-10,5,0.31,7.0,13.0,0.47,16.0,17.0,,,
2026-05-10,6,0.29,7.0,13.0,0.43,16.0,17.0,,,
2026-05-10,7,0.28,8.0,13.0,0.4,17.0,17.0,,,
2026-05-10,8,0.27,8.0,13.0,0.38,17.0,17.0,,,
2026-05-10,9,0.27,8.0,13.0,0.37,16.0,17.0,,,
2026-05-10,10,0.27,7.0,14.0,0.37,16.0,17.0,,,
2026-05-10,11,0.28,7.0,14.0,0.37,16.0,17.0,,,
2026-05-10,12,0.28,6.0,13.0,0.38,14.0,17.0,,,
2026-05-10,13,0.28,6.0,14.0,0.38,14.0,17.0,,,
2026-05-10,14,0.28,6.0,14.0,0.38,13.0,17.0,,,
2026-05-10,15,0.28,6.0,14.0,0.39,14.0,17.0,,,
2026-05-10,16,0.28,8.0,14.0,0.39,15.0,16.0,,,
2026-05-10,17,0.27,9.0,13.0,0.39,18.0,16.0,,,
2026-05-10,18,0.28,12.0,13.0,0.4,21.0,16.0,,,
2026-05-10,19,0.3,18.0,14.0,0.45,32.0,16.0,,,
2026-05-10,20,0.36,20.0,14.0,0.53,33.0,16.0,,,
2026-05-10,21,0.4,19.0,14.0,0.58,31.0,16.0,,,
2026-05-10,22,0.44,18.0,15.0,0.64,32.0,16.0,,,
2026-05-10,23,0.48,20.0,15.0,0.7,30.0,16.0,,,
2026-05-10,24,0.51,17.0,16.0,0.75,28.0,16.0,,,
2026-05-11,1,0.53,16.0,16.0,0.81,28.0,16.0,,,
2026-05-11,2,0.54,16.0,16.0,0.82,22.0,16.0,,,
2026-05-11,3,0.52,16.0,16.0,0.78,24.0,17.0,,,
2026-05-11,4,0.48,15.0,17.0,0.71,25.0,17.0,,,
2026-05-11,5,0.44,14.0,17.0,0.67,25.0,18.0,,,
2026-05-11,6,0.42,14.0,17.0,0.65,27.0,18.0,,,
2026-05-11,7,0.41,16.0,17.0,0.66,33.0,19.0,,,
2026-05-11,8,0.49,17.0,18.0,0.71,37.0,20.0,,,
2026-05-11,9,0.6,20.0,20.0,0.75,35.0,20.0,,,
2026-05-11,10,0.68,25.0,21.0,0.89,41.0,22.0,,,
2026-05-11,11,0.73,26.0,22.0,1.01,49.0,23.0,,,
2026-05-11,12,0.77,23.0,23.0,1.07,39.0,24.0,,32.0,
2026-05-11,13,0.79,21.0,23.0,1.08,26.0,25.0,,34.0,
2026-05-11,14,0.8,21.0,25.0,1.07,23.0,25.0,,31.0,
2026-05-11,15,0.79,18.0,25.0,1.02,26.0,26.0,,28.0,
2026-05-11,16,0.7,17.0,25.0,0.94,29.0,26.0,,30.0,
2026-05-11,17,0.59,19.0,26.0,0.86,26.0,27.0,0.58,34.0,
2026-05-11,18,0.53,23.0,26.0,0.73,34.0,27.0,0.6,38.0,
2026-05-11,19,0.54,27.0,27.0,0.64,37.0,27.0,0.65,45.0,
2026-05-11,20,0.55,26.0,28.0,0.63,34.0,28.0,0.67,42.0,
2026-05-11,21,0.57,26.0,28.0,0.64,34.0,29.0,0.66,42.0,
2026-05-11,22,0.58,25.0,28.0,0.65,31.0,29.0,0.69,40.0,
2026-05-11,23,0.58,21.0,28.0,0.64,28.0,29.0,0.71,38.0,
2026-05-11,24,0.58,19.0,28.0,0.62,22.0,30.0,0.72,32.0,
2026-05-12,1,0.56,15.0,29.0,0.61,16.0,30.0,0.72,28.0,
2026-05-12,2,0.52,11.0,29.0,0.57,16.0,31.0,0.68,24.0,
2026-05-12,3,0.43,11.0,29.0,0.52,15.0,32.0,0.59,22.0,
2026-05-12,4,0.37,9.0,30.0,0.46,13.0,32.0,0.52,21.0,
2026-05-12,5,0.32,10.0,30.0,0.41,14.0,33.0,0.46,21.0,31.0
2026-05-12,6,0.28,13.0,31.0,0.38,18.0,34.0,0.42,25.0,31.0
2026-05-12,7,0.27,16.0,31.0,0.37,21.0,34.0,0.4,28.0,32.0
2026-05-12,8,0.3,17.0,31.0,0.38,26.0,35.0,0.41,29.0,32.0
2026-05-12,9,0.33,17.0,31.0,0.42,24.0,35.0,0.43,29.0,32.0
2026-05-12,10,0.37,16.0,31.0,0.47,25.0,35.0,0.46,28.0,32.0
2026-05-12,11,0.4,16.0,32.0,0.53,29.0,35.0,0.49,31.0,33.0
2026-05-12,12,0.42,15.0,32.0,0.58,28.0,35.0,0.51,31.0,33.0
2026-05-12,13,0.46,18.0,32.0,0.64,31.0,36.0,0.54,35.0,33.0
2026-05-12,14,0.49,19.0,33.0,0.68,32.0,37.0,0.54,36.0,33.0
2026-05-12,15,0.5,18.0,33.0,0.72,34.0,37.0,0.53,35.0,33.0
2026-05-12,16,0.49,22.0,34.0,0.73,34.0,38.0,0.51,38.0,34.0
2026-05-12,17,0.49,27.0,34.0,0.74,41.0,39.0,0.5,43.0,36.0
2026-05-12,18,0.54,28.0,36.0,0.8,43.0,40.0,0.56,48.0,37.0
2026-05-12,19,0.63,27.0,37.0,1.09,51.0,42.0,0.61,48.0,38.0
2026-05-12,20,0.72,26.0,38.0,1.32,56.0,44.0,0.67,45.0,39.0
2026-05-12,21,0.71,18.0,38.0,1.38,34.0,44.0,0.64,29.0,39.0
2026-05-12,22,0.69,11.0,37.0,1.39,28.0,45.0,0.6,20.0,39.0
2026-05-12,23,0.67,11.0,36.0,1.39,27.0,45.0,0.57,20.0,39.0
2026-05-12,24,0.64,10.0,36.0,1.4,27.0,44.0,0.53,20.0,38.0
2026-05-13,1,0.6,9.0,36.0,1.37,26.0,44.0,0.47,20.0,37.0
2026-05-13,2,0.51,9.0,35.0,1.28,21.0,44.0,0.35,19.0,37.0
2026-05-13,3,0.38,6.0,35.0,0.94,20.0,43.0,0.24,18.0,36.0
2026-05-13,4,0.27,6.0,34.0,0.67,19.0,43.0,0.12,18.0,36.0
2026-05-13,5,0.24,10.0,33.0,0.56,20.0,42.0,0.1,21.0,36.0
2026-05-13,6,0.24,15.0,33.0,0.52,23.0,42.0,0.09,25.0,35.0
2026-05-13,7,0.24,17.0,32.0,0.51,31.0,42.0,0.09,27.0,35.0
2026-05-13,8,0.29,20.0,32.0,0.56,41.0,42.0,0.12,30.0,35.0
2026-05-13,9,0.35,22.0,32.0,0.63,40.0,42.0,0.15,33.0,36.0
2026-05-13,10,0.39,24.0,31.0,0.72,47.0,42.0,0.18,33.0,37.0
2026-05-13,11,0.42,20.0,31.0,0.8,37.0,42.0,0.2,30.0,37.0
2026-05-13,12,0.45,19.0,31.0,0.87,40.0,42.0,0.22,24.0,37.0
2026-05-13,13,0.46,16.0,30.0,0.96,,42.0,0.23,20.0,36.0
2026-05-13,14,0.48,17.0,29.0,1.03,,41.0,0.24,20.0,35.0
2026-05-13,15,0.48,18.0,29.0,1.09,25.0,41.0,0.24,21.0,34.0
2026-05-13,16,0.46,18.0,28.0,1.07,23.0,41.0,0.23,23.0,33.0
2026-05-13,17,0.43,19.0,27.0,1.05,29.0,40.0,0.21,26.0,31.0
2026-05-13,18,0.42,20.0,26.0,1.04,28.0,39.0,0.2,27.0,29.0
2026-05-13,19,0.44,21.0,25.0,1.03,24.0,37.0,0.2,31.0,27.0
2026-05-13,20,0.47,21.0,24.0,1.04,27.0,35.0,0.22,33.0,25.0
2026-05-13,21,0.53,21.0,23.0,1.0,24.0,34.0,0.26,37.0,25.0
2026-05-13,22,0.58,20.0,23.0,0.97,23.0,33.0,0.32,36.0,25.0
2026-05-13,23,0.62,20.0,24.0,0.95,24.0,33.0,0.35,35.0,25.0
2026-05-13,24,0.64,21.0,24.0,0.94,24.0,32.0,0.39,34.0,26.0
2026-05-14,1,0.66,21.0,25.0,0.9,22.0,33.0,0.44,36.0,26.0
2026-05-14,2,0.67,21.0,25.0,0.84,22.0,32.0,0.5,37.0,27.0
2026-05-14,3,0.65,19.0,25.0,0.78,21.0,33.0,0.55,35.0,28.0
2026-05-14,4,0.62,19.0,26.0,0.7,17.0,33.0,0.56,34.0,29.0
2026-05-14,5,0.57,14.0,27.0,0.64,15.0,33.0,0.54,30.0,30.0
2026-05-14,6,0.51,12.0,27.0,0.6,18.0,34.0,0.49,27.0,30.0
2026-05-14,7,0.47,16.0,27.0,0.57,22.0,34.0,0.45,27.0,30.0
2026-05-14,8,0.44,17.0,27.0,0.57,27.0,33.0,0.42,29.0,29.0
2026-05-14,9,0.45,20.0,27.0,0.6,26.0,33.0,0.38,30.0,27.0
2026-05-14,10,0.44,22.0,26.0,0.65,29.0,33.0,0.33,33.0,27.0
2026-05-14,11,0.45,20.0,26.0,0.73,30.0,33.0,0.29,32.0,26.0
2026-05-14,12,0.45,,26.0,0.84,31.0,34.0,0.26,26.0,26.0
2026-05-14,13,0.46,,26.0,0.92,27.0,34.0,0.24,22.0,26.0
2026-05-14,14,0.47,14.0,27.0,0.97,26.0,34.0,0.24,18.0,26.0
2026-05-14,15,0.46,13.0,27.0,1.0,24.0,33.0,0.23,18.0,26.0
2026-05-14,16,0.45,14.0,27.0,1.0,25.0,33.0,0.22,17.0,26.0
2026-05-14,17,0.42,17.0,26.0,0.99,27.0,33.0,0.2,22.0,26.0
2026-05-14,18,0.4,19.0,26.0,0.98,27.0,33.0,0.18,25.0,26.0
2026-05-14,19,0.42,22.0,26.0,1.01,30.0,34.0,0.18,34.0,26.0
2026-05-14,20,0.48,22.0,26.0,1.01,26.0,34.0,0.21,36.0,27.0
2026-05-14,21,0.54,22.0,27.0,1.05,27.0,34.0,0.27,36.0,28.0
2026-05-14,22,0.61,21.0,27.0,1.15,28.0,35.0,0.36,36.0,28.0
2026-05-14,23,0.7,22.0,27.0,1.21,27.0,36.0,0.5,37.0,29.0
2026-05-14,24,0.77,21.0,28.0,1.27,26.0,37.0,0.66,36.0,30.0
2026-05-15,1,0.83,20.0,28.0,1.33,25.0,38.0,0.82,39.0,32.0
2026-05-15,2,0.9,20.0,29.0,1.37,25.0,38.0,0.98,39.0,32.0
2026-05-15,3,0.96,21.0,29.0,1.32,24.0,38.0,1.11,39.0,33.0
2026-05-15,4,0.98,21.0,29.0,1.21,18.0,39.0,1.21,38.0,34.0
2026-05-15,5,0.93,19.0,29.0,1.09,13.0,38.0,1.21,34.0,33.0
2026-05-15,6,0.86,18.0,29.0,0.92,15.0,37.0,1.15,35.0,32.0
2026-05-15,7,0.81,19.0,29.0,0.81,19.0,37.0,1.05,36.0,32.0
2026-05-15,8,0.77,22.0,29.0,0.72,19.0,36.0,0.92,37.0,32.0
2026-05-15,9,0.73,21.0,29.0,0.6,18.0,35.0,0.8,36.0,32.0
2026-05-15,10,0.66,21.0,29.0,0.47,15.0,34.0,0.66,33.0,31.0
2026-05-15,11,0.56,18.0,28.0,0.41,15.0,33.0,0.54,37.0,31.0
2026-05-15,12,0.49,15.0,28.0,0.41,11.0,32.0,0.43,36.0,31.0
2026-05-15,13,0.48,14.0,28.0,0.41,10.0,31.0,0.4,36.0,32.0
2026-05-15,14,0.49,14.0,28.0,0.4,9.0,31.0,0.5,37.0,36.0
2026-05-15,15,0.47,14.0,28.0,0.38,10.0,30.0,0.63,35.0,40.0
2026-05-15,16,0.44,14.0,28.0,0.34,10.0,30.0,0.68,34.0,40.0
2026-05-15,17,0.41,15.0,28.0,0.33,15.0,30.0,0.7,38.0,41.0
2026-05-15,18,0.41,20.0,27.0,0.32,19.0,29.0,0.73,40.0,41.0
2026-05-15,19,0.46,25.0,28.0,0.34,23.0,29.0,0.76,40.0,42.0
2026-05-15,20,0.55,25.0,28.0,0.38,25.0,28.0,0.81,39.0,42.0
2026-05-15,21,0.62,26.0,27.0,0.43,26.0,28.0,0.81,37.0,41.0
2026-05-15,22,0.64,22.0,27.0,0.47,25.0,28.0,0.69,37.0,40.0
2026-05-15,23,0.65,21.0,27.0,0.49,21.0,27.0,0.55,37.0,40.0
2026-05-15,24,0.68,20.0,27.0,0.52,21.0,26.0,0.49,34.0,37.0
2026-05-16,1,0.69,19.0,26.0,0.51,12.0,25.0,0.45,34.0,35.0
2026-05-16,2,0.67,14.0,24.0,0.49,8.0,24.0,0.4,33.0,33.0
2026-05-16,3,0.61,11.0,24.0,0.45,9.0,23.0,0.35,27.0,30.0
2026-05-16,4,0.5,11.0,22.0,0.4,10.0,23.0,0.28,27.0,28.0
2026-05-16,5,0.41,12.0,22.0,0.34,8.0,22.0,0.27,27.0,28.0
2026-05-16,6,0.37,15.0,21.0,0.31,11.0,22.0,0.26,28.0,27.0
2026-05-16,7,0.36,17.0,21.0,0.31,16.0,22.0,0.26,32.0,28.0
2026-05-16,8,0.34,17.0,20.0,0.32,21.0,22.0,0.29,36.0,27.0
2026-05-16,9,0.35,19.0,21.0,0.38,25.0,22.0,0.31,35.0,27.0
2026-05-16,10,0.38,22.0,22.0,0.44,22.0,22.0,0.36,37.0,27.0
2026-05-16,11,0.42,23.0,22.0,0.52,25.0,22.0,0.42,41.0,27.0
2026-05-16,12,0.46,25.0,23.0,0.6,26.0,23.0,0.47,40.0,27.0
2026-05-16,13,0.51,23.0,23.0,0.7,28.0,24.0,0.5,35.0,28.0
2026-05-16,14,0.53,19.0,24.0,0.77,24.0,25.0,0.52,30.0,25.0
2026-05-16,15,0.54,16.0,25.0,0.82,25.0,27.0,0.52,27.0,22.0
2026-05-16,16,0.55,17.0,25.0,0.83,23.0,28.0,0.49,28.0,23.0
2026-05-16,17,0.55,17.0,26.0,0.85,24.0,28.0,0.46,29.0,23.0
2026-05-16,18,0.55,20.0,27.0,0.89,26.0,29.0,0.41,31.0,23.0
2026-05-16,19,0.54,17.0,28.0,0.92,24.0,30.0,0.37,31.0,23.0
2026-05-16,20,0.52,15.0,28.0,0.92,20.0,31.0,0.32,27.0,23.0
2026-05-16,21,0.5,12.0,28.0,0.87,18.0,31.0,0.29,24.0,23.0
2026-05-16,22,0.48,10.0,28.0,0.85,18.0,31.0,0.27,20.0,24.0
2026-05-16,23,0.46,10.0,28.0,0.81,16.0,32.0,0.25,18.0,24.0
2026-05-16,24,0.44,8.0,28.0,0.79,17.0,32.0,0.23,18.0,24.0
2026-05-17,1,0.41,7.0,29.0,0.75,16.0,32.0,0.21,15.0,24.0
2026-05-17,2,0.36,6.0,29.0,0.68,16.0,33.0,0.19,14.0,24.0
2026-05-17,3,0.32,5.0,29.0,0.6,16.0,33.0,0.16,13.0,24.0
2026-05-17,4,0.29,5.0,29.0,0.53,13.0,33.0,0.14,14.0,25.0
2026-05-17,5,0.26,5.0,29.0,0.48,13.0,34.0,0.12,14.0,25.0
2026-05-17,6,0.24,5.0,29.0,0.44,15.0,34.0,0.11,14.0,25.0
2026-05-17,7,0.23,7.0,29.0,0.42,16.0,34.0,0.11,15.0,24.0
2026-05-17,8,0.22,9.0,29.0,0.39,17.0,34.0,0.1,18.0,24.0
2026-05-17,9,0.22,10.0,28.0,0.38,17.0,34.0,0.1,21.0,24.0
2026-05-17,10,0.22,12.0,27.0,0.37,16.0,34.0,0.11,19.0,24.0
2026-05-17,11,0.23,11.0,26.0,0.37,16.0,33.0,0.11,17.0,23.0
2026-05-17,12,0.23,8.0,25.0,0.39,14.0,33.0,0.12,14.0,22.0
2026-05-17,13,0.24,8.0,24.0,0.41,16.0,32.0,0.12,13.0,21.0
2026-05-17,14,0.25,7.0,23.0,0.42,16.0,31.0,0.13,12.0,20.0
2026-05-17,15,0.26,7.0,22.0,0.43,14.0,29.0,0.13,12.0,19.0
2026-05-17,16,0.27,8.0,22.0,0.43,15.0,28.0,0.14,12.0,18.0
2026-05-17,17,0.28,10.0,21.0,0.44,17.0,27.0,0.14,13.0,18.0
2026-05-17,18,0.28,12.0,20.0,0.45,18.0,26.0,0.14,15.0,17.0
2026-05-17,19,0.32,18.0,19.0,0.51,23.0,25.0,0.14,18.0,17.0
2026-05-17,20,0.35,20.0,18.0,0.56,25.0,24.0,0.17,28.0,16.0
2026-05-17,21,0.42,22.0,18.0,0.6,24.0,24.0,0.21,36.0,16.0
2026-05-17,22,0.48,22.0,18.0,0.65,24.0,24.0,0.27,37.0,17.0
2026-05-17,23,0.52,21.0,19.0,0.72,26.0,24.0,0.32,36.0,17.0
2026-05-17,24,0.55,21.0,19.0,0.78,24.0,24.0,0.37,35.0,18.0
2026-05-18,1,0.59,20.0,20.0,0.8,23.0,24.0,0.41,33.0,18.0
2026-05-18,2,0.62,20.0,20.0,0.8,22.0,24.0,0.45,33.0,19.0
2026-05-18,3,0.62,19.0,22.0,0.75,23.0,24.0,0.47,31.0,20.0
2026-05-18,4,0.62,18.0,23.0,0.7,21.0,24.0,0.46,31.0,20.0
2026-05-18,5,0.57,16.0,24.0,0.65,17.0,25.0,0.45,31.0,20.0
2026-05-18,6,0.54,18.0,25.0,0.62,22.0,25.0,0.42,32.0,21.0
2026-05-18,7,0.54,19.0,26.0,0.59,25.0,26.0,0.41,35.0,21.0
2026-05-18,8,0.58,21.0,30.0,0.59,26.0,26.0,0.45,37.0,22.0
2026-05-18,9,0.63,22.0,31.0,0.64,29.0,27.0,0.53,40.0,23.0
2026-05-18,10,0.67,24.0,32.0,0.72,32.0,28.0,0.58,38.0,24.0
2026-05-18,11,0.68,24.0,33.0,0.8,34.0,29.0,0.59,38.0,24.0
2026-05-18,12,0.67,17.0,34.0,0.83,27.0,29.0,0.6,35.0,25.0
2026-05-18,13,0.66,15.0,34.0,0.87,24.0,30.0,0.59,30.0,25.0
2026-05-18,14,0.65,15.0,34.0,0.85,22.0,29.0,0.57,29.0,25.0
2026-05-18,15,0.62,15.0,34.0,0.84,24.0,30.0,0.54,29.0,26.0
2026-05-18,16,0.56,15.0,34.0,0.8,22.0,30.0,0.46,31.0,26.0
2026-05-18,17,0.48,16.0,34.0,0.75,25.0,30.0,0.37,34.0,26.0
2026-05-18,18,0.44,21.0,35.0,0.68,26.0,30.0,0.33,40.0,27.0
2026-05-18,19,0.47,24.0,35.0,0.65,27.0,31.0,0.36,43.0,27.0
2026-05-18,20,0.55,26.0,36.0,0.68,28.0,31.0,0.43,42.0,28.0
2026-05-18,21,0.68,27.0,37.0,0.72,30.0,32.0,0.53,42.0,29.0
2026-05-18,22,0.77,26.0,38.0,0.81,30.0,33.0,0.65,43.0,29.0
2026-05-18,23,0.86,25.0,38.0,0.86,29.0,33.0,0.75,41.0,29.0
2026-05-18,24,0.92,24.0,39.0,0.89,26.0,34.0,0.83,39.0,29.0
2026-05-19,1,0.97,23.0,40.0,0.91,25.0,34.0,0.89,41.0,29.0
2026-05-19,2,0.97,23.0,40.0,0.91,26.0,35.0,0.89,38.0,30.0
2026-05-19,3,0.92,21.0,40.0,0.87,23.0,35.0,0.84,35.0,29.0
2026-05-19,4,0.83,21.0,40.0,0.8,19.0,35.0,0.76,35.0,29.0
2026-05-19,5,0.69,19.0,39.0,0.72,17.0,35.0,0.67,34.0,29.0
2026-05-19,6,0.58,21.0,38.0,0.61,17.0,35.0,0.55,37.0,28.0
2026-05-19,7,0.51,20.0,38.0,0.53,22.0,34.0,0.46,37.0,29.0
2026-05-19,8,0.49,22.0,35.0,0.52,24.0,35.0,0.41,38.0,29.0
2026-05-19,9,0.5,23.0,35.0,0.52,25.0,35.0,0.4,38.0,28.0
2026-05-19,10,0.53,24.0,35.0,0.55,26.0,36.0,0.42,38.0,29.0
2026-05-19,11,0.54,19.0,35.0,0.6,26.0,36.0,0.44,37.0,29.0
2026-05-19,12,0.55,17.0,36.0,0.65,26.0,37.0,0.45,36.0,30.0
2026-05-19,13,0.56,15.0,37.0,0.68,22.0,38.0,0.46,34.0,30.0
2026-05-19,14,0.57,15.0,38.0,0.72,23.0,39.0,0.47,33.0,32.0
2026-05-19,15,0.57,17.0,39.0,0.74,23.0,40.0,0.46,36.0,33.0
2026-05-19,16,0.54,19.0,40.0,0.73,25.0,40.0,0.44,35.0,33.0
2026-05-19,17,0.48,20.0,40.0,0.73,38.0,41.0,0.4,38.0,34.0
2026-05-19,18,0.46,22.0,40.0,0.73,29.0,42.0,0.39,44.0,34.0
2026-05-19,19,0.51,26.0,40.0,0.79,29.0,43.0,0.46,46.0,34.0
2026-05-19,20,0.62,27.0,41.0,0.87,30.0,44.0,0.57,49.0,35.0
2026-05-19,21,0.71,27.0,41.0,0.94,31.0,44.0,0.67,46.0,35.0
2026-05-19,22,0.81,26.0,42.0,1.0,30.0,45.0,0.75,47.0,35.0
2026-05-19,23,0.88,26.0,43.0,1.07,28.0,46.0,0.82,46.0,35.0
2026-05-19,24,0.93,25.0,43.0,1.13,28.0,47.0,0.87,43.0,35.0
2026-05-20,1,0.96,22.0,43.0,1.13,25.0,47.0,0.93,41.0,36.0
2026-05-20,2,0.95,21.0,43.0,1.09,21.0,48.0,0.92,37.0,36.0
2026-05-20,3,0.88,15.0,43.0,0.98,17.0,48.0,0.83,32.0,37.0
2026-05-20,4,0.75,11.0,43.0,0.85,15.0,48.0,0.7,27.0,38.0
2026-05-20,5,0.64,11.0,43.0,0.74,16.0,48.0,0.59,27.0,39.0
2026-05-20,6,0.54,15.0,43.0,0.65,19.0,49.0,0.5,29.0,39.0
2026-05-20,7,0.47,16.0,43.0,0.58,21.0,49.0,0.43,30.0,39.0
2026-05-20,8,0.44,17.0,42.0,0.56,27.0,48.0,0.38,30.0,39.0
2026-05-20,9,0.44,18.0,42.0,0.59,28.0,48.0,0.34,29.0,40.0
2026-05-20,10,0.45,21.0,41.0,0.66,29.0,48.0,0.34,32.0,40.0
2026-05-20,11,0.47,,41.0,0.72,29.0,48.0,0.35,31.0,41.0
2026-05-20,12,0.5,,41.0,0.81,29.0,49.0,0.35,26.0,41.0
2026-05-20,13,0.51,15.0,41.0,0.88,25.0,49.0,0.33,23.0,41.0
2026-05-20,14,0.52,15.0,41.0,0.95,29.0,49.0,0.32,21.0,40.0
2026-05-20,15,0.5,15.0,41.0,1.02,29.0,48.0,0.3,21.0,40.0
2026-05-20,16,0.46,15.0,40.0,1.05,29.0,48.0,0.27,23.0,39.0
2026-05-20,17,0.4,16.0,40.0,1.06,27.0,48.0,0.23,25.0,39.0
2026-05-20,18,0.36,17.0,39.0,1.05,32.0,47.0,0.2,25.0,38.0
2026-05-20,19,0.37,16.0,39.0,1.07,28.0,46.0,0.18,23.0,37.0
2026-05-20,20,0.37,18.0,38.0,1.05,26.0,46.0,0.18,24.0,35.0
2026-05-20,21,0.39,20.0,36.0,1.06,28.0,45.0,0.19,30.0,34.0
2026-05-20,22,0.39,17.0,34.0,1.03,25.0,44.0,0.2,28.0,34.0
2026-05-20,23,0.39,17.0,32.0,0.97,27.0,43.0,0.21,24.0,34.0
2026-05-20,24,0.38,13.0,30.0,0.89,18.0,41.0,0.21,23.0,33.0
2026-05-21,1,0.36,10.0,28.0,0.81,15.0,40.0,0.21,20.0,32.0
2026-05-21,2,0.33,7.0,27.0,0.71,14.0,39.0,0.2,20.0,31.0
2026-05-21,3,0.31,7.0,26.0,0.61,11.0,38.0,0.19,17.0,31.0
2026-05-21,4,0.29,8.0,26.0,0.54,12.0,38.0,0.18,16.0,30.0
2026-05-21,5,0.26,8.0,26.0,0.44,13.0,37.0,0.17,17.0,29.0
2026-05-21,6,0.25,12.0,25.0,0.39,17.0,37.0,0.16,22.0,28.0
2026-05-21,7,0.25,20.0,25.0,0.39,25.0,37.0,0.16,26.0,27.0
2026-05-21,8,0.3,23.0,25.0,0.45,30.0,37.0,0.18,34.0,27.0
2026-05-21,9,0.37,25.0,25.0,0.54,32.0,37.0,0.21,33.0,26.0
2026-05-21,10,0.41,24.0,24.0,0.63,35.0,36.0,0.22,31.0,
2026-05-21,11,0.43,14.0,23.0,0.71,30.0,36.0,0.23,25.0,
2026-05-21,12,0.44,11.0,23.0,0.78,30.0,35.0,0.23,19.0,
2026-05-21,13,0.45,15.0,23.0,0.86,31.0,34.0,0.24,19.0,
2026-05-21,14,0.45,16.0,23.0,0.92,24.0,34.0,0.24,27.0,
2026-05-21,15,0.44,14.0,23.0,0.97,29.0,34.0,0.24,26.0,
2026-05-21,16,0.4,15.0,23.0,0.95,30.0,35.0,0.24,33.0,
2026-05-21,17,0.34,18.0,24.0,0.91,30.0,35.0,0.24,35.0,
2026-05-21,18,0.34,23.0,24.0,0.91,31.0,35.0,0.24,37.0,
2026-05-21,19,0.4,27.0,25.0,0.89,26.0,35.0,0.26,40.0,
2026-05-21,20,0.45,27.0,26.0,0.91,29.0,35.0,0.3,43.0,
2026-05-21,21,0.51,26.0,26.0,0.87,29.0,35.0,0.33,41.0,
2026-05-21,22,0.56,26.0,27.0,0.85,25.0,35.0,0.36,40.0,
2026-05-21,23,0.61,26.0,28.0,0.82,32.0,35.0,0.4,40.0,
2026-05-21,24,0.67,26.0,28.0,0.84,30.0,36.0,0.46,39.0,
2026-05-22,1,0.75,27.0,30.0,0.85,27.0,36.0,0.52,39.0,
2026-05-22,2,0.81,25.0,32.0,0.82,25.0,37.0,0.57,37.0,36.0
2026-05-22,3,0.82,24.0,34.0,0.83,27.0,38.0,0.63,36.0,38.0
2026-05-22,4,0.85,26.0,35.0,0.83,26.0,40.0,0.71,37.0,43.0
2026-05-22,5,0.87,,35.0,0.85,28.0,42.0,0.77,37.0,47.0
2026-05-22,6,0.89,,36.0,0.87,33.0,43.0,0.81,37.0,50.0
2026-05-22,7,,,37.0,0.93,32.0,44.0,0.82,37.0,53.0
2026-05-22,8,,,38.0,1.0,42.0,46.0,0.81,38.0,53.0
2026-05-22,9,,,38.0,1.08,36.0,48.0,0.8,38.0,53.0
2026-05-22,10,,,,1.15,39.0,48.0,0.78,39.0,54.0
2026-05-22,11,,,,1.21,35.0,49.0,0.75,40.0,54.0
2026-05-22,12,,18.0,,1.21,37.0,49.0,0.65,38.0,53.0
2026-05-22,13,,15.0,,1.2,33.0,49.0,0.57,33.0,52.0
2026-05-22,14,,16.0,,1.16,31.0,48.0,0.54,32.0,53.0
2026-05-22,15,,17.0,,1.07,38.0,47.0,0.55,32.0,53.0
2026-05-22,16,,19.0,,0.96,44.0,46.0,0.51,33.0,53.0
2026-05-22,17,0.63,19.0,,0.86,36.0,46.0,0.46,38.0,52.0
2026-05-22,18,0.63,22.0,,0.78,53.0,45.0,0.42,38.0,52.0
2026-05-22,19,0.62,21.0,,0.68,44.0,45.0,0.38,31.0,51.0
2026-05-22,20,0.6,20.0,,0.64,56.0,44.0,0.38,35.0,51.0
2026-05-22,21,0.59,17.0,,0.63,66.0,44.0,0.37,33.0,50.0
2026-05-22,22,0.57,17.0,,0.66,42.0,43.0,0.33,33.0,49.0
2026-05-22,23,0.56,15.0,,0.66,53.0,42.0,0.27,32.0,46.0
2026-05-22,24,0.52,15.0,,0.63,38.0,41.0,0.24,28.0,44.0
2026-05-23,1,0.5,14.0,,0.58,45.0,40.0,0.22,25.0,43.0
2026-05-23,2,0.47,12.0,,0.55,45.0,39.0,0.2,23.0,41.0
2026-05-23,3,0.44,10.0,,0.5,55.0,37.0,0.19,22.0,39.0
2026-05-23,4,0.4,8.0,,0.45,24.0,35.0,0.17,21.0,35.0
2026-05-23,5,0.37,10.0,,0.42,20.0,33.0,0.16,22.0,31.0
2026-05-23,6,0.34,11.0,19.0,0.37,24.0,32.0,0.15,26.0,28.0
2026-05-23,7,0.32,11.0,18.0,0.36,25.0,31.0,0.14,29.0,26.0
2026-05-23,8,0.32,17.0,18.0,0.37,28.0,29.0,0.16,30.0,24.0
2026-05-23,9,0.35,22.0,18.0,0.41,34.0,25.0,0.18,31.0,23.0
2026-05-23,10,0.35,15.0,18.0,0.43,71.0,24.0,0.18,29.0,21.0
2026-05-23,11,0.35,12.0,17.0,0.45,63.0,21.0,0.18,25.0,19.0
2026-05-23,12,0.36,11.0,17.0,0.48,88.0,,0.19,26.0,18.0
2026-05-23,13,0.38,11.0,16.0,0.49,72.0,,0.2,26.0,17.0
2026-05-23,14,0.38,10.0,15.0,0.5,76.0,,0.21,27.0,16.0
2026-05-23,15,0.38,10.0,15.0,0.49,82.0,,0.21,26.0,14.0
2026-05-23,16,0.37,10.0,14.0,0.48,72.0,,0.2,28.0,14.0
2026-05-23,17,0.34,13.0,13.0,0.48,81.0,,0.2,32.0,13.0
2026-05-23,18,0.35,18.0,13.0,0.48,82.0,,0.22,33.0,12.0
2026-05-23,19,0.37,19.0,13.0,0.5,86.0,,0.23,33.0,12.0
2026-05-23,20,0.38,17.0,12.0,0.53,76.0,,0.24,30.0,12.0
2026-05-23,21,0.4,19.0,12.0,0.58,65.0,,0.25,31.0,12.0
2026-05-23,22,0.42,21.0,12.0,0.62,59.0,,0.26,31.0,12.0
2026-05-23,23,0.44,17.0,12.0,0.67,66.0,,0.26,30.0,11.0
2026-05-23,24,0.45,13.0,13.0,0.7,58.0,,0.26,27.0,12.0
2026-05-24,1,0.45,14.0,12.0,0.68,61.0,,0.25,25.0,12.0
2026-05-24,2,0.45,12.0,12.0,0.67,58.0,,0.24,23.0,12.0
2026-05-24,3,0.43,12.0,12.0,0.65,51.0,,0.23,20.0,12.0
2026-05-24,4,0.42,11.0,12.0,0.61,64.0,,0.22,19.0,12.0
2026-05-24,5,0.4,10.0,12.0,0.56,51.0,,0.21,18.0,12.0
2026-05-24,6,0.37,12.0,13.0,0.51,35.0,,0.2,18.0,13.0
2026-05-24,7,0.36,11.0,13.0,0.46,34.0,,0.19,21.0,13.0
2026-05-24,8,0.35,11.0,13.0,0.42,37.0,,0.19,21.0,13.0
2026-05-24,9,0.35,12.0,12.0,0.42,30.0,,0.18,22.0,12.0
2026-05-24,10,0.34,10.0,12.0,0.42,38.0,,0.18,22.0,12.0
2026-05-24,11,0.33,9.0,12.0,0.41,29.0,,0.18,22.0,12.0
2026-05-24,12,0.33,9.0,12.0,0.4,26.0,,0.17,22.0,11.0
2026-05-24,13,0.33,9.0,12.0,0.4,30.0,,0.18,23.0,11.0
2026-05-24,14,0.35,12.0,12.0,0.4,20.0,,0.18,23.0,11.0
2026-05-24,15,0.36,13.0,13.0,0.43,23.0,,0.19,25.0,11.0
2026-05-24,16,0.37,13.0,13.0,0.44,20.0,,0.19,25.0,11.0
2026-05-24,17,0.37,13.0,13.0,0.44,22.0,,0.2,25.0,11.0
2026-05-24,18,0.39,13.0,13.0,0.45,23.0,,0.21,28.0,11.0
2026-05-24,19,0.46,15.0,13.0,0.5,23.0,,0.21,27.0,11.0
2026-05-24,20,0.54,17.0,13.0,0.55,27.0,,0.27,29.0,11.0
2026-05-24,21,0.61,20.0,14.0,0.61,25.0,,0.29,27.0,11.0
2026-05-24,22,0.67,20.0,13.0,0.67,31.0,,0.3,26.0,10.0
2026-05-24,23,0.68,18.0,13.0,0.69,70.0,,0.3,25.0,10.0
2026-05-24,24,0.69,15.0,13.0,0.69,62.0,,0.29,24.0,10.0
2026-05-25,1,0.7,13.0,13.0,0.69,59.0,,0.3,23.0,10.0
2026-05-25,2,0.72,13.0,13.0,0.69,74.0,,0.32,23.0,10.0
2026-05-25,3,0.7,13.0,13.0,0.7,74.0,,0.34,24.0,10.0
2026-05-25,4,0.62,13.0,13.0,0.68,65.0,,0.29,21.0,10.0
2026-05-25,5,0.55,11.0,13.0,0.61,52.0,,0.28,23.0,10.0
2026-05-25,6,0.5,10.0,13.0,0.55,52.0,,0.3,22.0,10.0
2026-05-25,7,0.51,9.0,13.0,0.53,56.0,,0.35,22.0,10.0
2026-05-25,8,0.51,10.0,13.0,0.56,57.0,,0.42,22.0,10.0
2026-05-25,9,0.53,10.0,13.0,0.64,52.0,,0.52,25.0,11.0
2026-05-25,10,0.57,15.0,13.0,0.78,52.0,,0.58,30.0,12.0
2026-05-25,11,0.59,21.0,14.0,0.8,34.0,,0.63,31.0,13.0
2026-05-25,12,0.64,30.0,14.0,0.81,27.0,,0.64,32.0,13.0
2026-05-25,13,0.67,21.0,14.0,0.85,27.0,,0.64,34.0,13.0
2026-05-25,14,0.67,16.0,14.0,0.89,22.0,,0.65,35.0,14.0
2026-05-25,15,0.69,19.0,15.0,0.9,16.0,,0.62,30.0,14.0
2026-05-25,16,0.72,21.0,16.0,0.91,19.0,,0.56,34.0,14.0
2026-05-25,17,0.73,21.0,16.0,0.87,21.0,,0.45,32.0,14.0
2026-05-25,18,0.71,21.0,18.0,0.76,21.0,,0.37,29.0,14.0
2026-05-25,19,0.73,21.0,20.0,0.77,25.0,,0.36,33.0,
2026-05-25,20,0.77,20.0,21.0,0.85,25.0,,0.41,31.0,
2026-05-25,21,0.83,18.0,22.0,0.95,25.0,,0.51,30.0,
2026-05-25,22,0.91,16.0,24.0,1.04,25.0,,0.56,30.0,
2026-05-25,23,0.96,16.0,25.0,1.15,23.0,,0.62,28.0,
2026-05-25,24,0.97,15.0,27.0,1.2,22.0,,0.64,26.0,
2026-05-26,1,0.96,14.0,28.0,1.19,17.0,,0.64,23.0,
2026-05-26,2,0.92,12.0,29.0,1.18,16.0,,0.64,23.0,
2026-05-26,3,0.86,12.0,30.0,1.11,15.0,,0.61,23.0,
2026-05-26,4,0.79,12.0,30.0,1.01,16.0,,0.55,23.0,
2026-05-26,5,0.7,11.0,31.0,0.91,15.0,,0.45,23.0,
2026-05-26,6,0.62,10.0,32.0,0.79,20.0,,0.37,24.0,
2026-05-26,7,0.55,12.0,33.0,0.73,24.0,,0.32,24.0,
2026-05-26,8,0.59,13.0,34.0,0.8,26.0,,0.35,24.0,
2026-05-26,9,0.66,15.0,35.0,0.89,29.0,,0.42,26.0,
2026-05-26,10,0.76,19.0,37.0,1.01,30.0,,0.49,29.0,
2026-05-26,11,0.84,32.0,38.0,1.12,31.0,,0.52,30.0,
2026-05-26,12,0.89,31.0,39.0,1.24,33.0,,0.55,36.0,
2026-05-26,13,0.92,24.0,40.0,1.32,33.0,,0.58,44.0,
2026-05-26,14,0.91,18.0,41.0,1.44,32.0,,0.61,37.0,
2026-05-26,15,0.91,24.0,41.0,1.47,31.0,,0.61,37.0,
2026-05-26,16,0.86,26.0,43.0,1.4,27.0,,0.59,38.0,
2026-05-26,17,0.83,28.0,44.0,1.35,29.0,,0.54,39.0,
2026-05-26,18,0.78,27.0,45.0,1.28,28.0,,0.52,34.0,
2026-05-26,19,0.76,21.0,46.0,1.21,23.0,,0.52,33.0,
2026-05-26,20,0.72,19.0,46.0,1.11,21.0,,0.5,31.0,
2026-05-26,21,0.69,16.0,46.0,1.03,17.0,,0.47,31.0,
2026-05-26,22,0.69,14.0,44.0,0.91,16.0,,0.42,28.0,
2026-05-26,23,0.65,14.0,43.0,0.8,14.0,,0.38,27.0,
2026-05-26,24,0.59,12.0,41.0,0.71,12.0,,0.34,26.0,
2026-05-27,1,0.52,10.0,40.0,0.61,12.0,,0.3,25.0,
2026-05-27,2,0.44,10.0,40.0,0.51,7.0,,0.24,22.0,
2026-05-27,3,0.36,9.0,39.0,0.43,5.0,,0.19,21.0,
2026-05-27,4,0.33,7.0,39.0,0.38,5.0,,0.16,20.0,
2026-05-27,5,0.3,6.0,38.0,0.34,7.0,,0.14,20.0,
2026-05-27,6,0.29,8.0,37.0,0.32,7.0,,0.14,26.0,
2026-05-27,7,0.29,10.0,36.0,0.31,10.0,,0.15,27.0,
2026-05-27,8,0.3,12.0,35.0,0.32,13.0,,0.17,30.0,
2026-05-27,9,0.32,13.0,34.0,0.33,15.0,,0.2,31.0,
2026-05-27,10,0.35,15.0,32.0,0.36,14.0,,0.23,33.0,
2026-05-27,11,0.37,15.0,31.0,0.38,13.0,,0.24,28.0,
2026-05-27,12,0.39,14.0,29.0,0.42,14.0,,0.25,24.0,
2026-05-27,13,0.42,13.0,28.0,0.44,12.0,,0.26,22.0,
2026-05-27,14,0.44,14.0,27.0,0.47,13.0,,0.28,26.0,
2026-05-27,15,0.45,13.0,26.0,0.51,14.0,,0.29,27.0,
2026-05-27,16,0.46,14.0,24.0,0.54,15.0,,0.28,28.0,
2026-05-27,17,0.48,14.0,22.0,0.59,17.0,,0.29,30.0,
2026-05-27,18,0.48,14.0,20.0,0.64,18.0,,0.3,31.0,
2026-05-27,19,0.51,15.0,17.0,0.68,14.0,,0.31,29.0,
2026-05-27,20,0.54,13.0,15.0,0.7,15.0,,0.34,28.0,
2026-05-27,21,0.56,13.0,15.0,0.72,12.0,,0.35,26.0,
2026-05-27,22,0.57,13.0,15.0,0.7,10.0,,0.35,26.0,
2026-05-27,23,0.56,13.0,14.0,0.67,12.0,,0.34,25.0,
2026-05-27,24,0.56,15.0,14.0,0.64,11.0,,0.32,24.0,
2026-05-28,1,0.53,15.0,14.0,0.59,13.0,,0.3,25.0,
2026-05-28,2,0.5,9.0,14.0,0.51,10.0,,0.27,26.0,
2026-05-28,3,0.45,5.0,13.0,0.45,6.0,,0.25,24.0,
2026-05-28,4,0.41,5.0,13.0,0.4,8.0,,0.22,22.0,
2026-05-28,5,0.37,7.0,13.0,0.36,8.0,,0.2,24.0,
2026-05-28,6,0.34,9.0,13.0,0.36,9.0,,0.2,27.0,14.0
2026-05-28,7,0.33,12.0,12.0,0.36,12.0,14.0,0.2,30.0,14.0
2026-05-28,8,0.34,13.0,12.0,0.4,16.0,14.0,0.21,31.0,14.0
2026-05-28,9,0.35,14.0,12.0,0.44,17.0,14.0,0.23,33.0,14.0
2026-05-28,10,0.37,14.0,12.0,0.48,19.0,14.0,0.25,33.0,14.0
2026-05-28,11,0.4,13.0,12.0,0.54,18.0,14.0,0.26,28.0,15.0
2026-05-28,12,0.42,12.0,12.0,0.59,18.0,15.0,0.28,27.0,15.0
2026-05-28,13,0.44,12.0,12.0,0.65,16.0,15.0,0.29,25.0,14.0
2026-05-28,14,0.45,12.0,12.0,0.71,17.0,15.0,0.3,23.0,14.0
2026-05-28,15,0.46,12.0,12.0,0.74,18.0,14.0,0.31,28.0,13.0
2026-05-28,16,0.46,13.0,11.0,0.73,15.0,14.0,0.31,29.0,13.0
2026-05-28,17,0.45,13.0,11.0,0.72,15.0,14.0,0.31,29.0,12.0
2026-05-28,18,0.46,14.0,11.0,0.7,14.0,14.0,0.31,29.0,13.0
2026-05-28,19,0.47,14.0,11.0,0.7,16.0,14.0,0.31,30.0,13.0
2026-05-28,20,0.47,14.0,11.0,0.7,15.0,14.0,0.32,28.0,13.0
2026-05-28,21,0.48,13.0,10.0,0.68,14.0,14.0,0.33,28.0,13.0
2026-05-28,22,0.49,12.0,10.0,0.66,17.0,14.0,0.34,28.0,13.0
2026-05-28,23,0.49,12.0,10.0,0.63,14.0,15.0,0.34,28.0,13.0
2026-05-28,24,0.48,10.0,11.0,0.61,13.0,15.0,0.33,26.0,13.0
2026-05-29,1,0.47,11.0,11.0,0.59,11.0,15.0,0.32,27.0,13.0
2026-05-29,2,0.45,10.0,11.0,0.56,10.0,15.0,0.31,26.0,14.0
2026-05-29,3,0.42,7.0,11.0,0.51,7.0,15.0,0.28,21.0,14.0
2026-05-29,4,0.4,7.0,11.0,0.47,7.0,16.0,0.26,22.0,14.0
2026-05-29,5,0.37,7.0,12.0,0.44,7.0,16.0,0.24,22.0,15.0
2026-05-29,6,0.35,9.0,12.0,0.4,10.0,17.0,0.22,27.0,15.0
2026-05-29,7,0.36,14.0,13.0,0.4,15.0,17.0,0.22,27.0,15.0
2026-05-29,8,0.39,17.0,13.0,0.44,24.0,17.0,0.23,29.0,16.0
2026-05-29,9,0.41,18.0,14.0,0.47,21.0,17.0,0.24,30.0,16.0
2026-05-29,10,0.43,16.0,14.0,0.52,20.0,18.0,0.25,31.0,16.0
2026-05-29,11,0.45,15.0,14.0,0.57,20.0,18.0,0.26,30.0,16.0
2026-05-29,12,0.49,13.0,14.0,0.62,17.0,18.0,0.28,29.0,16.0
2026-05-29,13,0.51,14.0,14.0,0.67,19.0,19.0,0.29,29.0,16.0
2026-05-29,14,0.53,13.0,14.0,0.71,16.0,19.0,0.31,29.0,17.0
2026-05-29,15,0.5,,14.0,0.72,16.0,19.0,0.34,32.0,17.0
2026-05-29,16,0.47,16.0,14.0,0.71,17.0,19.0,0.35,33.0,18.0
2026-05-29,17,0.45,18.0,14.0,0.72,19.0,20.0,0.34,28.0,18.0
2026-05-29,18,0.45,21.0,14.0,0.74,24.0,20.0,0.33,29.0,17.0
2026-05-29,19,0.5,23.0,15.0,0.82,27.0,21.0,0.33,32.0,17.0
2026-05-29,20,0.58,22.0,15.0,0.89,28.0,22.0,0.35,35.0,18.0
2026-05-29,21,0.69,23.0,17.0,0.97,27.0,24.0,0.41,35.0,18.0
2026-05-29,22,0.75,22.0,18.0,1.04,27.0,25.0,0.47,35.0,20.0
2026-05-29,23,0.82,23.0,19.0,1.07,23.0,27.0,0.48,34.0,22.0
2026-05-29,24,0.91,21.0,20.0,1.12,22.0,28.0,0.53,33.0,23.0
2026-05-30,1,0.98,19.0,22.0,1.15,25.0,28.0,0.6,30.0,24.0
2026-05-30,2,1.03,20.0,23.0,1.15,23.0,29.0,0.69,31.0,25.0
2026-05-30,3,1.04,20.0,25.0,1.09,23.0,30.0,0.76,31.0,27.0
2026-05-30,4,1.01,18.0,27.0,1.05,22.0,31.0,0.82,30.0,29.0
2026-05-30,5,0.96,18.0,29.0,1.0,22.0,33.0,0.84,31.0,31.0
2026-05-30,6,0.91,16.0,31.0,0.97,21.0,34.0,0.84,26.0,33.0
2026-05-30,7,0.87,19.0,32.0,1.0,24.0,35.0,0.86,28.0,34.0
2026-05-30,8,0.83,20.0,33.0,1.02,23.0,37.0,0.86,30.0,35.0
2026-05-30,9,0.79,21.0,34.0,1.05,28.0,38.0,0.84,31.0,36.0
2026-05-30,10,0.74,23.0,35.0,1.05,28.0,39.0,0.78,34.0,36.0
2026-05-30,11,0.69,22.0,35.0,1.05,25.0,40.0,0.71,32.0,36.0
2026-05-30,12,0.63,20.0,36.0,1.04,23.0,41.0,0.62,27.0,36.0
2026-05-30,13,0.59,18.0,36.0,1.0,20.0,41.0,0.54,21.0,36.0
2026-05-30,14,0.56,19.0,37.0,0.97,21.0,41.0,0.47,28.0,36.0
2026-05-30,15,0.54,22.0,38.0,0.89,18.0,42.0,0.42,31.0,36.0
2026-05-30,16,0.51,22.0,38.0,0.79,17.0,42.0,0.35,31.0,36.0
2026-05-30,17,0.48,21.0,39.0,0.7,16.0,42.0,0.3,32.0,37.0
2026-05-30,18,0.48,22.0,40.0,0.62,13.0,42.0,0.29,35.0,37.0
2026-05-30,19,0.51,25.0,40.0,0.62,21.0,42.0,0.32,39.0,38.0
2026-05-30,20,0.57,24.0,40.0,0.75,31.0,42.0,0.36,37.0,38.0
2026-05-30,21,0.72,25.0,41.0,0.92,34.0,42.0,0.4,37.0,38.0
2026-05-30,22,0.86,25.0,41.0,1.11,34.0,42.0,0.47,36.0,37.0
2026-05-30,23,0.98,25.0,41.0,1.31,33.0,42.0,0.6,37.0,36.0
2026-05-30,24,1.11,24.0,42.0,1.46,31.0,42.0,0.76,36.0,36.0
2026-05-31,1,1.29,23.0,43.0,1.68,31.0,44.0,0.94,35.0,36.0
2026-05-31,2,1.46,23.0,44.0,1.78,28.0,44.0,1.1,37.0,36.0
2026-05-31,3,1.54,22.0,44.0,1.86,28.0,45.0,1.33,39.0,36.0
2026-05-31,4,1.57,21.0,44.0,1.81,26.0,45.0,1.58,38.0,35.0
2026-05-31,5,1.55,21.0,44.0,1.72,26.0,45.0,1.69,33.0,35.0
2026-05-31,6,1.52,19.0,44.0,1.61,26.0,45.0,1.82,32.0,34.0
2026-05-31,7,1.48,18.0,45.0,1.56,26.0,45.0,1.9,33.0,35.0
2026-05-31,8,1.44,18.0,46.0,1.54,25.0,44.0,1.92,32.0,36.0
2026-05-31,9,1.36,20.0,48.0,1.44,27.0,45.0,1.92,33.0,37.0
2026-05-31,10,1.26,24.0,50.0,1.45,28.0,45.0,1.92,40.0,39.0
2026-05-31,11,1.2,43.0,51.0,1.39,24.0,45.0,1.76,49.0,40.0
2026-05-31,12,1.12,31.0,52.0,1.33,19.0,45.0,1.55,57.0,41.0
2026-05-31,13,1.02,23.0,53.0,1.22,13.0,44.0,1.43,40.0,42.0
2026-05-31,14,0.92,22.0,53.0,1.11,12.0,44.0,1.26,37.0,42.0
2026-05-31,15,0.83,17.0,53.0,0.96,10.0,44.0,1.05,33.0,42.0
2026-05-31,16,0.74,18.0,53.0,0.82,11.0,44.0,0.87,33.0,42.0
2026-05-31,17,0.65,19.0,52.0,0.71,15.0,44.0,0.7,34.0,42.0
2026-05-31,18,0.58,21.0,52.0,0.61,19.0,44.0,0.54,35.0,43.0
2026-05-31,19,0.58,23.0,52.0,0.56,22.0,43.0,0.45,37.0,43.0
2026-05-31,20,0.64,23.0,52.0,0.56,24.0,43.0,0.42,35.0,42.0
2026-05-31,21,0.72,23.0,51.0,0.66,26.0,42.0,0.49,36.0,42.0
2026-05-31,22,0.83,25.0,51.0,0.73,26.0,40.0,0.57,37.0,42.0
2026-05-31,23,0.94,25.0,50.0,0.8,25.0,39.0,0.63,35.0,42.0
2026-05-31,24,1.01,23.0,49.0,0.87,23.0,38.0,0.68,33.0,42.0
2026-06-01,1,1.06,22.0,47.0,0.91,23.0,37.0,,33.0,
2026-06-01,2,1.09,22.0,45.0,0.91,14.0,37.0,,34.0,
2026-06-01,3,1.06,21.0,44.0,0.87,14.0,35.0,,35.0,
2026-06-01,4,0.97,20.0,42.0,0.81,9.0,34.0,,33.0,
2026-06-01,5,0.87,18.0,40.0,0.69,10.0,32.0,,31.0,
2026-06-01,6,0.74,18.0,38.0,0.64,18.0,31.0,23.0,32.0,
2026-06-01,7,0.7,21.0,37.0,0.73,27.0,31.0,23.0,33.0,
2026-06-01,8,0.78,25.0,36.0,0.85,29.0,31.0,0.85,34.0,
2026-06-01,9,0.86,26.0,37.0,0.9,28.0,31.0,0.82,32.0,
2026-06-01,10,0.84,23.0,35.0,0.96,24.0,31.0,0.76,30.0,
2026-06-01,11,0.83,16.0,34.0,1.02,19.0,31.0,0.73,28.0,
2026-06-01,12,0.83,16.0,33.0,1.09,21.0,31.0,0.69,29.0,
2026-06-01,13,0.84,17.0,32.0,1.15,17.0,31.0,0.67,30.0,33.0
2026-06-01,14,0.83,16.0,31.0,1.17,18.0,30.0,0.64,32.0,32.0
2026-06-01,15,0.75,14.0,31.0,1.05,17.0,30.0,0.52,32.0,32.0
2026-06-01,16,0.59,14.0,31.0,0.91,15.0,30.0,0.34,32.0,32.0
2026-06-01,17,0.46,14.0,31.0,0.85,17.0,31.0,0.28,32.0,32.0
2026-06-01,18,0.43,14.0,31.0,0.83,18.0,30.0,0.28,32.0,31.0
2026-06-01,19,0.43,16.0,30.0,0.8,17.0,30.0,0.29,32.0,31.0
2026-06-01,20,0.42,15.0,29.0,0.76,14.0,30.0,0.3,30.0,30.0
2026-06-01,21,0.41,14.0,28.0,0.72,15.0,29.0,0.3,27.0,30.0
2026-06-01,22,0.4,13.0,27.0,0.69,13.0,29.0,0.28,26.0,29.0
2026-06-01,23,0.38,11.0,25.0,0.64,13.0,28.0,0.26,27.0,29.0
2026-06-01,24,0.37,11.0,25.0,0.61,12.0,28.0,0.26,27.0,27.0
2026-06-02,1,0.35,9.0,24.0,0.56,11.0,27.0,0.24,25.0,26.0
2026-06-02,2,0.33,7.0,23.0,0.51,8.0,27.0,0.21,24.0,26.0
2026-06-02,3,0.3,9.0,23.0,0.46,6.0,26.0,0.18,19.0,25.0
2026-06-02,4,0.28,9.0,23.0,0.44,6.0,26.0,0.17,17.0,24.0
2026-06-02,5,0.26,7.0,23.0,0.41,6.0,26.0,0.16,18.0,24.0
2026-06-02,6,0.26,10.0,22.0,0.39,8.0,26.0,0.16,21.0,23.0
2026-06-02,7,0.27,14.0,22.0,0.4,14.0,24.0,0.16,25.0,22.0
2026-06-02,8,0.3,16.0,19.0,0.47,21.0,23.0,0.17,25.0,19.0
2026-06-02,9,0.33,17.0,17.0,0.52,20.0,21.0,0.18,27.0,18.0
2026-06-02,10,0.38,19.0,16.0,0.57,17.0,20.0,0.2,30.0,17.0
2026-06-02,11,0.4,19.0,16.0,0.6,14.0,20.0,0.21,30.0,17.0
2026-06-02,12,0.42,16.0,15.0,0.65,15.0,19.0,0.23,31.0,17.0
2026-06-02,13,0.44,16.0,15.0,0.7,16.0,19.0,0.25,29.0,16.0
2026-06-02,14,0.45,15.0,15.0,0.73,14.0,19.0,0.26,29.0,17.0
2026-06-02,15,0.46,14.0,15.0,0.78,19.0,19.0,0.27,30.0,16.0
2026-06-02,16,0.44,16.0,15.0,0.77,22.0,19.0,0.27,32.0,17.0
2026-06-02,17,0.45,19.0,15.0,0.76,18.0,19.0,0.27,33.0,17.0
2026-06-02,18,0.43,21.0,16.0,0.78,23.0,19.0,0.26,30.0,17.0
2026-06-02,19,0.46,22.0,16.0,0.82,23.0,19.0,0.26,27.0,17.0
2026-06-02,20,0.48,21.0,17.0,0.83,19.0,20.0,0.26,27.0,17.0
2026-06-02,21,0.49,19.0,17.0,0.85,22.0,20.0,0.27,33.0,18.0
2026-06-02,22,0.53,21.0,18.0,0.87,22.0,21.0,0.27,33.0,18.0
2026-06-02,23,0.55,21.0,18.0,0.86,20.0,21.0,0.26,30.0,18.0
2026-06-02,24,0.56,19.0,19.0,0.82,17.0,21.0,0.25,26.0,18.0
2026-06-03,1,0.54,17.0,19.0,0.8,15.0,21.0,0.23,24.0,18.0
2026-06-03,2,0.51,15.0,19.0,0.75,13.0,22.0,0.22,22.0,18.0
2026-06-03,3,0.47,14.0,19.0,0.69,11.0,22.0,0.21,22.0,18.0
2026-06-03,4,0.44,10.0,19.0,0.64,9.0,22.0,0.2,22.0,18.0
2026-06-03,5,0.4,10.0,19.0,0.58,9.0,22.0,0.18,19.0,18.0
2026-06-03,6,0.35,11.0,19.0,0.51,10.0,22.0,0.16,21.0,18.0
2026-06-03,7,0.32,13.0,19.0,0.48,15.0,22.0,0.15,25.0,18.0
2026-06-03,8,0.31,17.0,19.0,0.51,15.0,22.0,0.16,26.0,18.0
2026-06-03,9,0.33,18.0,19.0,0.54,17.0,22.0,0.16,26.0,18.0
2026-06-03,10,0.34,17.0,19.0,0.59,16.0,22.0,0.16,25.0,18.0
2026-06-03,11,0.36,15.0,19.0,0.61,15.0,22.0,0.16,25.0,18.0
2026-06-03,12,0.37,11.0,18.0,0.61,9.0,22.0,0.18,23.0,18.0
2026-06-03,13,0.39,11.0,18.0,0.64,12.0,22.0,0.18,24.0,18.0
2026-06-03,14,0.41,12.0,18.0,0.67,14.0,22.0,0.19,26.0,18.0
2026-06-03,15,0.41,11.0,18.0,0.7,18.0,21.0,0.2,26.0,18.0
2026-06-03,16,0.41,12.0,17.0,0.7,18.0,21.0,0.22,27.0,17.0
2026-06-03,17,0.41,15.0,17.0,0.7,21.0,21.0,0.23,25.0,17.0
2026-06-03,18,0.42,18.0,17.0,0.67,16.0,21.0,0.23,24.0,16.0
2026-06-03,19,0.44,20.0,16.0,0.71,18.0,20.0,0.24,26.0,16.0
2026-06-03,20,0.46,20.0,16.0,0.76,19.0,20.0,0.24,29.0,16.0
2026-06-03,21,0.49,21.0,16.0,0.8,19.0,20.0,0.25,29.0,16.0
2026-06-03,22,0.52,20.0,16.0,0.82,19.0,19.0,0.25,28.0,16.0
2026-06-03,23,0.55,20.0,15.0,0.79,16.0,19.0,0.25,26.0,15.0
2026-06-03,24,0.56,20.0,15.0,0.77,12.0,19.0,0.23,25.0,15.0
2026-06-04,1,0.56,18.0,15.0,0.72,12.0,19.0,0.22,22.0,15.0
2026-06-04,2,0.55,17.0,15.0,0.71,9.0,18.0,0.21,21.0,15.0
2026-06-04,3,0.52,14.0,15.0,0.66,8.0,18.0,0.2,20.0,15.0
2026-06-04,4,0.48,12.0,16.0,0.61,8.0,18.0,0.19,21.0,15.0
2026-06-04,5,0.43,13.0,16.0,0.55,8.0,18.0,0.18,21.0,15.0
2026-06-04,6,0.4,15.0,16.0,0.51,9.0,18.0,0.17,22.0,16.0
2026-06-04,7,0.38,15.0,16.0,0.52,16.0,18.0,0.17,23.0,16.0
2026-06-04,8,0.4,16.0,16.0,0.61,21.0,19.0,0.2,25.0,16.0
2026-06-04,9,0.45,15.0,16.0,0.66,18.0,19.0,0.23,29.0,16.0
2026-06-04,10,0.46,13.0,16.0,0.7,13.0,18.0,0.24,45.0,15.0
2026-06-04,11,0.48,13.0,15.0,0.75,18.0,18.0,0.26,46.0,15.0
2026-06-04,12,0.51,14.0,15.0,0.8,15.0,18.0,0.27,37.0,14.0
2026-06-04,13,0.54,14.0,15.0,0.85,15.0,18.0,0.29,24.0,14.0
2026-06-04,14,0.57,14.0,16.0,0.89,15.0,18.0,0.31,,14.0
2026-06-04,15,0.58,14.0,16.0,0.91,17.0,18.0,0.33,,15.0
2026-06-04,16,0.58,14.0,16.0,0.87,16.0,19.0,0.31,24.0,14.0
2026-06-04,17,0.58,14.0,17.0,0.88,17.0,19.0,0.31,26.0,15.0
2026-06-04,18,0.62,14.0,17.0,0.9,14.0,19.0,0.33,26.0,15.0
2026-06-04,19,0.64,13.0,17.0,0.89,14.0,20.0,0.36,27.0,16.0
2026-06-04,20,0.69,13.0,17.0,0.91,14.0,20.0,0.37,25.0,16.0
2026-06-04,21,0.74,14.0,18.0,0.92,15.0,20.0,0.37,24.0,16.0
2026-06-04,22,0.76,15.0,18.0,0.94,15.0,20.0,0.36,25.0,16.0
2026-06-04,23,0.78,16.0,18.0,0.96,17.0,21.0,0.35,23.0,17.0
2026-06-04,24,0.77,15.0,19.0,0.93,12.0,21.0,0.36,22.0,17.0
2026-06-05,1,0.72,12.0,18.0,0.87,11.0,22.0,0.34,23.0,18.0
2026-06-05,2,0.67,11.0,18.0,0.81,11.0,22.0,0.31,24.0,18.0
2026-06-05,3,0.63,11.0,18.0,0.78,10.0,22.0,0.28,22.0,18.0
2026-06-05,4,0.57,10.0,19.0,0.72,8.0,22.0,0.26,20.0,18.0
2026-06-05,5,0.51,9.0,19.0,0.67,12.0,23.0,0.24,22.0,18.0
2026-06-05,6,0.5,10.0,19.0,0.63,11.0,23.0,0.24,23.0,18.0
2026-06-05,7,0.52,10.0,20.0,0.61,13.0,24.0,0.26,23.0,19.0
2026-06-05,8,0.61,10.0,21.0,0.69,18.0,24.0,0.29,24.0,19.0
2026-06-05,9,0.67,14.0,21.0,0.76,17.0,25.0,0.3,17.0,19.0
2026-06-05,10,0.71,14.0,22.0,0.84,16.0,26.0,0.31,19.0,20.0
2026-06-05,11,0.74,14.0,23.0,0.9,18.0,27.0,0.33,18.0,20.0
2026-06-05,12,0.8,16.0,24.0,0.97,16.0,28.0,0.34,17.0,21.0
2026-06-05,13,0.85,19.0,25.0,1.01,16.0,29.0,0.38,21.0,22.0
2026-06-05,14,0.87,19.0,26.0,1.07,16.0,30.0,0.41,22.0,23.0
2026-06-05,15,0.88,21.0,27.0,1.18,21.0,31.0,0.4,25.0,23.0
2026-06-05,16,0.82,23.0,28.0,1.31,24.0,32.0,0.4,27.0,24.0
2026-06-05,17,0.82,22.0,29.0,1.32,20.0,33.0,0.42,29.0,24.0
2026-06-05,18,0.83,17.0,29.0,1.31,20.0,33.0,0.43,29.0,24.0
2026-06-05,19,0.88,18.0,30.0,1.36,22.0,33.0,0.47,31.0,24.0
2026-06-05,20,0.89,20.0,30.0,1.4,22.0,34.0,0.48,29.0,24.0
2026-06-05,21,0.93,19.0,30.0,1.44,23.0,34.0,0.47,29.0,25.0
2026-06-05,22,0.97,21.0,31.0,1.45,21.0,35.0,0.46,31.0,25.0
2026-06-05,23,1.0,20.0,31.0,1.4,20.0,35.0,0.46,30.0,25.0
2026-06-05,24,1.03,18.0,32.0,1.28,22.0,36.0,0.48,28.0,26.0
2026-06-06,1,1.03,16.0,33.0,1.29,19.0,37.0,0.5,27.0,27.0
2026-06-06,2,1.02,16.0,34.0,1.26,16.0,38.0,0.5,27.0,28.0
2026-06-06,3,0.96,15.0,36.0,1.19,15.0,40.0,0.48,27.0,29.0
2026-06-06,4,0.93,13.0,37.0,1.14,15.0,40.0,0.48,27.0,29.0
2026-06-06,5,0.87,12.0,37.0,1.07,15.0,41.0,0.48,28.0,30.0
2026-06-06,6,0.82,12.0,38.0,1.06,16.0,42.0,0.48,26.0,31.0
2026-06-06,7,0.77,11.0,39.0,1.09,18.0,43.0,0.53,26.0,32.0
2026-06-06,8,0.77,11.0,39.0,1.11,22.0,44.0,0.58,28.0,33.0
2026-06-06,9,0.8,13.0,41.0,1.21,24.0,47.0,0.64,28.0,35.0
2026-06-06,10,0.84,15.0,42.0,1.35,29.0,49.0,0.7,38.0,35.0
2026-06-06,11,0.87,16.0,43.0,1.44,27.0,50.0,0.74,,35.0
2026-06-06,12,0.86,17.0,43.0,1.52,27.0,51.0,0.79,,35.0
2026-06-06,13,0.86,17.0,43.0,1.57,23.0,51.0,,,35.0
2026-06-06,14,0.84,17.0,42.0,1.58,19.0,51.0,,,36.0
2026-06-06,15,0.81,16.0,42.0,1.53,19.0,51.0,,,36.0
2026-06-06,16,0.76,16.0,42.0,1.46,19.0,51.0,,,
2026-06-06,17,0.7,17.0,42.0,1.35,19.0,52.0,,,
2026-06-06,18,0.66,16.0,43.0,1.25,20.0,52.0,,,
2026-06-06,19,0.65,16.0,44.0,1.22,20.0,53.0,,,
2026-06-06,20,0.67,17.0,44.0,1.2,19.0,54.0,,,
2026-06-06,21,0.67,16.0,45.0,1.21,20.0,54.0,,,
2026-06-06,22,0.7,16.0,45.0,1.24,19.0,56.0,,,
2026-06-06,23,0.72,15.0,47.0,1.25,17.0,57.0,,,
2026-06-06,24,0.71,12.0,47.0,1.24,15.0,58.0,,,
2026-06-07,1,0.68,10.0,47.0,1.21,13.0,57.0,,,
2026-06-07,2,0.65,10.0,46.0,1.16,10.0,56.0,,,
2026-06-07,3,0.61,10.0,45.0,1.08,11.0,56.0,,,
2026-06-07,4,0.56,10.0,44.0,0.99,8.0,55.0,,,
2026-06-07,5,0.52,7.0,43.0,0.88,5.0,54.0,,,
2026-06-07,6,0.46,8.0,42.0,0.77,7.0,53.0,,,
2026-06-07,7,0.41,8.0,42.0,0.69,9.0,52.0,,,
2026-06-07,8,0.4,9.0,42.0,0.61,8.0,50.0,,,
2026-06-07,9,0.4,10.0,40.0,0.54,8.0,46.0,,,
2026-06-07,10,0.4,10.0,38.0,0.51,10.0,42.0,,,
2026-06-07,11,0.39,11.0,37.0,0.49,10.0,40.0,,,
2026-06-07,12,0.4,10.0,36.0,0.48,9.0,38.0,,,
2026-06-07,13,0.41,10.0,34.0,0.5,8.0,37.0,,,
2026-06-07,14,0.42,9.0,33.0,0.52,10.0,35.0,,,
2026-06-07,15,0.42,9.0,32.0,0.52,10.0,34.0,,,
2026-06-07,16,0.4,8.0,30.0,0.53,10.0,33.0,,,
2026-06-07,17,0.39,8.0,29.0,0.56,11.0,31.0,,,
2026-06-07,18,0.4,10.0,28.0,0.56,11.0,30.0,,,
2026-06-07,19,0.42,11.0,27.0,0.56,11.0,29.0,,,
2026-06-07,20,0.43,11.0,26.0,0.56,9.0,27.0,,,
2026-06-07,21,0.43,11.0,25.0,0.55,11.0,26.0,,,
2026-06-07,22,0.43,11.0,23.0,0.54,9.0,23.0,,,
2026-06-07,23,0.43,9.0,21.0,0.52,7.0,21.0,,,
2026-06-07,24,0.42,8.0,19.0,0.51,8.0,20.0,,,
2026-06-08,1,0.41,7.0,18.0,0.48,6.0,18.0,,,
2026-06-08,2,0.38,6.0,18.0,0.45,5.0,18.0,,,
2026-06-08,3,0.35,6.0,17.0,0.43,4.0,17.0,,,
2026-06-08,4,0.33,6.0,16.0,0.42,4.0,16.0,,,
2026-06-08,5,0.31,7.0,16.0,0.4,7.0,15.0,,,
2026-06-08,6,0.3,8.0,15.0,0.39,9.0,15.0,,,
2026-06-08,7,0.31,11.0,14.0,0.4,14.0,15.0,,,
2026-06-08,8,0.33,13.0,13.0,0.46,18.0,15.0,,,
2026-06-08,9,0.37,14.0,12.0,0.55,23.0,15.0,,,
2026-06-08,10,0.41,15.0,12.0,0.62,19.0,15.0,,,
2026-06-08,11,0.45,16.0,12.0,0.68,22.0,15.0,,,
2026-06-08,12,0.48,17.0,11.0,0.75,21.0,16.0,,,
2026-06-08,13,0.5,17.0,11.0,0.82,18.0,16.0,,,
2026-06-08,14,0.51,17.0,11.0,0.87,20.0,16.0,,,
2026-06-08,15,0.53,16.0,12.0,0.91,17.0,16.0,,,
2026-06-08,16,0.53,18.0,12.0,0.92,22.0,16.0,,,
2026-06-08,17,0.52,18.0,12.0,0.91,26.0,16.0,,,
2026-06-08,18,0.52,18.0,12.0,0.95,24.0,17.0,,,
2026-06-08,19,0.54,19.0,12.0,0.99,23.0,17.0,,,
2026-06-08,20,0.58,19.0,13.0,1.01,20.0,18.0,,,
2026-06-08,21,0.63,18.0,13.0,1.0,18.0,18.0,,20.0,
2026-06-08,22,0.63,18.0,13.0,0.98,16.0,18.0,,24.0,
2026-06-08,23,0.62,17.0,14.0,0.98,16.0,18.0,,26.0,
2026-06-08,24,0.64,18.0,14.0,0.94,16.0,18.0,,26.0,
2026-06-09,1,0.65,17.0,14.0,0.88,14.0,18.0,,24.0,
2026-06-09,2,0.63,15.0,14.0,0.83,16.0,18.0,0.65,24.0,
2026-06-09,3,0.6,14.0,15.0,0.78,17.0,19.0,0.67,24.0,
2026-06-09,4,0.54,14.0,15.0,0.75,16.0,19.0,0.69,21.0,
2026-06-09,5,0.5,13.0,16.0,0.72,17.0,20.0,0.77,22.0,
2026-06-09,6,0.51,13.0,16.0,0.74,18.0,20.0,0.8,22.0,
2026-06-09,7,0.55,14.0,17.0,0.78,21.0,21.0,0.84,24.0,
2026-06-09,8,0.59,17.0,17.0,0.87,25.0,21.0,0.9,25.0,
2026-06-09,9,0.61,19.0,18.0,0.93,27.0,22.0,0.93,26.0,
2026-06-09,10,0.63,21.0,19.0,1.01,24.0,23.0,0.97,29.0,
2026-06-09,11,0.71,35.0,20.0,1.11,27.0,24.0,1.02,34.0,
2026-06-09,12,0.78,32.0,22.0,1.19,32.0,25.0,1.03,38.0,
2026-06-09,13,0.82,27.0,23.0,1.27,29.0,27.0,1.05,37.0,22.0
2026-06-09,14,0.83,29.0,24.0,1.35,30.0,29.0,1.01,33.0,23.0
2026-06-09,15,0.83,32.0,26.0,1.36,26.0,30.0,0.94,31.0,23.0
2026-06-09,16,0.81,30.0,27.0,1.33,25.0,31.0,0.85,32.0,24.0
2026-06-09,17,0.8,27.0,28.0,1.31,23.0,31.0,0.75,31.0,24.0
2026-06-09,18,0.78,25.0,28.0,1.24,22.0,31.0,0.66,33.0,24.0
2026-06-09,19,0.72,23.0,28.0,1.19,25.0,31.0,0.55,31.0,23.0
2026-06-09,20,0.68,21.0,27.0,1.11,20.0,30.0,0.46,30.0,24.0
2026-06-09,21,0.65,20.0,27.0,1.03,19.0,30.0,0.38,30.0,24.0
2026-06-09,22,0.62,15.0,27.0,0.93,13.0,30.0,0.33,27.0,24.0
2026-06-09,23,0.58,12.0,27.0,0.83,10.0,30.0,0.31,26.0,24.0
2026-06-09,24,0.54,11.0,27.0,0.75,8.0,30.0,0.28,25.0,24.0
2026-06-10,1,0.5,10.0,26.0,0.7,8.0,30.0,0.26,25.0,24.0
2026-06-10,2,0.46,8.0,26.0,0.63,6.0,30.0,0.23,22.0,24.0
2026-06-10,3,0.43,7.0,26.0,0.53,6.0,29.0,0.2,21.0,24.0
2026-06-10,4,0.39,7.0,25.0,0.49,5.0,28.0,0.18,26.0,23.0
2026-06-10,5,0.36,8.0,25.0,0.45,6.0,28.0,0.17,27.0,23.0
2026-06-10,6,0.34,11.0,24.0,0.43,8.0,27.0,0.17,28.0,22.0
2026-06-10,7,0.35,14.0,23.0,0.43,12.0,27.0,0.18,30.0,21.0
2026-06-10,8,0.37,16.0,23.0,0.47,15.0,26.0,0.2,30.0,21.0
2026-06-10,9,0.4,17.0,22.0,0.49,14.0,25.0,0.23,32.0,21.0
2026-06-10,10,0.42,17.0,21.0,0.51,13.0,24.0,0.26,32.0,21.0
2026-06-10,11,0.45,16.0,20.0,0.54,14.0,22.0,0.27,29.0,19.0
2026-06-10,12,0.46,14.0,18.0,0.55,11.0,21.0,0.29,28.0,19.0
2026-06-10,13,0.48,13.0,17.0,0.58,11.0,19.0,0.3,27.0,17.0
2026-06-10,14,0.5,14.0,16.0,0.59,9.0,17.0,0.31,27.0,16.0
2026-06-10,15,0.51,14.0,14.0,0.59,11.0,16.0,0.31,30.0,16.0
2026-06-10,16,0.49,13.0,13.0,0.57,11.0,14.0,0.31,29.0,15.0
2026-06-10,17,0.5,16.0,12.0,0.57,12.0,14.0,0.31,32.0,15.0
2026-06-10,18,0.55,18.0,13.0,0.58,14.0,14.0,0.34,34.0,15.0
2026-06-10,19,0.6,19.0,13.0,0.6,17.0,13.0,0.4,33.0,15.0
2026-06-10,20,0.65,20.0,13.0,0.64,19.0,13.0,0.46,33.0,16.0
2026-06-10,21,0.69,21.0,13.0,0.67,19.0,13.0,0.5,34.0,16.0
2026-06-10,22,0.73,20.0,13.0,0.74,21.0,13.0,0.54,34.0,16.0
2026-06-10,23,0.77,19.0,14.0,0.84,21.0,14.0,0.58,32.0,16.0
2026-06-10,24,0.82,19.0,14.0,0.91,22.0,14.0,0.63,34.0,16.0
2026-06-11,1,0.84,19.0,15.0,1.0,21.0,14.0,0.67,34.0,17.0
2026-06-11,2,0.82,18.0,15.0,1.06,21.0,15.0,0.7,34.0,18.0
2026-06-11,3,0.8,17.0,16.0,1.08,18.0,16.0,0.71,33.0,19.0
2026-06-11,4,0.78,16.0,17.0,1.08,18.0,17.0,0.74,33.0,20.0
2026-06-11,5,0.75,15.0,18.0,1.08,15.0,18.0,0.77,30.0,22.0
2026-06-11,6,0.74,13.0,20.0,1.07,16.0,19.0,0.79,27.0,23.0
2026-06-11,7,0.73,12.0,21.0,1.03,17.0,20.0,0.79,28.0,24.0
2026-06-11,8,0.74,12.0,22.0,1.07,21.0,21.0,0.79,26.0,25.0
2026-06-11,9,0.83,13.0,23.0,1.11,23.0,22.0,0.8,26.0,25.0
2026-06-11,10,0.88,16.0,23.0,1.15,25.0,23.0,0.79,28.0,26.0
2026-06-11,11,0.89,26.0,24.0,1.2,22.0,25.0,0.76,34.0,27.0
2026-06-11,12,0.89,21.0,24.0,1.3,27.0,26.0,0.71,36.0,27.0
2026-06-11,13,0.91,23.0,25.0,1.4,35.0,28.0,0.69,36.0,29.0
2026-06-11,14,0.91,22.0,26.0,1.5,32.0,31.0,0.67,35.0,30.0
2026-06-11,15,0.9,19.0,27.0,1.52,26.0,32.0,0.66,40.0,30.0
2026-06-11,16,0.85,21.0,28.0,1.47,25.0,34.0,0.64,41.0,32.0
2026-06-11,17,0.75,23.0,28.0,1.38,24.0,36.0,0.63,42.0,33.0
2026-06-11,18,0.74,26.0,29.0,1.31,25.0,38.0,0.63,41.0,34.0
2026-06-11,19,0.79,26.0,30.0,1.28,26.0,40.0,0.67,43.0,35.0
2026-06-11,20,0.86,25.0,31.0,1.19,23.0,41.0,0.72,45.0,37.0
2026-06-11,21,0.95,22.0,33.0,1.2,27.0,43.0,0.78,40.0,39.0
2026-06-11,22,1.06,20.0,34.0,1.13,24.0,44.0,0.87,37.0,41.0
2026-06-11,23,1.17,20.0,35.0,1.22,25.0,45.0,1.04,36.0,43.0
2026-06-11,24,1.29,20.0,37.0,1.37,26.0,47.0,1.24,33.0,45.0
2026-06-12,1,1.39,18.0,38.0,1.45,22.0,48.0,1.45,36.0,46.0
2026-06-12,2,1.44,17.0,39.0,1.52,22.0,49.0,1.67,36.0,48.0
2026-06-12,3,1.45,16.0,40.0,1.55,22.0,50.0,1.78,38.0,49.0
2026-06-12,4,1.41,15.0,40.0,1.52,18.0,50.0,1.81,32.0,49.0
2026-06-12,5,1.33,15.0,41.0,1.4,15.0,50.0,1.82,27.0,49.0
2026-06-12,6,1.22,14.0,41.0,1.32,15.0,49.0,1.84,34.0,49.0
2026-06-12,7,1.16,14.0,41.0,1.23,18.0,49.0,1.72,50.0,50.0
2026-06-12,8,1.13,16.0,42.0,1.11,21.0,49.0,1.59,53.0,50.0
2026-06-12,9,1.11,16.0,42.0,1.08,23.0,49.0,1.63,59.0,52.0
2026-06-12,10,1.1,19.0,43.0,1.03,20.0,49.0,1.5,65.0,52.0
2026-06-12,11,1.11,,44.0,1.02,22.0,50.0,1.39,69.0,53.0
2026-06-12,12,1.12,,45.0,1.06,21.0,49.0,1.31,49.0,54.0
2026-06-12,13,1.17,29.0,46.0,1.07,16.0,49.0,1.23,50.0,54.0
2026-06-12,14,1.15,22.0,52.0,1.07,14.0,48.0,1.12,42.0,54.0
2026-06-12,15,1.07,18.0,52.0,1.01,12.0,47.0,1.05,38.0,54.0
2026-06-12,16,0.92,17.0,52.0,0.93,13.0,46.0,0.94,39.0,54.0
2026-06-12,17,0.76,19.0,52.0,0.84,14.0,45.0,0.68,38.0,53.0
2026-06-12,18,0.65,23.0,52.0,0.78,16.0,44.0,0.58,41.0,53.0
2026-06-12,19,0.57,24.0,51.0,0.73,19.0,42.0,0.56,40.0,52.0
2026-06-12,20,0.63,24.0,50.0,0.71,20.0,41.0,0.57,40.0,51.0
2026-06-12,21,0.68,23.0,49.0,0.74,19.0,40.0,0.6,38.0,50.0
2026-06-12,22,0.73,21.0,48.0,0.77,16.0,39.0,0.61,35.0,48.0
2026-06-12,23,0.75,18.0,47.0,0.79,15.0,38.0,0.62,33.0,46.0
2026-06-12,24,0.77,18.0,46.0,0.79,14.0,36.0,0.61,32.0,44.0
2026-06-13,1,0.77,17.0,44.0,0.79,14.0,35.0,0.59,34.0,43.0
2026-06-13,2,0.74,16.0,43.0,0.78,11.0,34.0,0.54,29.0,40.0
2026-06-13,3,0.69,15.0,41.0,0.74,9.0,32.0,0.48,26.0,38.0
2026-06-13,4,0.61,12.0,40.0,0.69,9.0,31.0,0.42,23.0,37.0
2026-06-13,5,0.51,10.0,39.0,0.63,8.0,31.0,0.36,22.0,36.0
2026-06-13,6,0.42,10.0,38.0,0.6,12.0,30.0,0.32,24.0,34.0
2026-06-13,7,0.38,11.0,37.0,0.58,12.0,30.0,0.31,26.0,33.0
2026-06-13,8,0.37,12.0,37.0,0.6,14.0,30.0,0.32,27.0,31.0
2026-06-13,9,0.37,13.0,36.0,0.64,17.0,29.0,0.34,28.0,30.0
2026-06-13,10,0.37,12.0,35.0,0.67,14.0,28.0,0.35,26.0,28.0
2026-06-13,11,0.37,12.0,33.0,0.7,12.0,27.0,0.37,24.0,27.0
2026-06-13,12,0.39,13.0,31.0,0.73,14.0,26.0,0.39,28.0,26.0
2026-06-13,13,0.4,12.0,30.0,0.77,14.0,25.0,0.41,28.0,25.0
2026-06-13,14,0.42,13.0,24.0,0.81,16.0,25.0,0.43,29.0,24.0
2026-06-13,15,0.43,12.0,23.0,0.84,16.0,25.0,0.42,24.0,24.0
2026-06-13,16,0.43,11.0,23.0,0.86,14.0,24.0,0.39,22.0,23.0
2026-06-13,17,0.42,9.0,23.0,0.87,15.0,24.0,0.36,19.0,22.0
2026-06-13,18,0.42,9.0,23.0,0.9,14.0,24.0,0.34,20.0,22.0
2026-06-13,19,0.42,10.0,22.0,0.94,14.0,24.0,0.33,19.0,21.0
2026-06-13,20,0.41,10.0,22.0,0.95,15.0,24.0,0.3,23.0,19.0
2026-06-13,21,0.4,10.0,21.0,0.94,16.0,24.0,0.26,22.0,18.0
2026-06-13,22,0.38,11.0,20.0,0.94,16.0,24.0,0.23,24.0,17.0
2026-06-13,23,0.37,10.0,19.0,0.94,19.0,24.0,0.22,25.0,16.0
2026-06-13,24,0.35,8.0,18.0,0.92,13.0,24.0,0.2,24.0,15.0
2026-06-14,1,0.33,7.0,18.0,0.89,14.0,23.0,0.19,25.0,15.0
2026-06-14,2,0.31,7.0,17.0,0.84,11.0,23.0,0.17,22.0,15.0
2026-06-14,3,0.27,6.0,17.0,0.77,9.0,23.0,0.16,20.0,15.0
2026-06-14,4,0.25,5.0,17.0,0.72,9.0,23.0,0.15,21.0,15.0
2026-06-14,5,0.23,5.0,17.0,0.69,10.0,23.0,0.15,21.0,15.0
2026-06-14,6,0.22,7.0,17.0,0.65,10.0,23.0,0.14,21.0,15.0
2026-06-14,7,0.21,10.0,16.0,0.6,11.0,23.0,0.14,21.0,15.0
2026-06-14,8,0.21,11.0,16.0,0.57,12.0,23.0,0.15,22.0,14.0
2026-06-14,9,0.22,13.0,15.0,0.54,13.0,22.0,0.16,24.0,14.0
2026-06-14,10,0.23,12.0,15.0,0.54,13.0,21.0,0.17,19.0,14.0
2026-06-14,11,0.24,12.0,15.0,0.55,12.0,21.0,0.18,18.0,13.0
2026-06-14,12,0.26,10.0,14.0,0.56,12.0,21.0,0.19,17.0,13.0
2026-06-14,13,0.27,9.0,14.0,0.58,12.0,21.0,0.2,14.0,12.0
2026-06-14,14,0.28,9.0,14.0,0.6,12.0,21.0,0.21,14.0,12.0
2026-06-14,15,0.28,8.0,14.0,0.62,13.0,21.0,0.21,18.0,11.0
2026-06-14,16,0.28,9.0,13.0,0.63,15.0,20.0,0.22,17.0,11.0
2026-06-14,17,0.29,12.0,13.0,0.64,17.0,20.0,0.22,20.0,11.0
2026-06-14,18,0.3,16.0,13.0,0.68,20.0,20.0,0.22,26.0,11.0
2026-06-14,19,0.33,18.0,13.0,0.7,19.0,20.0,0.24,27.0,10.0
2026-06-14,20,0.37,21.0,13.0,0.73,20.0,19.0,0.27,33.0,11.0
2026-06-14,21,0.42,23.0,14.0,0.75,18.0,20.0,0.32,35.0,12.0
2026-06-14,22,0.49,23.0,15.0,0.77,20.0,20.0,0.37,35.0,12.0
2026-06-14,23,0.57,24.0,16.0,0.8,21.0,20.0,0.42,36.0,13.0
2026-06-14,24,0.64,23.0,17.0,0.84,20.0,20.0,0.46,35.0,14.0
2026-06-15,1,0.68,22.0,19.0,0.86,19.0,21.0,0.5,33.0,15.0
2026-06-15,2,0.7,21.0,20.0,0.84,16.0,22.0,0.53,33.0,15.0
2026-06-15,3,0.71,21.0,22.0,0.83,18.0,23.0,0.54,31.0,16.0
2026-06-15,4,0.69,22.0,22.0,0.82,20.0,23.0,0.52,32.0,16.0
2026-06-15,5,0.65,18.0,23.0,0.8,17.0,23.0,0.49,31.0,16.0
2026-06-15,6,0.58,16.0,24.0,0.77,15.0,23.0,0.45,27.0,16.0
2026-06-15,7,0.53,18.0,24.0,0.75,19.0,23.0,0.43,31.0,17.0
2026-06-15,8,0.48,20.0,25.0,0.74,20.0,23.0,0.4,31.0,17.0
2026-06-15,9,0.45,21.0,25.0,0.73,19.0,23.0,0.39,34.0,17.0
2026-06-15,10,0.43,21.0,26.0,0.74,18.0,24.0,0.38,34.0,17.0
2026-06-15,11,0.41,18.0,26.0,0.73,17.0,24.0,0.38,31.0,18.0
2026-06-15,12,0.4,17.0,27.0,0.72,14.0,25.0,0.38,29.0,19.0
2026-06-15,13,0.4,14.0,28.0,0.73,13.0,25.0,0.38,27.0,19.0
2026-06-15,14,0.4,13.0,28.0,0.72,11.0,25.0,0.38,27.0,20.0
2026-06-15,15,0.39,12.0,28.0,0.7,11.0,25.0,0.38,28.0,20.0
2026-06-15,16,0.38,13.0,29.0,0.69,11.0,26.0,0.38,30.0,21.0
2026-06-15,17,0.38,16.0,29.0,0.67,11.0,26.0,0.37,30.0,21.0
2026-06-15,18,0.39,19.0,29.0,0.67,14.0,26.0,0.37,35.0,21.0
2026-06-15,19,0.42,22.0,29.0,0.68,18.0,26.0,0.39,38.0,21.0
2026-06-15,20,0.44,23.0,29.0,0.7,18.0,26.0,0.42,37.0,21.0
2026-06-15,21,0.48,22.0,29.0,0.73,21.0,26.0,0.44,37.0,22.0
2026-06-15,22,0.51,21.0,29.0,0.76,20.0,27.0,0.46,35.0,22.0
2026-06-15,23,0.54,20.0,29.0,0.79,18.0,27.0,0.47,32.0,22.0
2026-06-15,24,0.55,18.0,29.0,0.79,15.0,27.0,0.47,29.0,22.0
2026-06-16,1,0.54,15.0,28.0,0.78,13.0,27.0,0.45,25.0,21.0
2026-06-16,2,0.51,12.0,27.0,0.76,10.0,26.0,0.42,24.0,21.0
2026-06-16,3,0.46,10.0,26.0,0.72,9.0,26.0,0.38,22.0,21.0
2026-06-16,4,0.41,9.0,26.0,0.68,9.0,25.0,0.34,21.0,21.0
2026-06-16,5,0.36,11.0,25.0,0.62,9.0,25.0,0.29,21.0,21.0
2026-06-16,6,0.31,11.0,25.0,0.57,10.0,25.0,0.26,23.0,21.0
2026-06-16,7,0.28,13.0,25.0,0.54,12.0,25.0,0.24,27.0,21.0
2026-06-16,8,0.29,14.0,24.0,0.54,15.0,26.0,0.25,28.0,21.0
2026-06-16,9,0.32,13.0,24.0,0.57,14.0,26.0,0.29,27.0,21.0
2026-06-16,10,0.35,13.0,24.0,0.6,13.0,26.0,0.32,27.0,22.0
2026-06-16,11,0.38,15.0,24.0,0.66,15.0,26.0,0.35,28.0,22.0
2026-06-16,12,0.42,14.0,25.0,0.72,15.0,26.0,0.39,28.0,22.0
2026-06-16,13,0.46,15.0,25.0,0.79,17.0,27.0,0.43,33.0,22.0
2026-06-16,14,0.51,17.0,25.0,0.85,17.0,27.0,0.46,34.0,22.0
2026-06-16,15,0.53,17.0,25.0,0.88,18.0,27.0,0.49,34.0,23.0
2026-06-16,16,0.52,17.0,26.0,0.9,21.0,28.0,0.49,37.0,23.0
2026-06-16,17,0.52,19.0,26.0,0.91,20.0,28.0,0.49,38.0,23.0
2026-06-16,18,0.55,21.0,27.0,0.93,23.0,29.0,0.51,40.0,24.0
2026-06-16,19,0.6,22.0,27.0,0.97,23.0,29.0,0.57,43.0,25.0
2026-06-16,20,0.72,22.0,28.0,1.07,25.0,30.0,0.68,46.0,26.0
2026-06-16,21,0.88,21.0,29.0,1.21,27.0,32.0,0.81,41.0,27.0
2026-06-16,22,1.04,21.0,31.0,1.36,26.0,33.0,0.95,41.0,29.0
2026-06-16,23,1.17,21.0,32.0,1.44,23.0,34.0,1.01,39.0,30.0
2026-06-16,24,1.17,19.0,32.0,1.46,19.0,35.0,1.02,31.0,31.0
2026-06-17,1,1.15,16.0,32.0,1.5,18.0,35.0,1.0,29.0,32.0
2026-06-17,2,1.11,16.0,32.0,1.48,15.0,35.0,0.94,22.0,32.0
2026-06-17,3,1.02,9.0,32.0,1.39,13.0,35.0,0.84,19.0,32.0
2026-06-17,4,0.86,7.0,32.0,1.24,10.0,36.0,0.69,18.0,32.0
2026-06-17,5,0.66,9.0,33.0,1.03,13.0,36.0,0.51,18.0,32.0
2026-06-17,6,0.46,12.0,33.0,0.83,16.0,36.0,0.33,21.0,33.0
2026-06-17,7,0.32,17.0,34.0,0.75,18.0,37.0,0.24,27.0,33.0
2026-06-17,8,0.32,18.0,34.0,0.75,24.0,38.0,0.21,29.0,34.0
2026-06-17,9,0.35,20.0,35.0,0.74,25.0,39.0,0.23,32.0,35.0
2026-06-17,10,0.38,23.0,36.0,0.76,22.0,40.0,0.24,29.0,35.0
2026-06-17,11,0.4,21.0,36.0,0.8,20.0,40.0,0.25,31.0,35.0
2026-06-17,12,0.43,,36.0,0.84,19.0,40.0,0.26,30.0,35.0
2026-06-17,13,0.44,,36.0,0.87,15.0,40.0,0.27,31.0,35.0
2026-06-17,14,0.44,12.0,36.0,0.91,12.0,40.0,0.29,32.0,35.0
2026-06-17,15,0.44,12.0,36.0,0.93,15.0,40.0,0.29,31.0,35.0
2026-06-17,16,0.41,13.0,36.0,0.9,16.0,41.0,0.28,35.0,34.0
2026-06-17,17,0.37,14.0,35.0,0.88,14.0,40.0,0.24,34.0,34.0
2026-06-17,18,0.34,17.0,35.0,0.86,17.0,40.0,0.25,34.0,34.0
2026-06-17,19,0.34,20.0,35.0,0.87,20.0,40.0,0.26,36.0,34.0
2026-06-17,20,0.36,20.0,34.0,0.87,20.0,39.0,0.26,34.0,33.0
2026-06-17,21,0.38,20.0,32.0,0.88,18.0,37.0,0.26,31.0,31.0
2026-06-17,22,0.41,21.0,31.0,0.87,17.0,36.0,0.25,28.0,30.0
2026-06-17,23,0.42,20.0,29.0,0.86,,34.0,0.25,25.0,28.0
2026-06-17,24,0.42,13.0,29.0,0.8,,34.0,0.23,20.0,27.0
2026-06-18,1,0.4,9.0,28.0,0.76,,33.0,0.22,20.0,27.0
2026-06-18,2,0.38,10.0,28.0,0.71,,33.0,0.19,18.0,27.0
2026-06-18,3,0.35,8.0,28.0,0.64,,32.0,0.17,20.0,26.0
2026-06-18,4,0.31,7.0,28.0,0.59,,32.0,0.16,21.0,26.0
2026-06-18,5,0.27,7.0,27.0,0.54,,32.0,0.15,20.0,26.0
2026-06-18,6,0.24,10.0,27.0,0.49,,31.0,0.15,24.0,25.0
2026-06-18,7,0.22,13.0,26.0,0.45,,30.0,0.16,25.0,24.0
2026-06-18,8,0.24,15.0,25.0,0.48,,29.0,0.18,25.0,23.0
2026-06-18,9,0.27,15.0,24.0,0.5,,28.0,0.2,26.0,23.0
2026-06-18,10,0.29,15.0,23.0,0.53,,26.0,0.22,27.0,22.0
2026-06-18,11,0.32,15.0,22.0,0.55,,26.0,0.24,28.0,21.0
2026-06-18,12,0.35,16.0,22.0,0.6,,25.0,0.25,26.0,21.0
2026-06-18,13,0.37,15.0,22.0,0.65,,24.0,0.26,25.0,20.0
2026-06-18,14,0.4,15.0,22.0,0.69,,24.0,0.27,27.0,20.0
2026-06-18,15,0.44,15.0,22.0,0.7,,23.0,0.29,30.0,20.0
2026-06-18,16,0.49,16.0,22.0,0.77,,23.0,0.34,35.0,20.0
2026-06-18,17,0.52,15.0,22.0,0.81,,23.0,0.39,40.0,20.0
2026-06-18,18,0.54,15.0,21.0,0.85,,22.0,0.4,36.0,20.0
2026-06-18,19,0.56,16.0,21.0,0.88,,21.0,0.41,38.0,19.0
2026-06-18,20,0.58,17.0,20.0,0.87,,21.0,0.44,43.0,19.0
2026-06-18,21,0.6,17.0,20.0,0.87,,20.0,0.45,45.0,18.0
2026-06-18,22,0.65,16.0,19.0,0.93,,20.0,0.45,44.0,18.0
2026-06-18,23,0.69,16.0,19.0,1.01,,20.0,0.45,48.0,18.0
2026-06-18,24,0.65,15.0,18.0,0.97,,20.0,0.43,48.0,17.0
2026-06-19,1,0.61,13.0,18.0,0.97,,20.0,0.39,43.0,17.0
2026-06-19,2,0.58,11.0,18.0,0.93,,19.0,0.39,39.0,17.0
2026-06-19,3,0.55,10.0,18.0,0.91,,19.0,0.38,37.0,17.0
2026-06-19,4,0.5,9.0,17.0,0.89,,19.0,0.35,39.0,17.0
2026-06-19,5,0.46,8.0,17.0,0.86,,19.0,0.34,37.0,17.0
2026-06-19,6,0.38,7.0,17.0,0.78,,19.0,0.33,37.0,17.0
2026-06-19,7,0.3,7.0,17.0,0.69,,19.0,0.3,29.0,16.0
2026-06-19,8,0.28,9.0,17.0,0.68,,19.0,0.27,30.0,16.0
2026-06-19,9,0.29,11.0,18.0,0.67,,19.0,0.27,35.0,16.0
2026-06-19,10,0.31,12.0,18.0,0.71,,20.0,0.26,32.0,16.0
2026-06-19,11,0.33,21.0,18.0,0.75,,20.0,0.26,27.0,15.0
2026-06-19,12,0.35,18.0,17.0,0.82,,21.0,0.25,23.0,15.0
2026-06-19,13,0.38,14.0,17.0,0.88,,22.0,0.25,22.0,15.0
2026-06-19,14,0.4,14.0,17.0,0.94,,22.0,0.25,17.0,15.0
2026-06-19,15,0.42,15.0,16.0,1.01,,22.0,0.24,17.0,15.0
2026-06-19,16,0.42,15.0,16.0,1.02,,22.0,0.23,17.0,14.0
2026-06-19,17,0.42,17.0,15.0,1.06,,22.0,0.22,20.0,13.0
2026-06-19,18,0.43,20.0,15.0,1.12,23.0,22.0,0.22,30.0,13.0
2026-06-19,19,0.49,23.0,16.0,1.18,28.0,23.0,0.27,40.0,14.0
2026-06-19,20,0.58,24.0,17.0,1.24,29.0,24.0,0.37,40.0,15.0
2026-06-19,21,0.74,26.0,18.0,1.35,31.0,25.0,0.5,41.0,17.0
2026-06-19,22,0.89,24.0,20.0,1.47,30.0,27.0,0.62,40.0,17.0
2026-06-19,23,1.04,24.0,21.0,1.59,31.0,28.0,0.76,38.0,18.0
2026-06-19,24,1.18,23.0,23.0,1.69,29.0,29.0,0.98,39.0,20.0
2026-06-20,1,1.3,22.0,25.0,1.76,28.0,30.0,1.24,40.0,21.0
2026-06-20,2,1.41,23.0,27.0,1.79,28.0,31.0,1.41,39.0,22.0
2026-06-20,3,1.48,22.0,30.0,1.81,29.0,32.0,1.51,38.0,24.0
2026-06-20,4,1.47,20.0,31.0,1.78,26.0,33.0,1.53,37.0,25.0
2026-06-20,5,1.35,19.0,31.0,1.63,22.0,33.0,1.52,35.0,26.0
2026-06-20,6,1.23,18.0,32.0,1.45,17.0,33.0,1.45,33.0,26.0
2026-06-20,7,1.1,19.0,32.0,1.29,19.0,33.0,1.33,34.0,26.0
2026-06-20,8,1.0,20.0,32.0,1.19,21.0,33.0,1.15,32.0,26.0
2026-06-20,9,0.96,22.0,32.0,1.09,22.0,32.0,0.91,33.0,26.0
2026-06-20,10,0.86,22.0,31.0,0.98,17.0,31.0,0.74,31.0,26.0
2026-06-20,11,0.77,20.0,31.0,0.88,16.0,30.0,0.6,31.0,26.0
2026-06-20,12,0.72,18.0,30.0,0.82,13.0,29.0,0.5,29.0,26.0
2026-06-20,13,0.68,14.0,30.0,0.8,11.0,28.0,0.4,29.0,26.0
2026-06-20,14,0.65,13.0,30.0,0.78,7.0,28.0,0.37,27.0,26.0
2026-06-20,15,0.64,14.0,30.0,0.74,6.0,27.0,0.36,28.0,26.0
2026-06-20,16,0.6,13.0,30.0,0.68,11.0,27.0,0.34,27.0,26.0
2026-06-20,17,0.52,17.0,30.0,0.62,10.0,26.0,0.32,28.0,26.0
2026-06-20,18,0.52,22.0,30.0,0.6,14.0,26.0,0.33,31.0,26.0
2026-06-20,19,0.51,20.0,29.0,0.6,15.0,25.0,0.34,33.0,26.0
2026-06-20,20,0.51,18.0,28.0,0.61,18.0,24.0,0.33,29.0,25.0
2026-06-20,21,0.52,18.0,27.0,0.63,17.0,23.0,0.33,31.0,24.0
2026-06-20,22,0.55,20.0,26.0,0.66,16.0,21.0,0.34,31.0,23.0
2026-06-20,23,0.56,20.0,24.0,0.69,15.0,20.0,0.34,26.0,22.0
2026-06-20,24,0.56,19.0,23.0,0.69,13.0,19.0,0.34,26.0,21.0
2026-06-21,1,0.57,20.0,21.0,0.7,11.0,18.0,0.34,24.0,19.0
2026-06-21,2,0.54,19.0,19.0,0.68,10.0,16.0,0.32,24.0,18.0
2026-06-21,3,0.52,13.0,17.0,0.65,12.0,15.0,0.31,25.0,16.0
2026-06-21,4,0.5,14.0,16.0,0.62,12.0,15.0,0.3,24.0,15.0
2026-06-21,5,0.46,11.0,15.0,0.59,9.0,14.0,0.28,21.0,14.0
2026-06-21,6,0.43,11.0,15.0,0.56,11.0,14.0,0.26,24.0,14.0
2026-06-21,7,0.41,13.0,15.0,0.56,16.0,14.0,0.26,28.0,14.0
2026-06-21,8,0.4,14.0,15.0,0.59,21.0,14.0,0.28,35.0,14.0
2026-06-21,9,0.39,16.0,15.0,0.62,21.0,15.0,0.29,33.0,14.0
2026-06-21,10,0.4,18.0,15.0,0.67,22.0,15.0,0.31,33.0,13.0
2026-06-21,11,0.39,17.0,15.0,0.68,19.0,15.0,0.32,34.0,13.0
2026-06-21,12,0.41,18.0,16.0,0.71,19.0,15.0,0.35,34.0,14.0
2026-06-21,13,0.45,18.0,17.0,0.75,18.0,16.0,0.39,33.0,14.0
2026-06-21,14,0.49,18.0,18.0,0.8,20.0,17.0,0.44,37.0,16.0
2026-06-21,15,0.52,17.0,19.0,0.82,18.0,19.0,0.49,39.0,17.0
2026-06-21,16,0.57,21.0,21.0,0.82,18.0,20.0,0.52,40.0,19.0
2026-06-21,17,0.62,22.0,23.0,0.83,18.0,21.0,0.56,40.0,20.0
2026-06-21,18,0.68,25.0,25.0,0.82,20.0,21.0,0.58,37.0,21.0
2026-06-21,19,0.74,23.0,26.0,0.86,20.0,21.0,0.64,37.0,21.0
2026-06-21,20,0.8,22.0,28.0,0.95,29.0,23.0,0.74,37.0,22.0
2026-06-21,21,0.89,21.0,29.0,1.04,26.0,24.0,0.81,39.0,24.0
2026-06-21,22,0.96,19.0,30.0,1.19,29.0,25.0,0.91,38.0,25.0
2026-06-21,23,1.04,19.0,31.0,1.34,28.0,27.0,1.05,37.0,27.0
2026-06-21,24,1.11,19.0,32.0,1.51,28.0,28.0,1.21,38.0,28.0
2026-06-22,1,1.14,18.0,34.0,1.61,25.0,29.0,1.3,37.0,29.0
2026-06-22,2,1.12,18.0,35.0,1.65,21.0,30.0,1.36,34.0,30.0
2026-06-22,3,1.12,17.0,36.0,1.65,22.0,32.0,1.34,34.0,31.0
2026-06-22,4,1.09,17.0,38.0,1.6,22.0,33.0,1.28,32.0,33.0
2026-06-22,5,1.0,17.0,39.0,1.52,22.0,34.0,1.21,30.0,33.0
2026-06-22,6,0.91,18.0,39.0,1.37,21.0,34.0,1.09,30.0,34.0
2026-06-22,7,0.81,19.0,39.0,1.2,21.0,35.0,0.92,30.0,35.0
2026-06-22,8,0.74,20.0,40.0,1.05,23.0,35.0,0.73,31.0,35.0
2026-06-22,9,0.7,19.0,41.0,0.97,22.0,36.0,0.62,28.0,36.0
2026-06-22,10,0.69,19.0,41.0,0.95,23.0,37.0,0.54,28.0,37.0
2026-06-22,11,0.67,18.0,41.0,0.94,21.0,38.0,0.48,28.0,37.0
2026-06-22,12,0.64,16.0,41.0,0.93,21.0,38.0,0.44,26.0,37.0
2026-06-22,13,0.64,16.0,41.0,0.94,20.0,38.0,0.41,25.0,37.0
2026-06-22,14,0.63,12.0,41.0,0.94,17.0,38.0,0.38,21.0,37.0
2026-06-22,15,0.61,11.0,39.0,0.93,14.0,37.0,0.35,17.0,35.0
2026-06-22,16,0.55,9.0,38.0,0.88,13.0,36.0,0.31,16.0,33.0
2026-06-22,17,0.51,12.0,35.0,0.84,14.0,35.0,0.28,18.0,32.0
2026-06-22,18,0.46,14.0,33.0,0.8,18.0,35.0,0.25,25.0,31.0
2026-06-22,19,0.43,15.0,32.0,0.77,19.0,35.0,0.24,26.0,30.0
2026-06-22,20,0.41,13.0,31.0,0.73,20.0,34.0,0.23,25.0,29.0
2026-06-22,21,0.4,14.0,30.0,0.69,18.0,33.0,0.22,24.0,28.0
2026-06-22,22,0.39,14.0,29.0,0.67,18.0,32.0,0.21,26.0,26.0
2026-06-22,23,0.39,12.0,27.0,0.67,14.0,31.0,0.22,23.0,24.0
2026-06-22,24,0.4,11.0,26.0,0.67,16.0,30.0,0.23,23.0,23.0
2026-06-23,1,0.39,9.0,24.0,0.66,13.0,29.0,0.23,20.0,22.0
2026-06-23,2,0.38,8.0,23.0,0.64,13.0,27.0,0.22,20.0,21.0
2026-06-23,3,0.36,5.0,22.0,0.61,10.0,26.0,0.21,16.0,19.0
2026-06-23,4,0.35,6.0,20.0,0.59,10.0,25.0,0.2,17.0,18.0
2026-06-23,5,0.33,6.0,19.0,0.56,9.0,24.0,0.19,17.0,17.0
2026-06-23,6,0.32,10.0,18.0,0.55,14.0,23.0,0.18,23.0,17.0
2026-06-23,7,0.33,13.0,18.0,0.55,16.0,23.0,0.2,28.0,16.0
2026-06-23,8,0.36,16.0,18.0,0.59,21.0,23.0,0.23,30.0,16.0
2026-06-23,9,0.42,18.0,17.0,0.64,24.0,23.0,0.28,33.0,16.0
2026-06-23,10,0.47,19.0,18.0,0.71,22.0,23.0,0.32,32.0,16.0
2026-06-23,11,0.51,17.0,18.0,0.77,20.0,23.0,0.34,29.0,15.0
2026-06-23,12,0.54,15.0,18.0,0.81,16.0,23.0,0.36,25.0,15.0
2026-06-23,13,0.56,12.0,17.0,0.86,22.0,23.0,0.37,22.0,15.0
2026-06-23,14,0.57,12.0,17.0,0.88,15.0,22.0,0.37,21.0,14.0
2026-06-23,15,0.57,12.0,17.0,0.9,18.0,22.0,0.35,21.0,14.0
2026-06-23,16,0.55,14.0,17.0,0.9,20.0,22.0,0.32,26.0,14.0
2026-06-23,17,0.52,16.0,17.0,0.9,20.0,22.0,0.27,28.0,14.0
2026-06-23,18,0.5,19.0,17.0,0.89,23.0,22.0,0.26,34.0,14.0
2026-06-23,19,0.53,22.0,18.0,0.92,27.0,22.0,0.31,38.0,15.0
2026-06-23,20,0.57,23.0,18.0,0.97,27.0,22.0,0.36,40.0,16.0
2026-06-23,21,0.61,21.0,19.0,0.99,25.0,23.0,0.4,37.0,16.0
2026-06-23,22,0.62,18.0,19.0,1.0,21.0,23.0,0.43,33.0,17.0
2026-06-23,23,0.65,16.0,19.0,0.99,19.0,23.0,0.44,29.0,17.0
2026-06-23,24,0.65,16.0,20.0,0.97,18.0,23.0,0.46,28.0,18.0
2026-06-24,1,0.64,12.0,20.0,0.94,16.0,23.0,0.46,26.0,18.0
2026-06-24,2,0.62,11.0,20.0,0.89,16.0,24.0,0.45,24.0,19.0
2026-06-24,3,0.55,9.0,20.0,0.8,13.0,24.0,0.39,23.0,19.0
2026-06-24,4,0.49,9.0,20.0,0.72,12.0,24.0,0.32,20.0,19.0
2026-06-24,5,0.44,7.0,20.0,0.66,11.0,24.0,0.27,19.0,19.0
2026-06-24,6,0.42,9.0,20.0,0.63,13.0,24.0,0.24,20.0,19.0
2026-06-24,7,0.39,11.0,21.0,0.62,17.0,24.0,0.24,24.0,19.0
2026-06-24,8,0.42,13.0,21.0,0.66,19.0,24.0,0.25,25.0,19.0
2026-06-24,9,0.49,15.0,21.0,0.72,22.0,24.0,0.29,29.0,19.0
2026-06-24,10,0.56,17.0,20.0,0.83,24.0,24.0,0.33,30.0,19.0
2026-06-24,11,0.63,23.0,20.0,0.96,26.0,24.0,0.36,35.0,19.0
2026-06-24,12,0.67,21.0,21.0,1.06,27.0,25.0,0.39,34.0,20.0
2026-06-24,13,0.7,20.0,21.0,1.12,23.0,25.0,0.42,34.0,20.0
2026-06-24,14,0.73,17.0,21.0,1.15,20.0,26.0,0.45,36.0,21.0
2026-06-24,15,0.74,19.0,22.0,1.16,24.0,26.0,0.47,37.0,22.0
2026-06-24,16,0.72,19.0,23.0,1.12,22.0,27.0,0.47,35.0,22.0
2026-06-24,17,0.68,19.0,23.0,1.08,22.0,27.0,0.45,38.0,23.0
2026-06-24,18,0.64,18.0,23.0,1.0,22.0,27.0,0.46,36.0,23.0
2026-06-24,19,0.62,19.0,24.0,0.91,22.0,27.0,0.46,35.0,23.0
2026-06-24,20,0.64,20.0,24.0,0.86,23.0,27.0,0.47,34.0,23.0
2026-06-24,21,0.66,20.0,24.0,0.86,23.0,27.0,0.48,33.0,23.0
2026-06-24,22,0.67,19.0,24.0,0.87,23.0,27.0,0.49,35.0,23.0
2026-06-24,23,0.73,19.0,25.0,0.89,23.0,28.0,0.5,34.0,23.0
2026-06-24,24,0.76,20.0,25.0,0.9,22.0,28.0,0.52,35.0,23.0
2026-06-25,1,0.75,19.0,26.0,0.88,19.0,28.0,0.51,32.0,23.0
2026-06-25,2,0.73,16.0,26.0,0.85,17.0,28.0,0.48,30.0,22.0
2026-06-25,3,0.68,13.0,26.0,0.8,15.0,28.0,0.45,26.0,23.0
2026-06-25,4,0.62,12.0,26.0,0.76,14.0,29.0,0.41,24.0,23.0
2026-06-25,5,0.57,11.0,26.0,0.71,12.0,29.0,0.38,25.0,23.0
2026-06-25,6,0.52,15.0,26.0,0.65,14.0,29.0,0.35,30.0,23.0
2026-06-25,7,0.45,17.0,26.0,0.62,20.0,29.0,0.33,33.0,23.0
2026-06-25,8,0.45,18.0,26.0,0.61,22.0,29.0,0.32,35.0,24.0
2026-06-25,9,0.47,19.0,27.0,0.63,22.0,29.0,0.34,33.0,24.0
2026-06-25,10,0.5,19.0,27.0,0.67,20.0,29.0,0.37,33.0,25.0
2026-06-25,11,0.53,15.0,27.0,0.73,18.0,29.0,0.4,28.0,25.0
2026-06-25,12,0.55,13.0,27.0,0.78,16.0,29.0,0.43,,25.0
2026-06-25,13,0.57,11.0,27.0,0.83,15.0,28.0,0.44,,24.0
2026-06-25,14,0.58,11.0,26.0,0.86,16.0,28.0,0.44,20.0,24.0
2026-06-25,15,0.58,11.0,26.0,0.88,17.0,28.0,0.41,18.0,23.0
2026-06-25,16,0.55,12.0,26.0,0.88,17.0,28.0,0.36,20.0,23.0
2026-06-25,17,0.51,14.0,25.0,0.87,16.0,28.0,0.3,23.0,23.0
2026-06-25,18,0.48,16.0,25.0,0.87,21.0,28.0,0.25,26.0,22.0
2026-06-25,19,0.5,18.0,24.0,0.88,21.0,28.0,0.21,25.0,22.0
2026-06-25,20,0.51,18.0,24.0,0.9,23.0,28.0,0.21,25.0,21.0
2026-06-25,21,0.57,20.0,23.0,0.92,24.0,27.0,0.23,34.0,21.0
2026-06-25,22,0.62,20.0,23.0,0.97,26.0,27.0,0.27,34.0,21.0
2026-06-25,23,0.67,20.0,23.0,1.01,24.0,27.0,0.34,35.0,21.0
2026-06-25,24,0.78,20.0,23.0,1.06,25.0,27.0,0.41,34.0,21.0
2026-06-26,1,0.82,20.0,23.0,1.1,23.0,27.0,0.5,34.0,22.0
2026-06-26,2,0.84,18.0,23.0,1.11,22.0,28.0,0.58,34.0,23.0
2026-06-26,3,0.81,17.0,23.0,1.08,22.0,28.0,0.67,31.0,24.0
2026-06-26,4,0.81,17.0,24.0,1.03,21.0,28.0,0.72,32.0,26.0
2026-06-26,5,0.78,16.0,24.0,0.99,17.0,28.0,0.72,29.0,27.0
2026-06-26,6,0.76,16.0,25.0,0.92,17.0,28.0,0.71,28.0,28.0
2026-06-26,7,0.77,17.0,25.0,0.87,19.0,28.0,0.74,28.0,29.0
2026-06-26,8,0.73,19.0,24.0,0.87,20.0,28.0,0.88,31.0,30.0
2026-06-26,9,0.71,18.0,24.0,0.82,20.0,28.0,0.89,29.0,30.0
2026-06-26,10,0.71,17.0,23.0,0.79,18.0,27.0,0.82,29.0,29.0
2026-06-26,11,0.71,17.0,22.0,0.78,15.0,26.0,0.73,30.0,28.0
2026-06-26,12,0.7,14.0,22.0,0.78,12.0,25.0,0.67,26.0,28.0
2026-06-26,13,0.67,12.0,21.0,0.77,11.0,25.0,0.63,23.0,27.0
2026-06-26,14,0.65,14.0,21.0,0.77,16.0,25.0,0.6,24.0,27.0
2026-06-26,15,0.6,13.0,21.0,0.78,15.0,24.0,0.51,23.0,27.0
2026-06-26,16,0.54,14.0,21.0,0.73,15.0,24.0,0.3,29.0,27.0
2026-06-26,17,0.52,18.0,21.0,0.81,23.0,24.0,0.22,32.0,27.0
2026-06-26,18,0.54,25.0,21.0,0.92,28.0,25.0,0.22,32.0,27.0
2026-06-26,19,0.59,24.0,21.0,1.02,26.0,24.0,0.26,35.0,28.0
2026-06-26,20,0.68,23.0,22.0,1.11,26.0,24.0,0.3,32.0,28.0
2026-06-26,21,0.79,25.0,22.0,1.22,26.0,24.0,0.33,30.0,28.0
2026-06-26,22,0.88,24.0,22.0,1.27,28.0,24.0,0.37,30.0,28.0
2026-06-26,23,0.93,23.0,22.0,1.29,25.0,24.0,0.42,33.0,28.0
2026-06-26,24,0.96,20.0,21.0,1.28,16.0,25.0,0.44,32.0,27.0
2026-06-27,1,0.97,18.0,21.0,1.18,13.0,25.0,0.46,32.0,26.0
2026-06-27,2,0.95,17.0,21.0,1.08,13.0,25.0,0.46,32.0,25.0
2026-06-27,3,0.9,17.0,21.0,0.98,14.0,25.0,0.43,30.0,25.0
2026-06-27,4,0.81,17.0,21.0,0.89,13.0,25.0,0.4,25.0,23.0
2026-06-27,5,0.7,17.0,20.0,0.78,12.0,25.0,0.38,22.0,22.0
2026-06-27,6,0.61,17.0,20.0,0.72,13.0,25.0,0.35,24.0,21.0
2026-06-27,7,0.56,16.0,20.0,0.7,15.0,25.0,0.33,30.0,20.0
2026-06-27,8,0.58,17.0,21.0,0.73,17.0,25.0,0.35,32.0,19.0
2026-06-27,9,0.64,18.0,23.0,0.76,20.0,25.0,0.38,33.0,19.0
2026-06-27,10,0.69,22.0,24.0,0.81,19.0,26.0,0.42,34.0,19.0
2026-06-27,11,0.74,25.0,26.0,0.87,23.0,26.0,0.48,37.0,20.0
2026-06-27,12,0.78,22.0,26.0,0.92,20.0,27.0,0.53,36.0,21.0
2026-06-27,13,0.81,21.0,27.0,0.98,21.0,27.0,0.58,36.0,22.0
2026-06-27,14,0.83,20.0,27.0,0.99,14.0,28.0,0.6,33.0,22.0
2026-06-27,15,0.85,19.0,28.0,0.98,16.0,28.0,0.59,31.0,23.0
2026-06-27,16,0.81,19.0,28.0,0.96,20.0,28.0,0.55,29.0,23.0
2026-06-27,17,0.76,19.0,28.0,0.95,23.0,29.0,0.51,30.0,23.0
2026-06-27,18,0.73,21.0,28.0,0.96,28.0,29.0,0.47,33.0,23.0
2026-06-27,19,0.76,28.0,29.0,1.06,32.0,29.0,0.44,35.0,24.0
2026-06-27,20,0.84,26.0,30.0,1.2,34.0,30.0,0.44,38.0,24.0
2026-06-27,21,0.96,28.0,30.0,1.27,32.0,31.0,0.41,34.0,24.0
2026-06-27,22,0.99,27.0,30.0,1.34,25.0,31.0,0.39,32.0,24.0
2026-06-27,23,1.01,26.0,30.0,1.39,26.0,31.0,0.38,29.0,24.0
2026-06-27,24,1.03,25.0,30.0,1.4,25.0,29.0,0.39,28.0,24.0
2026-06-28,1,1.02,22.0,30.0,1.4,23.0,29.0,0.38,27.0,24.0
2026-06-28,2,1.02,22.0,31.0,1.37,25.0,29.0,0.39,31.0,24.0
2026-06-28,3,1.01,25.0,32.0,1.29,27.0,30.0,0.45,35.0,26.0
2026-06-28,4,1.0,25.0,35.0,1.19,29.0,32.0,0.53,35.0,29.0
2026-06-28,5,0.94,23.0,37.0,1.13,25.0,33.0,0.58,35.0,31.0
2026-06-28,6,0.95,22.0,39.0,1.11,25.0,34.0,0.63,32.0,32.0
2026-06-28,7,0.95,21.0,41.0,1.13,26.0,36.0,0.68,31.0,34.0
2026-06-28,8,0.94,17.0,40.0,1.14,22.0,37.0,0.7,26.0,34.0
2026-06-28,9,0.93,15.0,39.0,1.15,20.0,37.0,0.7,25.0,34.0
2026-06-28,10,0.9,13.0,38.0,1.12,18.0,37.0,0.68,24.0,34.0
2026-06-28,11,0.82,12.0,37.0,1.08,17.0,37.0,0.59,22.0,33.0
2026-06-28,12,0.72,9.0,37.0,0.99,13.0,37.0,0.46,17.0,33.0
2026-06-28,13,0.62,11.0,37.0,0.97,17.0,37.0,0.4,19.0,33.0
2026-06-28,14,0.55,11.0,37.0,0.95,16.0,37.0,0.35,19.0,32.0
2026-06-28,15,0.51,9.0,37.0,0.9,12.0,37.0,0.29,15.0,32.0
2026-06-28,16,0.49,9.0,37.0,0.89,14.0,37.0,0.27,14.0,32.0
2026-06-28,17,0.48,11.0,36.0,0.87,17.0,36.0,0.25,14.0,32.0
2026-06-28,18,0.5,14.0,36.0,0.89,19.0,36.0,0.24,15.0,31.0
2026-06-28,19,0.52,16.0,35.0,0.91,19.0,35.0,0.23,22.0,30.0
2026-06-28,20,0.56,18.0,35.0,0.95,23.0,34.0,0.25,27.0,29.0
2026-06-28,21,0.6,18.0,34.0,1.01,21.0,34.0,0.29,28.0,29.0
2026-06-28,22,0.65,17.0,35.0,1.05,25.0,34.0,0.35,30.0,30.0
2026-06-28,23,0.69,18.0,35.0,1.13,23.0,35.0,0.43,30.0,31.0
2026-06-28,24,0.76,17.0,36.0,1.2,24.0,34.0,0.52,28.0,31.0
2026-06-29,1,0.88,19.0,38.0,1.28,25.0,35.0,0.64,29.0,31.0
2026-06-29,2,0.96,19.0,39.0,1.33,24.0,36.0,0.75,32.0,31.0
2026-06-29,3,0.98,19.0,39.0,1.32,24.0,36.0,0.82,31.0,30.0
2026-06-29,4,0.97,19.0,37.0,1.29,23.0,34.0,0.84,32.0,27.0
2026-06-29,5,0.95,19.0,35.0,1.22,22.0,33.0,0.83,31.0,25.0
2026-06-29,6,0.93,19.0,34.0,1.15,23.0,32.0,0.8,33.0,24.0
2026-06-29,7,0.93,20.0,34.0,1.09,25.0,32.0,0.77,35.0,23.0
2026-06-29,8,0.96,20.0,35.0,1.08,25.0,32.0,0.76,36.0,23.0
2026-06-29,9,0.94,22.0,36.0,1.07,26.0,32.0,0.77,37.0,24.0
2026-06-29,10,0.92,24.0,36.0,1.1,29.0,33.0,0.74,38.0,25.0
2026-06-29,11,0.92,25.0,37.0,1.14,30.0,33.0,0.73,37.0,25.0
2026-06-29,12,0.93,21.0,38.0,1.18,26.0,34.0,0.73,38.0,26.0
2026-06-29,13,0.92,19.0,38.0,1.21,23.0,34.0,0.72,33.0,25.0
2026-06-29,14,0.91,17.0,38.0,1.21,23.0,33.0,0.7,33.0,26.0
2026-06-29,15,0.88,15.0,38.0,1.2,23.0,33.0,0.66,26.0,26.0
2026-06-29,16,0.78,13.0,38.0,1.15,21.0,33.0,0.58,25.0,25.0
2026-06-29,17,0.68,15.0,38.0,1.1,25.0,33.0,0.47,26.0,26.0
2026-06-29,18,0.61,19.0,38.0,1.07,21.0,34.0,0.4,31.0,26.0
2026-06-29,19,0.61,22.0,38.0,1.07,26.0,34.0,0.37,36.0,27.0
2026-06-29,20,0.62,22.0,38.0,1.1,27.0,35.0,0.37,36.0,28.0
2026-06-29,21,0.66,23.0,38.0,1.18,29.0,36.0,0.39,36.0,29.0
2026-06-29,22,0.7,23.0,38.0,1.26,29.0,37.0,0.41,36.0,29.0
2026-06-29,23,0.76,23.0,39.0,1.29,26.0,36.0,0.44,35.0,28.0
2026-06-29,24,0.81,22.0,38.0,1.33,26.0,37.0,0.47,33.0,29.0
2026-06-30,1,0.86,22.0,37.0,1.35,26.0,37.0,0.5,33.0,29.0
2026-06-30,2,0.89,21.0,36.0,1.33,25.0,37.0,0.54,33.0,30.0
2026-06-30,3,0.86,21.0,35.0,1.26,25.0,37.0,0.54,30.0,31.0
2026-06-30,4,0.84,19.0,35.0,1.15,16.0,37.0,0.52,31.0,31.0
2026-06-30,5,0.79,18.0,34.0,1.02,15.0,37.0,0.5,30.0,31.0
2026-06-30,6,0.77,17.0,34.0,0.92,19.0,36.0,0.49,27.0,32.0
2026-06-30,7,0.8,18.0,33.0,0.91,22.0,36.0,0.51,29.0,32.0
2026-06-30,8,0.91,19.0,33.0,0.98,24.0,35.0,0.58,31.0,32.0
2026-06-30,9,1.12,22.0,34.0,1.05,27.0,36.0,0.69,32.0,33.0
2026-06-30,10,1.23,27.0,33.0,1.11,26.0,36.0,0.72,37.0,33.0
2026-06-30,11,1.23,33.0,32.0,1.13,21.0,34.0,0.71,35.0,33.0
2026-06-30,12,1.21,15.0,31.0,1.14,15.0,33.0,0.69,33.0,32.0
2026-06-30,13,1.2,14.0,31.0,1.14,15.0,33.0,0.66,29.0,32.0
2026-06-30,14,1.18,13.0,30.0,1.13,19.0,33.0,0.64,28.0,31.0
2026-06-30,15,1.09,16.0,30.0,1.09,17.0,33.0,0.58,27.0,31.0
2026-06-30,16,0.92,15.0,30.0,0.97,16.0,34.0,0.48,29.0,31.0
2026-06-30,17,0.67,17.0,30.0,0.85,21.0,34.0,0.34,33.0,32.0
2026-06-30,18,0.55,20.0,30.0,0.76,26.0,34.0,0.29,35.0,32.0
2026-06-30,19,0.56,25.0,29.0,0.77,24.0,34.0,0.29,34.0,32.0
2026-06-30,20,0.61,25.0,29.0,0.8,24.0,33.0,0.31,33.0,31.0
2026-06-30,21,0.69,26.0,28.0,0.85,23.0,32.0,0.3,29.0,30.0
2026-06-30,22,0.73,26.0,28.0,0.92,26.0,31.0,0.31,30.0,30.0
2026-06-30,23,0.75,22.0,27.0,0.99,26.0,31.0,0.32,29.0,29.0
2026-06-30,24,0.76,20.0,26.0,0.99,19.0,31.0,0.32,30.0,29.0
2026-07-01,1,0.76,20.0,25.0,1.0,22.0,31.0,0.33,32.0,28.0
2026-07-01,2,0.75,18.0,25.0,0.97,21.0,30.0,0.37,31.0,27.0
2026-07-01,3,0.72,17.0,24.0,0.92,13.0,29.0,0.39,33.0,26.0
2026-07-01,4,0.67,17.0,24.0,0.86,13.0,29.0,0.4,32.0,26.0
2026-07-01,5,0.57,15.0,23.0,0.83,20.0,29.0,0.41,30.0,26.0
2026-07-01,6,0.54,15.0,23.0,0.84,26.0,29.0,0.45,29.0,25.0
2026-07-01,7,0.59,17.0,22.0,0.94,30.0,30.0,0.58,34.0,26.0
2026-07-01,8,0.79,21.0,23.0,1.13,30.0,31.0,0.79,34.0,28.0
2026-07-01,9,1.0,25.0,24.0,1.35,37.0,33.0,1.02,37.0,30.0
2026-07-01,10,1.14,29.0,25.0,1.55,39.0,35.0,1.16,43.0,33.0
2026-07-01,11,1.23,43.0,27.0,1.77,38.0,38.0,1.21,46.0,35.0
2026-07-01,12,1.29,36.0,29.0,1.95,38.0,40.0,1.28,58.0,37.0
2026-07-01,13,1.33,25.0,30.0,2.06,34.0,42.0,1.32,48.0,39.0
2026-07-01,14,1.33,19.0,31.0,2.07,27.0,43.0,1.28,28.0,39.0
2026-07-01,15,1.27,17.0,31.0,1.99,28.0,44.0,1.15,23.0,40.0
2026-07-01,16,1.06,17.0,32.0,1.87,25.0,46.0,0.93,19.0,41.0
2026-07-01,17,0.86,16.0,33.0,1.7,24.0,47.0,0.67,18.0,41.0
2026-07-01,18,0.72,16.0,33.0,1.58,24.0,48.0,0.46,20.0,41.0
2026-07-01,19,0.63,14.0,33.0,1.45,21.0,49.0,0.37,19.0,41.0
2026-07-01,20,0.56,13.0,34.0,1.32,25.0,50.0,0.26,18.0,41.0
2026-07-01,21,0.53,11.0,34.0,1.22,19.0,51.0,0.21,16.0,41.0
2026-07-01,22,0.5,11.0,34.0,1.17,23.0,51.0,0.18,16.0,42.0
2026-07-01,23,0.49,13.0,35.0,1.09,17.0,51.0,0.17,16.0,42.0
2026-07-01,24,0.47,11.0,35.0,1.03,19.0,50.0,0.17,15.0,42.0
2026-07-02,1,0.44,7.0,35.0,0.96,16.0,51.0,0.16,14.0,42.0
2026-07-02,2,0.42,7.0,35.0,0.88,13.0,51.0,0.15,13.0,42.0
2026-07-02,3,0.41,6.0,35.0,0.79,12.0,51.0,0.15,13.0,41.0
2026-07-02,4,0.4,6.0,35.0,0.74,10.0,51.0,0.14,13.0,41.0
2026-07-02,5,0.39,9.0,35.0,0.69,10.0,51.0,0.13,14.0,41.0
2026-07-02,6,0.4,13.0,35.0,0.66,18.0,50.0,0.13,18.0,40.0
2026-07-02,7,0.41,17.0,35.0,0.66,24.0,50.0,0.14,24.0,38.0
2026-07-02,8,0.45,20.0,33.0,0.7,26.0,48.0,0.15,25.0,36.0
2026-07-02,9,0.5,22.0,31.0,0.75,27.0,46.0,0.17,28.0,33.0
2026-07-02,10,0.55,22.0,30.0,0.84,27.0,45.0,0.18,26.0,29.0
2026-07-02,11,0.59,21.0,29.0,0.9,24.0,43.0,0.2,25.0,27.0
2026-07-02,12,0.62,,28.0,0.97,23.0,41.0,0.21,21.0,25.0
2026-07-02,13,0.65,15.0,27.0,1.04,23.0,40.0,0.22,16.0,24.0
2026-07-02,14,0.62,14.0,27.0,1.11,29.0,39.0,0.22,14.0,23.0
2026-07-02,15,0.58,16.0,26.0,1.15,20.0,38.0,0.22,15.0,23.0
2026-07-02,16,0.51,17.0,25.0,1.13,18.0,37.0,0.22,19.0,22.0
2026-07-02,17,0.43,20.0,25.0,1.11,24.0,36.0,0.2,20.0,21.0
2026-07-02,18,0.37,23.0,25.0,1.07,25.0,35.0,0.2,21.0,21.0
2026-07-02,19,0.33,26.0,25.0,1.09,31.0,35.0,0.2,25.0,20.0
2026-07-02,20,0.29,23.0,25.0,1.09,26.0,35.0,0.21,27.0,20.0
2026-07-02,21,0.31,22.0,25.0,1.11,24.0,35.0,0.23,28.0,20.0
2026-07-02,22,0.34,21.0,25.0,1.1,31.0,35.0,0.25,28.0,20.0
2026-07-02,23,0.36,20.0,25.0,1.09,25.0,35.0,0.27,31.0,20.0
2026-07-02,24,0.38,18.0,25.0,1.08,20.0,35.0,0.29,26.0,20.0
2026-07-03,1,0.38,17.0,26.0,1.04,18.0,35.0,0.3,23.0,20.0
2026-07-03,2,0.36,14.0,26.0,0.99,15.0,34.0,0.3,23.0,21.0
2026-07-03,3,0.34,12.0,26.0,0.92,14.0,34.0,0.3,20.0,21.0
2026-07-03,4,0.31,11.0,26.0,0.86,12.0,34.0,0.3,21.0,21.0
2026-07-03,5,0.29,12.0,26.0,0.78,14.0,35.0,0.29,22.0,21.0
2026-07-03,6,0.27,17.0,27.0,0.74,21.0,35.0,0.29,25.0,22.0
2026-07-03,7,0.29,21.0,27.0,0.74,25.0,35.0,0.3,28.0,22.0
2026-07-03,8,0.36,25.0,28.0,0.79,28.0,35.0,0.34,32.0,23.0
2026-07-03,9,0.46,27.0,28.0,0.88,32.0,35.0,0.41,35.0,23.0
2026-07-03,10,0.55,32.0,28.0,0.99,35.0,35.0,0.43,,23.0
2026-07-03,11,0.62,32.0,29.0,1.11,36.0,36.0,0.46,,22.0
2026-07-03,12,0.66,25.0,29.0,1.19,27.0,37.0,,,22.0
2026-07-03,13,0.69,22.0,29.0,1.28,27.0,38.0,,,22.0
2026-07-03,14,0.69,18.0,30.0,1.34,26.0,38.0,,,22.0
2026-07-03,15,0.66,16.0,30.0,1.35,22.0,38.0,,,
2026-07-03,16,0.59,18.0,30.0,1.32,35.0,38.0,,,
2026-07-03,17,0.49,21.0,30.0,1.31,30.0,39.0,,,
2026-07-03,18,0.44,25.0,31.0,1.28,27.0,39.0,,,
2026-07-03,19,0.43,29.0,31.0,1.21,29.0,39.0,,,
2026-07-03,20,0.44,27.0,30.0,1.15,27.0,38.0,,,
2026-07-03,21,0.45,27.0,30.0,1.14,31.0,38.0,,,
2026-07-03,22,0.48,27.0,30.0,1.14,29.0,37.0,,,
2026-07-03,23,0.58,29.0,31.0,1.25,34.0,38.0,,,
2026-07-03,24,0.73,30.0,33.0,1.36,34.0,39.0,,,
2026-07-04,1,0.92,35.0,35.0,1.44,34.0,41.0,,,
2026-07-04,2,1.07,33.0,38.0,1.56,35.0,44.0,,,
2026-07-04,3,1.16,32.0,41.0,1.68,33.0,48.0,,,
2026-07-04,4,1.25,29.0,45.0,1.81,30.0,50.0,,,
2026-07-04,5,1.36,27.0,48.0,1.9,30.0,53.0,,,
2026-07-04,6,1.48,25.0,51.0,1.98,29.0,55.0,,,
2026-07-04,7,1.52,26.0,54.0,1.97,28.0,57.0,,,
2026-07-04,8,1.47,28.0,56.0,1.96,31.0,59.0,,,
2026-07-04,9,1.38,29.0,58.0,1.96,32.0,60.0,,,
2026-07-04,10,1.31,32.0,59.0,1.85,31.0,60.0,,,
2026-07-04,11,1.26,33.0,60.0,1.76,29.0,59.0,,,
2026-07-04,12,1.16,26.0,60.0,1.64,25.0,58.0,,,
2026-07-04,13,1.03,19.0,59.0,1.49,21.0,57.0,,,
2026-07-04,14,0.88,17.0,58.0,1.35,18.0,55.0,,,
2026-07-04,15,0.74,16.0,58.0,1.21,15.0,54.0,,,
2026-07-04,16,0.65,14.0,57.0,1.06,26.0,53.0,,,
2026-07-04,17,0.53,15.0,57.0,0.9,15.0,52.0,,,
2026-07-04,18,0.43,22.0,56.0,0.79,22.0,51.0,,,
2026-07-04,19,0.37,24.0,56.0,0.73,24.0,51.0,,,
2026-07-04,20,0.38,25.0,56.0,0.72,24.0,50.0,,,
2026-07-04,21,0.41,26.0,56.0,0.75,23.0,49.0,,,
2026-07-04,22,0.47,26.0,56.0,0.77,26.0,49.0,,,
2026-07-04,23,0.58,27.0,56.0,0.87,30.0,48.0,,,
2026-07-04,24,0.68,27.0,55.0,0.98,33.0,48.0,,,
2026-07-05,1,0.77,27.0,53.0,1.06,31.0,47.0,,,
2026-07-05,2,0.87,24.0,52.0,1.13,30.0,44.0,,,
2026-07-05,3,0.96,21.0,51.0,1.14,25.0,41.0,,,
2026-07-05,4,1.0,20.0,49.0,1.12,21.0,39.0,,,
2026-07-05,5,1.02,20.0,46.0,1.12,23.0,38.0,,,
2026-07-05,6,1.03,20.0,45.0,1.15,24.0,37.0,,,
2026-07-05,7,0.98,20.0,43.0,1.12,22.0,35.0,,,
2026-07-05,8,0.94,20.0,41.0,1.05,24.0,33.0,,,
2026-07-05,9,0.88,20.0,39.0,1.01,24.0,32.0,,,
2026-07-05,10,0.8,22.0,37.0,0.99,23.0,30.0,,,
2026-07-05,11,0.71,25.0,35.0,0.96,19.0,29.0,,,
2026-07-05,12,0.63,17.0,35.0,0.93,16.0,29.0,,,
2026-07-05,13,0.56,14.0,35.0,0.89,15.0,29.0,,,
2026-07-05,14,0.5,17.0,35.0,0.83,18.0,29.0,,,
2026-07-05,15,0.44,17.0,35.0,0.75,16.0,30.0,,,
2026-07-05,16,0.39,16.0,36.0,0.69,18.0,30.0,,,
2026-07-05,17,0.38,18.0,36.0,0.69,26.0,30.0,,,
2026-07-05,18,0.38,19.0,36.0,0.68,26.0,31.0,,,
2026-07-05,19,0.36,17.0,36.0,0.73,23.0,31.0,,,
2026-07-05,20,0.37,14.0,36.0,0.78,18.0,32.0,,,
2026-07-05,21,0.38,13.0,36.0,0.81,18.0,32.0,,,
2026-07-05,22,0.37,13.0,35.0,0.83,19.0,31.0,,,
2026-07-05,23,0.37,13.0,34.0,0.85,18.0,30.0,,,
2026-07-05,24,0.36,11.0,32.0,0.83,13.0,29.0,,,
2026-07-06,1,0.33,10.0,30.0,0.77,14.0,27.0,,,
2026-07-06,2,0.29,9.0,28.0,0.71,11.0,26.0,,,
2026-07-06,3,0.26,7.0,26.0,0.63,9.0,25.0,,,
2026-07-06,4,0.24,6.0,24.0,0.55,7.0,24.0,,,
2026-07-06,5,0.21,6.0,22.0,0.47,8.0,23.0,,,
2026-07-06,6,0.19,7.0,20.0,0.42,12.0,21.0,,,
2026-07-06,7,0.18,13.0,18.0,0.39,17.0,19.0,,,
2026-07-06,8,0.2,13.0,16.0,0.42,22.0,19.0,,,
2026-07-06,9,0.23,15.0,16.0,0.45,24.0,18.0,,,
2026-07-06,10,0.27,16.0,16.0,0.51,22.0,18.0,,23.0,
2026-07-06,11,0.3,21.0,16.0,0.58,21.0,18.0,,,
2026-07-06,12,0.34,21.0,16.0,0.64,24.0,19.0,,,
2026-07-06,13,0.37,19.0,16.0,0.69,23.0,19.0,,,
2026-07-06,14,0.4,19.0,16.0,0.73,21.0,20.0,,28.0,
2026-07-06,15,0.42,19.0,17.0,0.74,20.0,21.0,,28.0,
2026-07-06,16,0.42,20.0,17.0,0.73,20.0,21.0,0.43,31.0,
2026-07-06,17,0.41,20.0,18.0,0.72,23.0,21.0,0.44,32.0,
2026-07-06,18,0.41,20.0,18.0,0.71,24.0,21.0,0.51,34.0,
2026-07-06,19,0.41,20.0,18.0,0.71,23.0,21.0,0.52,33.0,
2026-07-06,20,0.42,20.0,18.0,0.72,23.0,21.0,0.54,31.0,
2026-07-06,21,0.42,21.0,19.0,0.74,24.0,21.0,0.57,32.0,
2026-07-06,22,0.44,20.0,19.0,0.76,21.0,22.0,0.59,30.0,
2026-07-06,23,0.51,20.0,20.0,0.79,22.0,23.0,0.61,30.0,
2026-07-06,24,0.53,19.0,21.0,0.81,20.0,24.0,0.62,29.0,
2026-07-07,1,0.53,17.0,22.0,0.81,20.0,25.0,0.61,27.0,
2026-07-07,2,0.53,16.0,23.0,0.79,20.0,26.0,0.6,27.0,
2026-07-07,3,0.52,15.0,24.0,0.75,18.0,26.0,0.58,26.0,23.0
2026-07-07,4,0.51,15.0,25.0,0.71,18.0,27.0,0.56,24.0,23.0
2026-07-07,5,0.49,16.0,27.0,0.67,18.0,28.0,0.54,26.0,23.0
2026-07-07,6,0.48,17.0,28.0,0.61,20.0,29.0,0.52,28.0,23.0
2026-07-07,7,0.43,19.0,29.0,0.6,23.0,29.0,0.52,32.0,23.0
2026-07-07,8,0.46,21.0,29.0,0.61,23.0,29.0,0.56,31.0,23.0
2026-07-07,9,0.53,23.0,31.0,0.65,28.0,30.0,0.62,33.0,23.0
2026-07-07,10,0.61,28.0,32.0,0.74,26.0,31.0,0.66,34.0,24.0
2026-07-07,11,0.67,28.0,33.0,0.84,27.0,32.0,0.75,39.0,25.0
2026-07-07,12,0.72,24.0,33.0,0.93,26.0,33.0,0.82,36.0,25.0
2026-07-07,13,0.77,26.0,34.0,0.98,25.0,33.0,0.86,36.0,26.0
2026-07-07,14,0.79,24.0,35.0,1.02,24.0,34.0,0.87,37.0,26.0
2026-07-07,15,0.75,17.0,34.0,1.0,22.0,34.0,0.85,35.0,27.0
2026-07-07,16,0.7,17.0,34.0,0.95,18.0,33.0,0.79,33.0,27.0
2026-07-07,17,0.63,22.0,34.0,0.9,24.0,33.0,0.74,37.0,27.0
2026-07-07,18,0.58,28.0,34.0,0.84,28.0,34.0,0.75,42.0,28.0
2026-07-07,19,0.59,33.0,34.0,0.8,34.0,34.0,0.72,46.0,29.0
2026-07-07,20,0.57,29.0,35.0,0.74,26.0,34.0,0.69,42.0,30.0
2026-07-07,21,0.56,27.0,35.0,0.71,25.0,34.0,0.66,38.0,30.0
2026-07-07,22,0.54,25.0,35.0,0.68,22.0,34.0,0.64,36.0,30.0
2026-07-07,23,0.55,21.0,34.0,0.66,18.0,33.0,0.63,32.0,29.0
2026-07-07,24,0.54,16.0,34.0,0.64,16.0,33.0,0.61,28.0,29.0
2026-07-08,1,0.51,15.0,33.0,0.6,11.0,33.0,0.57,24.0,30.0
2026-07-08,2,0.44,10.0,32.0,0.53,10.0,32.0,0.48,21.0,29.0
2026-07-08,3,0.35,10.0,32.0,0.44,9.0,32.0,0.38,22.0,29.0
2026-07-08,4,0.28,11.0,31.0,0.39,9.0,32.0,0.32,21.0,29.0
2026-07-08,5,0.23,10.0,30.0,0.34,9.0,32.0,0.28,22.0,29.0
2026-07-08,6,0.19,13.0,30.0,0.3,11.0,31.0,0.25,26.0,29.0
2026-07-08,7,0.19,20.0,29.0,0.31,17.0,31.0,0.25,32.0,29.0
2026-07-08,8,0.21,22.0,28.0,0.34,22.0,30.0,0.27,35.0,28.0
2026-07-08,9,0.26,24.0,28.0,0.39,23.0,30.0,0.32,32.0,29.0
2026-07-08,10,0.31,24.0,27.0,0.43,19.0,29.0,0.37,32.0,29.0
2026-07-08,11,0.37,24.0,27.0,0.48,20.0,28.0,0.42,32.0,28.0
2026-07-08,12,0.41,22.0,26.0,0.54,21.0,28.0,0.48,35.0,28.0
2026-07-08,13,0.46,23.0,26.0,0.58,17.0,27.0,0.51,32.0,28.0
2026-07-08,14,0.48,19.0,25.0,0.59,16.0,27.0,0.53,31.0,27.0
2026-07-08,15,0.49,18.0,25.0,0.59,21.0,27.0,0.51,29.0,27.0
2026-07-08,16,0.48,19.0,25.0,0.59,25.0,27.0,0.49,31.0,27.0
2026-07-08,17,0.46,23.0,25.0,0.6,28.0,27.0,0.48,37.0,27.0
2026-07-08,18,0.46,25.0,25.0,0.6,28.0,26.0,0.5,39.0,26.0
2026-07-08,19,0.46,24.0,24.0,0.6,27.0,25.0,0.51,38.0,25.0
2026-07-08,20,0.46,24.0,23.0,0.58,28.0,25.0,0.49,37.0,25.0
2026-07-08,21,0.45,22.0,23.0,0.59,27.0,25.0,0.49,31.0,25.0
2026-07-08,22,0.47,22.0,23.0,0.62,24.0,25.0,0.5,31.0,25.0
2026-07-08,23,0.48,20.0,23.0,0.62,16.0,25.0,0.52,29.0,25.0
2026-07-08,24,0.47,17.0,23.0,0.59,13.0,25.0,0.52,25.0,25.0
2026-07-09,1,0.45,18.0,23.0,0.56,12.0,24.0,0.48,28.0,25.0
2026-07-09,2,0.43,17.0,23.0,0.55,14.0,24.0,0.44,28.0,25.0
2026-07-09,3,0.4,18.0,23.0,0.53,12.0,24.0,0.39,23.0,25.0
2026-07-09,4,0.37,15.0,23.0,0.5,13.0,24.0,0.36,22.0,24.0
2026-07-09,5,0.35,15.0,23.0,0.52,14.0,24.0,0.35,26.0,24.0
2026-07-09,6,0.33,16.0,23.0,0.55,15.0,24.0,0.33,26.0,24.0
2026-07-09,7,0.31,18.0,23.0,0.62,18.0,24.0,0.33,27.0,24.0
2026-07-09,8,0.34,19.0,23.0,0.73,20.0,24.0,0.35,30.0,24.0
2026-07-09,9,0.36,19.0,22.0,0.82,20.0,24.0,0.38,31.0,24.0
2026-07-09,10,0.38,20.0,23.0,0.9,19.0,23.0,0.44,33.0,23.0
2026-07-09,11,0.39,18.0,22.0,0.98,18.0,23.0,0.48,32.0,23.0
2026-07-09,12,0.41,20.0,23.0,1.04,14.0,23.0,0.52,31.0,23.0
2026-07-09,13,0.44,22.0,23.0,1.08,18.0,23.0,0.56,33.0,24.0
2026-07-09,14,0.48,22.0,24.0,1.15,30.0,24.0,0.59,35.0,25.0
2026-07-09,15,0.49,16.0,25.0,1.18,26.0,26.0,0.6,26.0,26.0
2026-07-09,16,0.48,15.0,26.0,1.19,27.0,27.0,0.59,25.0,27.0
2026-07-09,17,0.47,18.0,28.0,1.21,27.0,28.0,0.57,29.0,28.0
2026-07-09,18,0.47,22.0,29.0,1.27,30.0,30.0,0.53,35.0,28.0
2026-07-09,19,0.49,21.0,30.0,1.3,29.0,31.0,0.51,34.0,29.0
2026-07-09,20,0.51,19.0,32.0,1.38,24.0,33.0,0.49,30.0,31.0
2026-07-09,21,0.51,20.0,34.0,1.43,23.0,34.0,0.46,29.0,32.0
2026-07-09,22,0.51,20.0,36.0,1.44,24.0,36.0,0.45,30.0,33.0
2026-07-09,23,0.54,21.0,37.0,1.49,25.0,38.0,0.45,31.0,33.0
2026-07-09,24,0.58,21.0,39.0,1.52,26.0,40.0,0.46,29.0,35.0
2026-07-10,1,0.57,17.0,41.0,1.49,20.0,42.0,0.46,26.0,36.0
2026-07-10,2,0.55,17.0,42.0,1.41,17.0,43.0,0.45,25.0,37.0
2026-07-10,3,0.53,15.0,43.0,1.38,20.0,44.0,0.43,25.0,38.0
2026-07-10,4,0.49,14.0,44.0,1.32,19.0,45.0,0.42,22.0,39.0
2026-07-10,5,0.44,10.0,44.0,1.24,13.0,46.0,0.39,16.0,39.0
2026-07-10,6,0.39,9.0,45.0,1.14,14.0,47.0,0.36,15.0,40.0
2026-07-10,7,0.34,10.0,45.0,1.05,17.0,48.0,0.33,20.0,40.0
2026-07-10,8,0.3,14.0,46.0,0.95,18.0,49.0,0.31,22.0,40.0
2026-07-10,9,0.3,16.0,47.0,0.91,17.0,50.0,0.28,23.0,41.0
2026-07-10,10,0.29,16.0,47.0,0.91,17.0,50.0,0.25,23.0,41.0
2026-07-10,11,0.28,15.0,47.0,0.89,17.0,51.0,0.23,20.0,40.0
2026-07-10,12,0.28,16.0,47.0,0.88,17.0,51.0,0.22,20.0,39.0
2026-07-10,13,0.31,18.0,47.0,0.91,20.0,51.0,0.23,24.0,38.0
2026-07-10,14,0.34,19.0,47.0,0.97,22.0,51.0,0.24,26.0,38.0
2026-07-10,15,0.36,16.0,47.0,1.01,22.0,50.0,0.25,25.0,37.0
2026-07-10,16,0.38,19.0,46.0,1.02,20.0,49.0,0.26,28.0,36.0
2026-07-10,17,0.37,17.0,44.0,1.03,17.0,48.0,0.27,29.0,35.0
2026-07-10,18,0.38,18.0,43.0,1.03,17.0,46.0,0.29,27.0,33.0
2026-07-10,19,0.39,19.0,42.0,1.07,21.0,44.0,0.29,25.0,32.0
2026-07-10,20,0.4,20.0,41.0,1.08,20.0,44.0,0.3,23.0,31.0
2026-07-10,21,0.43,21.0,40.0,1.16,24.0,43.0,0.32,27.0,30.0
2026-07-10,22,0.47,21.0,40.0,1.2,26.0,43.0,0.35,29.0,30.0
2026-07-10,23,0.49,20.0,40.0,1.24,22.0,43.0,0.38,29.0,30.0
2026-07-10,24,0.48,18.0,38.0,1.28,20.0,43.0,0.39,26.0,30.0
2026-07-11,1,0.49,16.0,38.0,1.34,20.0,43.0,0.38,23.0,29.0
2026-07-11,2,0.49,14.0,37.0,1.37,19.0,42.0,0.37,23.0,28.0
2026-07-11,3,0.49,12.0,36.0,1.34,16.0,42.0,0.38,24.0,28.0
2026-07-11,4,0.49,11.0,35.0,1.35,19.0,42.0,0.41,22.0,28.0
2026-07-11,5,0.45,12.0,34.0,1.29,20.0,41.0,0.39,22.0,28.0
2026-07-11,6,0.41,13.0,34.0,1.2,20.0,41.0,0.36,24.0,28.0
2026-07-11,7,0.38,13.0,34.0,1.13,19.0,41.0,0.32,23.0,27.0
2026-07-11,8,0.35,13.0,33.0,1.07,18.0,40.0,0.3,21.0,26.0
2026-07-11,9,0.33,13.0,31.0,1.04,20.0,38.0,0.29,21.0,25.0
2026-07-11,10,0.33,15.0,30.0,1.04,19.0,38.0,0.29,22.0,25.0
2026-07-11,11,0.32,17.0,30.0,1.03,20.0,37.0,0.29,23.0,25.0
2026-07-11,12,0.33,21.0,29.0,1.02,24.0,37.0,0.28,27.0,26.0
2026-07-11,13,0.32,17.0,29.0,1.0,20.0,37.0,0.27,25.0,25.0
2026-07-11,14,0.31,12.0,27.0,0.98,17.0,35.0,0.25,17.0,25.0
2026-07-11,15,0.31,11.0,26.0,0.97,16.0,34.0,0.24,16.0,24.0
2026-07-11,16,0.31,11.0,26.0,0.98,16.0,34.0,0.25,17.0,23.0
2026-07-11,17,0.32,11.0,25.0,0.96,16.0,33.0,0.25,19.0,23.0
2026-07-11,18,0.31,12.0,25.0,0.93,16.0,33.0,0.25,19.0,22.0
2026-07-11,19,0.31,11.0,25.0,0.94,16.0,33.0,0.25,22.0,22.0
2026-07-11,20,0.3,11.0,24.0,0.93,16.0,32.0,0.26,21.0,22.0
2026-07-11,21,0.32,11.0,23.0,0.96,16.0,30.0,0.27,28.0,21.0
2026-07-11,22,0.34,13.0,21.0,1.01,19.0,29.0,0.29,29.0,19.0
2026-07-11,23,0.33,12.0,19.0,1.03,16.0,27.0,0.29,26.0,18.0
2026-07-11,24,0.33,9.0,18.0,1.03,13.0,25.0,0.28,22.0,17.0
2026-07-12,1,0.31,7.0,16.0,1.0,11.0,24.0,0.26,21.0,16.0
2026-07-12,2,0.31,8.0,16.0,1.02,16.0,23.0,0.25,21.0,15.0
2026-07-12,3,0.3,9.0,16.0,1.03,15.0,22.0,0.24,20.0,14.0
2026-07-12,4,0.28,7.0,16.0,1.01,13.0,21.0,0.21,13.0,13.0
2026-07-12,5,0.24,5.0,15.0,0.97,10.0,20.0,0.18,11.0,12.0
2026-07-12,6,0.21,5.0,15.0,0.9,12.0,20.0,0.15,11.0,12.0
2026-07-12,7,0.2,6.0,14.0,0.86,14.0,19.0,0.14,12.0,11.0
2026-07-12,8,0.19,6.0,14.0,0.84,11.0,18.0,0.13,13.0,11.0
2026-07-12,9,0.19,6.0,13.0,0.84,12.0,18.0,0.13,13.0,11.0
2026-07-12,10,0.19,7.0,13.0,0.8,12.0,17.0,0.12,13.0,11.0
2026-07-12,11,0.18,8.0,12.0,0.76,12.0,17.0,0.11,14.0,9.0
2026-07-12,12,0.19,8.0,12.0,0.74,14.0,16.0,0.11,13.0,9.0
2026-07-12,13,0.2,10.0,11.0,0.73,13.0,16.0,0.12,13.0,8.0
2026-07-12,14,0.21,8.0,11.0,0.75,13.0,16.0,0.12,12.0,8.0
2026-07-12,15,0.22,8.0,11.0,0.77,13.0,16.0,0.13,12.0,8.0
2026-07-12,16,0.23,10.0,11.0,0.79,15.0,16.0,0.14,13.0,8.0
2026-07-12,17,0.24,11.0,11.0,0.81,17.0,16.0,0.15,15.0,8.0
2026-07-12,18,0.26,16.0,11.0,0.84,17.0,16.0,0.16,17.0,8.0
2026-07-12,19,0.29,20.0,11.0,0.89,23.0,17.0,0.18,22.0,8.0
2026-07-12,20,0.33,23.0,12.0,0.98,27.0,17.0,0.21,32.0,8.0
2026-07-12,21,0.38,23.0,12.0,1.06,26.0,17.0,0.24,31.0,8.0
2026-07-12,22,0.44,23.0,12.0,1.12,24.0,17.0,0.29,34.0,9.0
2026-07-12,23,0.51,23.0,13.0,1.2,29.0,18.0,0.35,34.0,10.0
2026-07-12,24,0.57,24.0,14.0,1.26,27.0,19.0,0.43,34.0,12.0
2026-07-13,1,0.62,22.0,15.0,1.31,27.0,20.0,0.52,33.0,14.0
2026-07-13,2,0.66,22.0,16.0,1.32,26.0,20.0,0.59,33.0,15.0
2026-07-13,3,0.66,22.0,17.0,1.3,24.0,21.0,0.66,34.0,16.0
2026-07-13,4,0.65,22.0,17.0,1.23,21.0,21.0,0.69,31.0,18.0
2026-07-13,5,0.62,20.0,18.0,1.16,20.0,22.0,0.7,30.0,19.0
2026-07-13,6,0.59,19.0,19.0,1.09,15.0,23.0,0.69,33.0,20.0
2026-07-13,7,0.56,20.0,20.0,1.02,18.0,24.0,0.67,34.0,21.0
2026-07-13,8,0.54,21.0,21.0,0.97,19.0,25.0,0.64,34.0,22.0
2026-07-13,9,0.55,21.0,22.0,0.92,20.0,25.0,0.59,34.0,23.0
2026-07-13,10,0.53,23.0,23.0,0.9,18.0,25.0,0.54,35.0,23.0
2026-07-13,11,0.51,22.0,23.0,0.89,15.0,25.0,0.48,31.0,24.0
2026-07-13,12,0.5,19.0,26.0,0.87,13.0,26.0,0.44,29.0,24.0
2026-07-13,13,0.48,18.0,26.0,0.87,14.0,25.0,0.41,31.0,24.0
2026-07-13,14,0.46,18.0,26.0,0.85,11.0,25.0,0.39,30.0,25.0
2026-07-13,15,0.44,15.0,26.0,0.83,10.0,25.0,0.35,27.0,25.0
2026-07-13,16,0.41,14.0,25.0,0.8,14.0,25.0,0.32,27.0,25.0
2026-07-13,17,0.36,16.0,25.0,0.78,12.0,24.0,0.3,28.0,25.0
2026-07-13,18,0.35,19.0,26.0,0.76,15.0,24.0,0.31,29.0,25.0
2026-07-13,19,0.36,18.0,26.0,0.77,16.0,24.0,0.33,28.0,26.0
2026-07-13,20,0.36,16.0,25.0,0.78,14.0,23.0,0.34,24.0,26.0
2026-07-13,21,0.36,14.0,24.0,0.78,10.0,23.0,0.34,20.0,25.0
2026-07-13,22,0.36,13.0,24.0,0.78,10.0,22.0,0.34,17.0,25.0
2026-07-13,23,0.35,13.0,23.0,0.78,7.0,21.0,0.33,18.0,23.0
2026-07-13,24,0.34,12.0,22.0,0.76,6.0,20.0,0.31,17.0,22.0
2026-07-14,1,0.32,11.0,21.0,0.74,5.0,19.0,0.28,14.0,20.0
2026-07-14,2,0.3,10.0,20.0,0.71,4.0,18.0,0.24,15.0,18.0
2026-07-14,3,0.27,8.0,19.0,0.67,4.0,17.0,0.19,13.0,16.0
2026-07-14,4,0.24,8.0,19.0,0.64,4.0,17.0,0.17,16.0,15.0
2026-07-14,5,0.23,9.0,18.0,0.62,5.0,15.0,0.15,20.0,15.0
2026-07-14,6,0.21,9.0,17.0,0.6,5.0,15.0,0.15,21.0,14.0
2026-07-14,7,0.2,11.0,16.0,0.6,7.0,14.0,0.14,21.0,13.0
2026-07-14,8,0.21,12.0,15.0,0.61,11.0,13.0,0.16,24.0,12.0
2026-07-14,9,0.23,13.0,14.0,0.64,13.0,13.0,0.18,25.0,12.0
2026-07-14,10,0.25,14.0,14.0,0.67,12.0,13.0,0.2,24.0,12.0
2026-07-14,11,0.26,15.0,14.0,0.7,13.0,13.0,0.21,24.0,12.0
2026-07-14,12,0.29,14.0,12.0,0.73,11.0,14.0,0.23,24.0,12.0
2026-07-14,13,0.3,13.0,12.0,0.75,10.0,14.0,0.25,23.0,12.0
2026-07-14,14,0.32,13.0,12.0,0.77,9.0,14.0,0.26,21.0,12.0
2026-07-14,15,0.33,13.0,12.0,0.78,9.0,14.0,0.26,22.0,12.0
2026-07-14,16,0.35,16.0,13.0,0.78,13.0,14.0,0.27,27.0,12.0
2026-07-14,17,0.36,20.0,13.0,0.8,16.0,14.0,0.29,31.0,12.0
2026-07-14,18,0.39,22.0,13.0,0.82,21.0,15.0,0.33,33.0,13.0
2026-07-14,19,0.46,22.0,13.0,0.91,25.0,16.0,0.35,29.0,13.0
2026-07-14,20,0.53,24.0,14.0,1.04,24.0,16.0,0.36,26.0,13.0
2026-07-14,21,0.61,24.0,14.0,1.17,21.0,16.0,0.36,26.0,13.0
2026-07-14,22,0.64,22.0,14.0,1.28,22.0,16.0,0.37,28.0,13.0
2026-07-14,23,0.65,18.0,15.0,1.3,18.0,17.0,0.37,27.0,14.0
2026-07-14,24,0.65,15.0,15.0,1.3,16.0,17.0,0.36,24.0,14.0
2026-07-15,1,0.63,11.0,15.0,1.26,12.0,17.0,0.33,21.0,14.0
2026-07-15,2,0.58,12.0,15.0,1.22,9.0,18.0,0.29,23.0,15.0
2026-07-15,3,0.5,13.0,16.0,1.11,7.0,18.0,0.26,22.0,15.0
2026-07-15,4,0.4,11.0,16.0,0.96,6.0,18.0,0.23,24.0,15.0
2026-07-15,5,0.31,11.0,16.0,0.81,6.0,18.0,0.22,24.0,15.0
2026-07-15,6,0.27,14.0,16.0,0.69,8.0,18.0,0.21,26.0,15.0
2026-07-15,7,0.26,16.0,16.0,0.69,14.0,18.0,0.23,30.0,16.0
2026-07-15,8,0.28,18.0,17.0,0.72,18.0,19.0,0.26,31.0,16.0
2026-07-15,9,0.32,19.0,18.0,0.77,18.0,19.0,0.29,30.0,17.0
2026-07-15,10,0.36,20.0,18.0,0.81,18.0,19.0,0.33,29.0,17.0
2026-07-15,11,0.39,18.0,18.0,0.85,16.0,19.0,0.35,27.0,18.0
2026-07-15,12,0.42,17.0,18.0,0.88,14.0,20.0,0.38,27.0,18.0
2026-07-15,13,0.46,18.0,19.0,0.92,16.0,20.0,0.42,29.0,19.0
2026-07-15,14,0.5,18.0,19.0,0.98,18.0,21.0,0.45,31.0,19.0
2026-07-15,15,0.53,18.0,20.0,1.0,16.0,22.0,0.47,30.0,19.0
2026-07-15,16,0.54,19.0,20.0,0.98,18.0,22.0,0.48,31.0,20.0
2026-07-15,17,0.52,18.0,20.0,0.96,22.0,22.0,0.47,27.0,20.0
2026-07-15,18,0.51,21.0,20.0,0.95,21.0,22.0,0.43,26.0,19.0
2026-07-15,19,0.53,21.0,20.0,0.94,19.0,22.0,0.42,28.0,20.0
2026-07-15,20,0.58,24.0,20.0,1.0,22.0,23.0,0.4,27.0,20.0
2026-07-15,21,0.6,24.0,21.0,1.03,21.0,24.0,0.38,29.0,20.0
2026-07-15,22,0.62,22.0,21.0,1.06,19.0,24.0,0.37,26.0,20.0
2026-07-15,23,0.62,21.0,22.0,1.08,21.0,24.0,0.33,28.0,20.0
2026-07-15,24,0.61,18.0,22.0,1.08,19.0,24.0,0.29,28.0,21.0
2026-07-16,1,0.61,19.0,22.0,1.07,13.0,24.0,0.3,27.0,21.0
2026-07-16,2,0.59,16.0,22.0,1.04,12.0,24.0,0.31,27.0,21.0
2026-07-16,3,0.56,14.0,22.0,1.02,10.0,24.0,0.3,27.0,21.0
2026-07-16,4,0.47,13.0,22.0,0.93,8.0,25.0,0.3,25.0,21.0
2026-07-16,5,0.43,15.0,22.0,0.86,9.0,25.0,0.28,27.0,22.0
2026-07-16,6,0.38,16.0,23.0,0.78,12.0,25.0,0.27,27.0,22.0
2026-07-16,7,0.34,16.0,23.0,0.73,14.0,25.0,0.28,30.0,22.0
2026-07-16,8,0.34,18.0,23.0,0.72,17.0,25.0,0.31,31.0,22.0
2026-07-16,9,0.36,18.0,22.0,0.74,20.0,25.0,0.34,32.0,22.0
2026-07-16,10,0.38,19.0,22.0,0.79,22.0,26.0,0.37,32.0,23.0
2026-07-16,11,0.41,19.0,23.0,0.82,21.0,26.0,0.39,33.0,24.0
2026-07-16,12,0.44,19.0,23.0,0.84,19.0,26.0,0.41,32.0,24.0
2026-07-16,13,0.45,18.0,23.0,0.87,21.0,26.0,0.43,33.0,24.0
2026-07-16,14,0.47,17.0,23.0,0.89,21.0,26.0,0.45,41.0,24.0
2026-07-16,15,0.49,20.0,23.0,0.92,20.0,26.0,0.45,35.0,25.0
2026-07-16,16,0.49,22.0,24.0,0.92,22.0,27.0,0.44,38.0,26.0
2026-07-16,17,0.5,25.0,25.0,0.92,24.0,28.0,0.44,40.0,27.0
2026-07-16,18,0.5,25.0,26.0,0.9,23.0,28.0,0.47,43.0,28.0
2026-07-16,19,0.52,23.0,27.0,0.9,22.0,28.0,0.5,39.0,28.0
2026-07-16,20,0.54,22.0,27.0,0.91,24.0,28.0,0.52,35.0,29.0
2026-07-16,21,0.55,19.0,27.0,0.91,21.0,28.0,0.51,28.0,29.0
2026-07-16,22,0.56,16.0,26.0,0.9,17.0,28.0,0.5,28.0,29.0
2026-07-16,23,0.55,15.0,26.0,0.89,17.0,28.0,0.49,26.0,30.0
2026-07-16,24,0.54,12.0,27.0,0.87,12.0,29.0,0.47,26.0,31.0
2026-07-17,1,0.51,12.0,27.0,0.84,16.0,29.0,0.44,25.0,31.0
2026-07-17,2,0.5,,28.0,0.82,8.0,30.0,0.39,28.0,32.0
2026-07-17,3,0.48,,28.0,0.79,8.0,31.0,0.33,28.0,33.0
2026-07-17,4,,,29.0,0.77,7.0,33.0,0.3,27.0,34.0
2026-07-17,5,,11.0,30.0,0.75,12.0,34.0,0.3,30.0,35.0
2026-07-17,6,,14.0,31.0,0.75,19.0,35.0,0.31,32.0,36.0
2026-07-17,7,,13.0,31.0,0.75,20.0,37.0,0.32,32.0,36.0
2026-07-17,8,,15.0,32.0,0.75,22.0,38.0,0.35,33.0,37.0
2026-07-17,9,,18.0,34.0,0.77,20.0,39.0,0.37,33.0,38.0
2026-07-17,10,0.6,20.0,35.0,0.84,23.0,40.0,0.45,38.0,39.0
2026-07-17,11,0.66,25.0,39.0,0.89,22.0,41.0,0.5,36.0,39.0
2026-07-17,12,0.68,23.0,41.0,0.93,21.0,42.0,0.55,35.0,41.0
2026-07-17,13,0.7,21.0,42.0,0.99,24.0,43.0,0.62,38.0,42.0
2026-07-17,14,0.75,22.0,44.0,1.04,21.0,44.0,0.69,37.0,44.0
2026-07-17,15,0.78,19.0,44.0,1.09,19.0,44.0,0.73,31.0,44.0
2026-07-17,16,0.83,20.0,46.0,1.15,23.0,45.0,0.77,34.0,45.0
2026-07-17,17,0.87,21.0,46.0,1.26,25.0,47.0,0.8,34.0,46.0
2026-07-17,18,0.88,22.0,46.0,1.38,27.0,48.0,0.8,36.0,47.0
2026-07-17,19,0.89,22.0,48.0,1.73,25.0,51.0,0.87,37.0,48.0
2026-07-17,20,1.03,24.0,51.0,1.82,25.0,54.0,0.9,34.0,50.0
2026-07-17,21,1.05,21.0,53.0,1.88,19.0,55.0,0.86,25.0,51.0
2026-07-17,22,1.01,17.0,53.0,1.93,20.0,56.0,0.81,27.0,52.0
2026-07-17,23,1.02,17.0,54.0,2.0,20.0,58.0,0.8,28.0,52.0
2026-07-17,24,1.0,18.0,55.0,2.04,20.0,59.0,0.79,28.0,53.0
2026-07-18,1,0.99,17.0,56.0,2.01,22.0,60.0,0.79,26.0,54.0
2026-07-18,2,0.99,18.0,56.0,1.92,19.0,61.0,0.76,26.0,55.0
2026-07-18,3,0.93,18.0,55.0,1.6,17.0,62.0,0.69,25.0,55.0
2026-07-18,4,0.77,16.0,55.0,1.47,11.0,62.0,0.61,20.0,55.0
2026-07-18,5,0.69,11.0,55.0,1.35,9.0,61.0,0.57,17.0,54.0
2026-07-18,6,0.64,7.0,55.0,1.24,10.0,61.0,0.53,16.0,54.0
2026-07-18,7,0.58,7.0,55.0,1.12,14.0,60.0,0.48,16.0,53.0
2026-07-18,8,0.52,10.0,55.0,0.99,12.0,60.0,0.42,20.0,53.0
2026-07-18,9,0.47,12.0,54.0,0.88,12.0,59.0,0.36,21.0,52.0
2026-07-18,10,0.43,13.0,54.0,0.8,14.0,59.0,0.32,20.0,50.0
2026-07-18,11,0.4,13.0,50.0,0.76,14.0,59.0,0.27,19.0,49.0
2026-07-18,12,0.39,12.0,50.0,0.79,17.0,59.0,0.27,20.0,48.0
2026-07-18,13,0.39,14.0,49.0,0.85,18.0,59.0,0.29,21.0,47.0
2026-07-18,14,0.41,14.0,49.0,0.91,17.0,59.0,0.31,20.0,46.0
2026-07-18,15,0.43,12.0,48.0,0.94,16.0,60.0,0.33,21.0,46.0
2026-07-18,16,0.45,22.0,49.0,1.0,12.0,58.0,0.34,22.0,45.0
2026-07-18,17,0.48,29.0,51.0,1.06,15.0,57.0,0.36,19.0,43.0
2026-07-18,18,0.49,21.0,51.0,1.11,15.0,55.0,0.36,19.0,41.0
2026-07-18,19,0.5,13.0,49.0,1.14,15.0,52.0,0.37,16.0,39.0
2026-07-18,20,0.49,11.0,47.0,1.15,16.0,49.0,0.37,15.0,37.0
2026-07-18,21,0.48,10.0,45.0,1.12,14.0,48.0,0.36,16.0,36.0
2026-07-18,22,0.47,11.0,44.0,1.09,10.0,47.0,0.36,18.0,35.0
2026-07-18,23,0.47,11.0,43.0,1.07,13.0,46.0,0.34,19.0,34.0
2026-07-18,24,0.45,12.0,42.0,1.08,14.0,45.0,0.32,18.0,33.0
2026-07-19,1,0.41,8.0,41.0,1.07,13.0,43.0,0.3,16.0,31.0
2026-07-19,2,0.38,6.0,40.0,1.02,11.0,41.0,0.28,13.0,29.0
2026-07-19,3,0.35,5.0,38.0,0.97,7.0,40.0,0.26,11.0,28.0
2026-07-19,4,0.32,5.0,37.0,0.92,9.0,39.0,0.24,10.0,27.0
2026-07-19,5,0.3,4.0,36.0,0.88,7.0,38.0,0.22,10.0,26.0
2026-07-19,6,0.28,4.0,35.0,0.84,8.0,37.0,0.19,13.0,25.0
2026-07-19,7,0.25,4.0,34.0,0.81,8.0,36.0,0.17,21.0,24.0
2026-07-19,8,0.22,4.0,33.0,0.76,8.0,34.0,0.15,21.0,23.0
2026-07-19,9,0.2,4.0,32.0,0.7,12.0,33.0,0.14,21.0,22.0
2026-07-19,10,0.19,5.0,30.0,0.69,10.0,32.0,0.14,19.0,21.0
2026-07-19,11,0.2,5.0,29.0,0.67,9.0,30.0,0.14,18.0,20.0
2026-07-19,12,0.21,7.0,28.0,0.67,12.0,28.0,0.14,19.0,18.0
2026-07-19,13,0.23,8.0,26.0,0.71,13.0,26.0,0.15,21.0,17.0
2026-07-19,14,0.25,8.0,25.0,0.76,13.0,25.0,0.16,20.0,16.0
2026-07-19,15,0.28,9.0,24.0,0.82,17.0,24.0,0.18,23.0,14.0
2026-07-19,16,0.3,9.0,22.0,0.86,15.0,23.0,0.19,25.0,14.0
2026-07-19,17,0.3,6.0,17.0,0.86,10.0,22.0,0.2,20.0,13.0
2026-07-19,18,0.3,5.0,15.0,0.84,7.0,21.0,0.2,17.0,12.0
2026-07-19,19,0.3,4.0,15.0,0.82,6.0,20.0,0.2,17.0,11.0
2026-07-19,20,0.29,4.0,14.0,0.81,8.0,19.0,0.19,17.0,11.0
2026-07-19,21,0.29,8.0,13.0,0.8,11.0,19.0,0.18,14.0,10.0
2026-07-19,22,0.27,8.0,13.0,0.77,12.0,18.0,0.17,13.0,9.0
2026-07-19,23,0.25,7.0,12.0,0.73,12.0,17.0,0.16,13.0,8.0
2026-07-19,24,0.24,7.0,11.0,0.71,12.0,16.0,0.14,11.0,8.0
2026-07-20,1,0.24,5.0,11.0,0.72,11.0,16.0,0.13,11.0,8.0
2026-07-20,2,0.23,4.0,11.0,0.72,8.0,16.0,0.13,12.0,8.0
2026-07-20,3,0.23,4.0,10.0,0.73,7.0,16.0,0.13,13.0,7.0
2026-07-20,4,0.22,4.0,10.0,0.71,6.0,15.0,0.13,11.0,7.0
2026-07-20,5,0.2,4.0,10.0,0.68,6.0,15.0,0.13,11.0,7.0
2026-07-20,6,0.19,7.0,10.0,0.66,8.0,15.0,0.14,17.0,8.0
2026-07-20,7,0.19,11.0,10.0,0.65,12.0,16.0,0.15,17.0,8.0
2026-07-20,8,0.2,15.0,10.0,0.66,17.0,16.0,0.16,22.0,8.0
2026-07-20,9,0.22,17.0,10.0,0.69,22.0,17.0,0.17,23.0,8.0
2026-07-20,10,0.24,18.0,10.0,0.74,25.0,17.0,0.18,24.0,9.0
2026-07-20,11,0.25,18.0,11.0,0.78,17.0,18.0,0.19,23.0,9.0
2026-07-20,12,0.27,15.0,11.0,0.82,20.0,18.0,0.2,25.0,9.0
2026-07-20,13,0.28,14.0,11.0,0.84,14.0,18.0,0.2,23.0,10.0
2026-07-20,14,0.3,12.0,11.0,0.86,13.0,17.0,0.2,21.0,10.0
2026-07-20,15,0.31,13.0,11.0,0.88,14.0,17.0,0.19,20.0,10.0
2026-07-20,16,0.31,12.0,11.0,0.87,11.0,17.0,0.19,24.0,10.0
2026-07-20,17,0.31,12.0,12.0,0.87,14.0,17.0,0.19,24.0,10.0
2026-07-20,18,0.32,15.0,12.0,0.84,16.0,18.0,0.2,29.0,10.0
2026-07-20,19,0.34,15.0,12.0,0.83,18.0,18.0,0.2,33.0,11.0
2026-07-20,20,0.36,14.0,12.0,0.81,16.0,18.0,0.2,32.0,11.0
2026-07-20,21,0.37,14.0,13.0,0.79,12.0,18.0,0.2,34.0,11.0
2026-07-20,22,0.39,14.0,12.0,0.81,14.0,18.0,0.24,37.0,12.0
2026-07-20,23,0.39,14.0,12.0,0.82,17.0,18.0,0.27,39.0,12.0
2026-07-20,24,0.39,13.0,12.0,0.83,19.0,17.0,0.27,39.0,12.0
2026-07-21,1,0.38,12.0,12.0,0.82,17.0,17.0,0.27,37.0,12.0
2026-07-21,2,0.36,11.0,12.0,0.81,14.0,17.0,0.26,37.0,12.0
2026-07-21,3,0.34,9.0,13.0,0.79,13.0,17.0,0.25,38.0,12.0
2026-07-21,4,0.32,8.0,13.0,0.78,10.0,18.0,0.24,37.0,12.0
2026-07-21,5,0.29,8.0,13.0,0.76,13.0,17.0,0.24,38.0,11.0
2026-07-21,6,0.28,9.0,13.0,0.74,15.0,17.0,0.2,41.0,11.0
2026-07-21,7,0.28,11.0,13.0,0.74,19.0,17.0,0.16,46.0,11.0
2026-07-21,8,0.3,13.0,13.0,0.77,22.0,17.0,0.16,49.0,11.0
2026-07-21,9,0.32,14.0,13.0,0.81,21.0,17.0,0.16,48.0,11.0
2026-07-21,10,0.34,15.0,12.0,0.87,24.0,17.0,0.17,47.0,10.0
2026-07-21,11,0.36,15.0,12.0,0.96,22.0,17.0,0.18,42.0,10.0
2026-07-21,12,0.38,16.0,12.0,1.05,23.0,17.0,0.18,40.0,10.0
2026-07-21,13,0.39,16.0,12.0,1.12,18.0,18.0,0.19,36.0,9.0
2026-07-21,14,0.4,17.0,12.0,1.19,18.0,18.0,0.2,36.0,9.0
2026-07-21,15,0.41,17.0,12.0,1.2,20.0,18.0,0.21,32.0,9.0
2026-07-21,16,0.4,17.0,12.0,1.19,21.0,18.0,0.21,25.0,8.0
2026-07-21,17,0.4,17.0,12.0,1.17,20.0,18.0,0.22,26.0,8.0
2026-07-21,18,0.41,17.0,12.0,1.13,22.0,18.0,0.22,36.0,8.0
2026-07-21,19,0.42,18.0,12.0,1.11,22.0,19.0,0.24,41.0,8.0
2026-07-21,20,0.43,18.0,11.0,1.09,20.0,19.0,0.25,42.0,8.0
2026-07-21,21,0.44,17.0,11.0,1.09,21.0,19.0,0.26,41.0,9.0
2026-07-21,22,0.45,16.0,12.0,1.05,21.0,20.0,0.26,39.0,8.0
2026-07-21,23,0.44,15.0,12.0,1.02,18.0,20.0,0.26,35.0,9.0
2026-07-21,24,0.43,13.0,12.0,0.99,13.0,20.0,0.24,31.0,9.0
2026-07-22,1,0.4,11.0,12.0,0.96,13.0,21.0,0.22,28.0,9.0
2026-07-22,2,0.37,9.0,12.0,0.93,10.0,21.0,0.21,28.0,9.0
2026-07-22,3,0.33,7.0,12.0,0.86,10.0,21.0,0.19,25.0,10.0
2026-07-22,4,0.3,7.0,12.0,0.79,8.0,21.0,0.16,25.0,10.0
2026-07-22,5,0.27,7.0,12.0,0.73,10.0,21.0,0.14,24.0,10.0
2026-07-22,6,0.24,7.0,12.0,0.69,12.0,22.0,0.13,24.0,11.0
2026-07-22,7,0.23,10.0,12.0,0.71,17.0,22.0,0.12,19.0,11.0
2026-07-22,8,0.24,16.0,12.0,0.73,18.0,23.0,0.13,20.0,11.0
2026-07-22,9,0.26,18.0,12.0,0.78,25.0,23.0,0.13,19.0,11.0
2026-07-22,10,0.29,21.0,13.0,0.84,19.0,24.0,0.14,21.0,12.0
2026-07-22,11,0.32,18.0,13.0,0.94,22.0,24.0,0.14,22.0,12.0
2026-07-22,12,0.34,15.0,13.0,1.02,21.0,24.0,0.16,,13.0
2026-07-22,13,0.36,14.0,13.0,1.13,24.0,24.0,0.16,18.0,13.0
2026-07-22,14,0.39,16.0,14.0,1.22,22.0,25.0,0.19,20.0,13.0
2026-07-22,15,0.4,17.0,14.0,1.27,20.0,25.0,0.23,26.0,14.0
2026-07-22,16,0.4,16.0,14.0,1.26,15.0,25.0,0.27,33.0,14.0
2026-07-22,17,0.4,19.0,14.0,1.24,18.0,25.0,0.3,37.0,15.0
2026-07-22,18,0.4,19.0,15.0,1.22,20.0,26.0,0.32,35.0,15.0
2026-07-22,19,0.41,20.0,15.0,1.22,21.0,26.0,0.32,31.0,16.0
2026-07-22,20,0.41,17.0,16.0,1.22,22.0,27.0,0.34,33.0,16.0
2026-07-22,21,0.42,17.0,16.0,1.17,21.0,28.0,0.36,30.0,16.0
2026-07-22,22,0.41,16.0,16.0,1.12,15.0,28.0,0.38,28.0,17.0
2026-07-22,23,0.41,18.0,16.0,1.08,17.0,28.0,0.4,31.0,17.0
2026-07-22,24,0.41,18.0,17.0,1.06,16.0,28.0,0.41,29.0,17.0
2026-07-23,1,0.4,16.0,17.0,1.04,16.0,27.0,0.41,29.0,17.0
2026-07-23,2,0.38,15.0,17.0,1.0,14.0,27.0,0.4,27.0,17.0
2026-07-23,3,0.36,13.0,18.0,0.92,11.0,28.0,0.39,26.0,17.0
2026-07-23,4,0.34,12.0,18.0,0.85,10.0,28.0,0.37,28.0,17.0
2026-07-23,5,0.32,9.0,17.0,0.79,9.0,27.0,0.35,23.0,17.0
2026-07-23,6,0.3,9.0,17.0,0.76,10.0,27.0,0.32,26.0,17.0
2026-07-23,7,0.29,10.0,17.0,0.75,15.0,27.0,0.28,29.0,18.0
2026-07-23,8,0.29,16.0,17.0,0.76,19.0,26.0,0.28,33.0,18.0
2026-07-23,9,0.3,20.0,18.0,0.79,20.0,26.0,0.27,35.0,18.0
2026-07-23,10,0.32,21.0,18.0,0.83,19.0,26.0,0.28,36.0,19.0
2026-07-23,11,0.34,18.0,18.0,0.85,15.0,25.0,0.29,36.0,18.0
2026-07-23,12,0.36,14.0,18.0,0.87,12.0,24.0,0.3,37.0,19.0
2026-07-23,13,0.37,13.0,17.0,0.91,11.0,24.0,0.32,34.0,18.0
2026-07-23,14,0.39,12.0,17.0,0.93,15.0,23.0,0.32,32.0,18.0
2026-07-23,15,0.4,13.0,17.0,0.95,15.0,23.0,0.33,33.0,18.0
2026-07-23,16,0.41,15.0,17.0,0.94,14.0,22.0,0.32,31.0,17.0
2026-07-23,17,0.41,17.0,16.0,0.93,20.0,22.0,0.3,33.0,17.0
2026-07-23,18,0.41,19.0,16.0,0.91,20.0,21.0,0.29,33.0,17.0
2026-07-23,19,0.43,22.0,16.0,0.92,22.0,21.0,0.3,39.0,17.0
2026-07-23,20,0.46,21.0,16.0,0.94,21.0,20.0,0.32,38.0,17.0
2026-07-23,21,0.47,18.0,16.0,0.93,16.0,19.0,0.34,37.0,17.0
2026-07-23,22,0.48,18.0,15.0,0.93,18.0,19.0,0.34,34.0,17.0
2026-07-23,23,0.48,16.0,15.0,0.9,18.0,19.0,0.33,33.0,17.0
2026-07-23,24,0.48,14.0,15.0,0.88,17.0,18.0,0.33,32.0,17.0
2026-07-24,1,0.47,13.0,15.0,0.84,16.0,18.0,0.32,28.0,16.0
2026-07-24,2,0.45,11.0,15.0,0.83,12.0,18.0,0.31,26.0,16.0
2026-07-24,3,0.4,10.0,14.0,0.79,11.0,18.0,0.27,24.0,16.0
2026-07-24,4,0.37,7.0,14.0,0.74,11.0,18.0,0.23,23.0,15.0
2026-07-24,5,0.34,7.0,14.0,0.72,7.0,18.0,0.18,23.0,15.0
2026-07-24,6,0.32,8.0,14.0,0.7,11.0,18.0,0.17,26.0,16.0
2026-07-24,7,0.3,11.0,14.0,0.7,14.0,18.0,0.17,29.0,16.0
2026-07-24,8,0.3,13.0,14.0,0.72,15.0,18.0,0.18,28.0,15.0
2026-07-24,9,0.3,14.0,14.0,0.73,16.0,18.0,0.18,26.0,15.0
2026-07-24,10,0.31,16.0,13.0,0.76,16.0,17.0,0.19,27.0,15.0
2026-07-24,11,0.33,16.0,14.0,0.77,13.0,18.0,0.21,26.0,15.0
2026-07-24,12,0.35,15.0,14.0,0.79,11.0,18.0,0.23,22.0,15.0
2026-07-24,13,0.37,14.0,14.0,0.79,8.0,18.0,0.25,24.0,15.0
2026-07-24,14,0.41,15.0,15.0,0.8,10.0,18.0,0.28,29.0,16.0
2026-07-24,15,0.44,17.0,15.0,0.8,14.0,18.0,0.31,31.0,16.0
2026-07-24,16,0.46,18.0,15.0,0.8,15.0,19.0,0.32,33.0,17.0
2026-07-24,17,0.47,18.0,16.0,0.81,17.0,20.0,0.34,33.0,17.0
2026-07-24,18,0.5,20.0,16.0,0.83,19.0,21.0,0.36,32.0,17.0
2026-07-24,19,0.56,21.0,17.0,0.88,20.0,22.0,0.4,32.0,18.0
2026-07-24,20,0.64,20.0,17.0,0.95,22.0,23.0,0.42,31.0,18.0
2026-07-24,21,0.74,19.0,18.0,1.05,20.0,24.0,0.45,30.0,18.0
2026-07-24,22,0.84,20.0,19.0,1.18,23.0,24.0,0.46,28.0,18.0
2026-07-24,23,0.88,22.0,21.0,1.23,21.0,25.0,0.47,27.0,18.0
2026-07-24,24,0.94,19.0,22.0,1.26,23.0,26.0,0.49,27.0,19.0
2026-07-25,1,1.0,19.0,22.0,1.3,15.0,26.0,0.5,26.0,19.0
2026-07-25,2,1.01,18.0,23.0,1.29,16.0,27.0,0.49,26.0,19.0
2026-07-25,3,0.97,14.0,23.0,1.23,11.0,26.0,0.47,25.0,19.0
2026-07-25,4,0.89,14.0,23.0,1.14,8.0,26.0,0.46,26.0,19.0
2026-07-25,5,0.77,13.0,24.0,1.04,7.0,26.0,0.43,27.0,19.0
2026-07-25,6,0.65,13.0,24.0,0.91,10.0,26.0,0.41,28.0,19.0
2026-07-25,7,0.58,14.0,24.0,0.86,11.0,26.0,0.39,28.0,19.0
2026-07-25,8,0.53,15.0,24.0,0.87,16.0,26.0,0.37,31.0,19.0
2026-07-25,9,0.51,17.0,24.0,0.86,17.0,25.0,0.38,33.0,18.0
2026-07-25,10,0.48,20.0,24.0,0.85,15.0,25.0,0.39,32.0,19.0
2026-07-25,11,0.46,21.0,24.0,0.85,10.0,25.0,0.38,35.0,19.0
2026-07-25,12,0.46,13.0,23.0,0.84,7.0,24.0,0.37,35.0,19.0
2026-07-25,13,0.46,12.0,23.0,0.84,6.0,24.0,0.38,30.0,18.0
2026-07-25,14,0.48,12.0,23.0,0.82,7.0,24.0,0.37,28.0,18.0
2026-07-25,15,0.48,11.0,22.0,0.78,8.0,23.0,0.35,28.0,17.0
2026-07-25,16,0.45,10.0,21.0,0.71,8.0,22.0,0.32,28.0,17.0
2026-07-25,17,0.39,9.0,21.0,0.65,11.0,21.0,0.29,28.0,16.0
2026-07-25,18,0.37,13.0,20.0,0.64,14.0,20.0,0.26,29.0,16.0
2026-07-25,19,0.38,17.0,19.0,0.67,17.0,19.0,0.25,29.0,15.0
2026-07-25,20,0.4,17.0,18.0,0.7,17.0,18.0,0.25,28.0,15.0
2026-07-25,21,0.41,17.0,17.0,0.72,12.0,17.0,0.26,30.0,15.0
2026-07-25,22,0.43,17.0,16.0,0.74,14.0,16.0,0.28,34.0,15.0
2026-07-25,23,0.46,18.0,15.0,0.77,16.0,16.0,0.32,34.0,15.0
2026-07-25,24,0.5,18.0,15.0,0.79,13.0,15.0,0.35,34.0,14.0
2026-07-26,1,0.53,17.0,14.0,0.81,16.0,14.0,0.38,33.0,15.0
2026-07-26,2,0.56,17.0,13.0,0.82,16.0,14.0,0.41,33.0,15.0
2026-07-26,3,0.57,16.0,13.0,0.8,16.0,14.0,0.45,33.0,15.0
2026-07-26,4,0.57,17.0,13.0,0.82,20.0,14.0,0.5,33.0,15.0
2026-07-26,5,0.58,16.0,13.0,0.86,20.0,14.0,0.56,31.0,15.0
2026-07-26,6,0.57,16.0,13.0,0.89,20.0,14.0,0.62,32.0,16.0
2026-07-26,7,0.55,16.0,13.0,0.92,19.0,14.0,0.65,32.0,16.0
2026-07-26,8,0.53,16.0,13.0,1.01,20.0,15.0,0.67,33.0,16.0
2026-07-26,9,0.53,15.0,13.0,1.12,20.0,15.0,0.7,33.0,16.0
2026-07-26,10,0.51,17.0,14.0,1.22,22.0,15.0,0.7,33.0,16.0
2026-07-26,11,0.5,19.0,14.0,1.22,17.0,16.0,0.67,34.0,16.0
2026-07-26,12,0.48,12.0,14.0,1.19,15.0,16.0,0.62,27.0,16.0
2026-07-26,13,0.47,12.0,14.0,1.17,19.0,17.0,0.57,33.0,17.0
2026-07-26,14,0.48,22.0,16.0,1.13,19.0,18.0,0.51,36.0,18.0
2026-07-26,15,0.48,16.0,17.0,1.08,12.0,19.0,0.45,31.0,18.0
2026-07-26,16,0.47,15.0,17.0,0.97,8.0,19.0,0.42,31.0,18.0
2026-07-26,17,0.45,13.0,17.0,0.86,14.0,19.0,0.36,31.0,18.0
2026-07-26,18,0.45,16.0,17.0,0.77,20.0,19.0,0.33,34.0,18.0
2026-07-26,19,0.47,19.0,17.0,0.79,21.0,19.0,0.33,40.0,18.0
2026-07-26,20,0.48,20.0,17.0,0.81,25.0,19.0,0.34,36.0,18.0
2026-07-26,21,0.49,19.0,17.0,0.81,18.0,20.0,0.33,34.0,18.0
2026-07-26,22,0.47,18.0,18.0,0.85,19.0,20.0,0.31,35.0,18.0
2026-07-26,23,0.47,16.0,18.0,0.87,15.0,20.0,0.3,32.0,17.0
2026-07-26,24,0.47,15.0,18.0,0.89,13.0,20.0,0.28,27.0,17.0
2026-07-27,1,0.46,15.0,18.0,0.87,14.0,20.0,0.27,26.0,17.0
2026-07-27,2,0.44,14.0,18.0,0.86,14.0,21.0,0.27,27.0,18.0
2026-07-27,3,0.42,10.0,18.0,0.81,13.0,21.0,0.25,24.0,18.0
2026-07-27,4,0.4,9.0,18.0,0.77,14.0,21.0,0.23,23.0,17.0
2026-07-27,5,0.37,9.0,18.0,0.71,12.0,21.0,0.21,24.0,17.0
2026-07-27,6,0.36,10.0,18.0,0.65,14.0,21.0,0.21,24.0,17.0
2026-07-27,7,0.35,12.0,18.0,0.63,12.0,21.0,0.23,26.0,17.0
2026-07-27,8,0.35,13.0,17.0,0.63,12.0,21.0,0.26,26.0,17.0
2026-07-27,9,0.36,13.0,17.0,0.63,13.0,21.0,0.28,26.0,17.0
2026-07-27,10,0.37,12.0,17.0,0.63,12.0,20.0,0.29,24.0,17.0
2026-07-27,11,0.39,12.0,17.0,0.64,11.0,20.0,0.31,26.0,17.0
2026-07-27,12,0.4,12.0,17.0,0.65,10.0,20.0,0.33,25.0,16.0
2026-07-27,13,0.43,13.0,16.0,0.67,10.0,20.0,0.35,28.0,16.0
2026-07-27,14,0.44,14.0,15.0,0.68,9.0,19.0,0.36,27.0,15.0
2026-07-27,15,0.47,13.0,15.0,0.69,11.0,19.0,0.36,29.0,15.0
2026-07-27,16,0.49,14.0,15.0,0.71,12.0,19.0,0.37,32.0,15.0
2026-07-27,17,0.5,16.0,15.0,0.72,14.0,20.0,0.39,33.0,16.0
2026-07-27,18,0.53,16.0,15.0,0.77,15.0,20.0,0.41,31.0,16.0
2026-07-27,19,0.58,17.0,16.0,0.81,16.0,20.0,0.44,29.0,16.0
2026-07-27,20,0.66,16.0,16.0,0.9,19.0,20.0,0.45,28.0,16.0
2026-07-27,21,0.73,17.0,17.0,0.95,16.0,20.0,0.45,27.0,17.0
2026-07-27,22,0.77,17.0,17.0,0.97,13.0,20.0,0.44,26.0,16.0
2026-07-27,23,0.79,15.0,17.0,0.98,13.0,20.0,0.42,24.0,16.0
2026-07-27,24,0.79,15.0,16.0,0.98,13.0,20.0,0.41,24.0,16.0
2026-07-28,1,0.8,13.0,16.0,0.97,13.0,20.0,0.4,26.0,16.0
2026-07-28,2,0.8,11.0,16.0,0.92,11.0,19.0,0.4,25.0,16.0
2026-07-28,3,0.76,9.0,16.0,0.89,12.0,19.0,0.42,24.0,17.0
2026-07-28,4,0.7,9.0,16.0,0.85,14.0,19.0,0.44,23.0,17.0
2026-07-28,5,0.64,8.0,16.0,0.86,14.0,19.0,0.5,23.0,18.0
2026-07-28,6,0.63,8.0,17.0,0.91,14.0,20.0,0.59,25.0,19.0
2026-07-28,7,0.66,9.0,18.0,1.05,17.0,21.0,0.67,25.0,20.0
2026-07-28,8,0.72,11.0,20.0,1.19,19.0,23.0,0.75,28.0,21.0
2026-07-28,9,0.75,12.0,21.0,1.3,16.0,24.0,0.78,27.0,22.0
2026-07-28,10,0.76,14.0,22.0,1.41,18.0,25.0,0.77,26.0,22.0
2026-07-28,11,0.76,25.0,22.0,1.47,19.0,26.0,0.72,24.0,23.0
2026-07-28,12,0.75,13.0,23.0,1.46,15.0,27.0,0.66,25.0,23.0
2026-07-28,13,0.73,12.0,23.0,1.42,12.0,27.0,0.6,27.0,23.0
2026-07-28,14,0.69,9.0,23.0,1.37,11.0,26.0,0.5,23.0,23.0
2026-07-28,15,0.62,11.0,23.0,1.25,10.0,26.0,0.42,25.0,23.0
2026-07-28,16,0.53,10.0,22.0,1.1,11.0,26.0,0.33,23.0,23.0
2026-07-28,17,0.47,10.0,22.0,0.99,12.0,26.0,0.29,24.0,22.0
2026-07-28,18,0.43,11.0,22.0,0.9,12.0,25.0,0.27,21.0,22.0
2026-07-28,19,0.42,12.0,22.0,0.89,14.0,26.0,0.26,23.0,22.0
2026-07-28,20,0.42,14.0,22.0,0.87,13.0,25.0,0.27,25.0,22.0
2026-07-28,21,0.42,15.0,22.0,0.87,13.0,25.0,0.26,24.0,22.0
2026-07-28,22,0.42,13.0,22.0,0.89,15.0,25.0,0.26,21.0,22.0
2026-07-28,23,0.41,12.0,22.0,0.9,15.0,26.0,0.25,19.0,22.0
2026-07-28,24,0.4,10.0,22.0,0.91,13.0,26.0,0.23,18.0,22.0
2026-07-29,1,0.38,10.0,22.0,0.91,12.0,26.0,0.22,20.0,22.0
2026-07-29,2,0.36,7.0,22.0,0.89,10.0,26.0,0.2,17.0,22.0
2026-07-29,3,0.33,5.0,22.0,0.81,7.0,26.0,0.18,14.0,22.0
2026-07-29,4,0.3,4.0,22.0,0.77,6.0,26.0,0.16,13.0,21.0
2026-07-29,5,0.27,6.0,22.0,0.75,6.0,26.0,0.15,17.0,21.0
2026-07-29,6,0.26,10.0,21.0,0.71,14.0,25.0,0.16,23.0,19.0
2026-07-29,7,0.26,17.0,20.0,0.68,18.0,24.0,0.17,27.0,18.0
2026-07-29,8,0.29,19.0,19.0,0.71,20.0,22.0,0.19,29.0,17.0
2026-07-29,9,0.33,21.0,18.0,0.75,24.0,21.0,0.21,30.0,16.0
2026-07-29,10,0.35,19.0,17.0,0.79,18.0,21.0,0.22,29.0,16.0
2026-07-29,11,0.38,21.0,17.0,0.84,17.0,20.0,0.23,31.0,16.0
2026-07-29,12,0.39,15.0,17.0,0.86,13.0,20.0,0.24,27.0,15.0
2026-07-29,13,0.41,,17.0,0.9,19.0,20.0,0.26,30.0,15.0
2026-07-29,14,0.44,13.0,17.0,0.91,13.0,20.0,0.26,31.0,15.0
2026-07-29,15,0.43,17.0,17.0,0.91,21.0,20.0,0.26,34.0,16.0
2026-07-29,16,0.42,19.0,17.0,0.87,16.0,20.0,0.26,36.0,16.0
2026-07-29,17,0.39,20.0,17.0,0.84,18.0,20.0,0.25,36.0,16.0
2026-07-29,18,0.39,19.0,18.0,0.83,20.0,20.0,0.25,34.0,16.0
2026-07-29,19,0.4,21.0,18.0,0.85,20.0,20.0,0.25,31.0,16.0
2026-07-29,20,0.44,23.0,17.0,0.86,19.0,20.0,0.24,31.0,16.0
2026-07-29,21,0.47,24.0,18.0,0.84,20.0,20.0,0.24,31.0,16.0
2026-07-29,22,0.46,20.0,17.0,0.83,16.0,20.0,0.22,29.0,15.0
2026-07-29,23,0.47,18.0,17.0,0.82,16.0,19.0,0.21,28.0,15.0
2026-07-29,24,0.46,20.0,17.0,0.83,18.0,19.0,0.19,30.0,15.0
2026-07-30,1,0.44,16.0,17.0,0.81,14.0,19.0,0.18,29.0,15.0
2026-07-30,2,0.42,13.0,17.0,0.77,14.0,19.0,0.17,26.0,15.0
2026-07-30,3,0.39,10.0,17.0,0.71,9.0,18.0,0.16,26.0,15.0
2026-07-30,4,0.35,7.0,17.0,0.68,5.0,18.0,0.16,23.0,15.0
2026-07-30,5,0.31,10.0,17.0,0.66,9.0,18.0,0.15,22.0,15.0
2026-07-30,6,0.28,9.0,17.0,0.66,12.0,18.0,0.15,22.0,15.0
2026-07-30,7,0.27,11.0,17.0,0.65,15.0,18.0,0.16,28.0,14.0
2026-07-30,8,0.29,14.0,17.0,0.64,17.0,17.0,0.18,29.0,14.0
2026-07-30,9,0.31,16.0,16.0,0.64,15.0,17.0,0.18,28.0,14.0
2026-07-30,10,0.32,17.0,16.0,0.65,15.0,17.0,0.19,31.0,14.0
2026-07-30,11,0.33,14.0,16.0,0.66,14.0,16.0,0.2,31.0,14.0
2026-07-30,12,0.35,13.0,17.0,0.68,13.0,16.0,0.21,31.0,15.0
2026-07-31,13,1.2,14.0,31.0,1.14,15.0,33.0,0.66,29.0,32.0
2026-07-31,14,1.18,13.0,30.0,1.13,19.0,33.0,0.64,28.0,31.0
2026-07-31,15,1.09,16.0,30.0,1.09,17.0,33.0,0.58,27.0,31.0
2026-07-31,16,0.92,15.0,30.0,0.97,16.0,34.0,0.48,29.0,31.0
2026-07-31,17,0.67,17.0,30.0,0.85,21.0,34.0,0.34,33.0,32.0
2026-07-31,18,0.55,20.0,30.0,0.76,26.0,34.0,0.29,35.0,32.0
2026-07-31,19,0.56,25.0,29.0,0.77,24.0,34.0,0.29,34.0,32.0
2026-07-31,20,0.61,25.0,29.0,0.8,24.0,33.0,0.31,33.0,31.0
2026-07-31,21,0.69,26.0,28.0,0.85,23.0,32.0,0.3,29.0,30.0
2026-07-31,22,0.73,26.0,28.0,0.92,26.0,31.0,0.31,30.0,30.0
2026-07-31,23,0.75,22.0,27.0,0.99,26.0,31.0,0.32,29.0,29.0
2026-07-31,24,0.76,20.0,26.0,0.99,19.0,31.0,0.32,30.0,29.0
2026-08-01,1,0.76,20.0,25.0,1.0,22.0,31.0,0.33,32.0,28.0
2026-08-01,2,0.75,18.0,25.0,0.97,21.0,30.0,0.37,31.0,27.0
2026-08-01,3,0.72,17.0,24.0,0.92,13.0,29.0,0.39,33.0,26.0
2026-08-01,4,0.67,17.0,24.0,0.86,13.0,29.0,0.4,32.0,26.0
2026-08-01,5,0.57,15.0,23.0,0.83,20.0,29.0,0.41,30.0,26.0
2026-08-01,6,0.54,15.0,23.0,0.84,26.0,29.0,0.45,29.0,25.0
2026-08-01,7,0.59,17.0,22.0,0.94,30.0,30.0,0.58,34.0,26.0
2026-08-01,8,0.79,21.0,23.0,1.13,30.0,31.0,0.79,34.0,28.0
2026-08-01,9,1.0,25.0,24.0,1.35,37.0,33.0,1.02,37.0,30.0
2026-08-01,10,1.14,29.0,25.0,1.55,39.0,35.0,1.16,43.0,33.0
2026-08-01,11,1.23,43.0,27.0,1.77,38.0,38.0,1.21,46.0,35.0
2026-08-01,12,1.29,36.0,29.0,1.95,38.0,40.0,1.28,58.0,37.0
2026-08-01,13,0.37,12.0,12.0,0.92,11.0,9.0,,,
2026-08-01,14,0.38,13.0,12.0,0.95,11.0,10.0,,,
2026-08-01,15,0.38,8.0,12.0,0.97,11.0,11.0,,,
2026-08-01,16,0.38,7.0,11.0,0.99,10.0,12.0,,,
2026-08-01,17,0.38,8.0,11.0,1.0,21.0,13.0,,,
2026-08-01,18,0.39,11.0,11.0,1.02,16.0,14.0,,,
2026-08-01,19,0.41,14.0,11.0,1.04,17.0,15.0,,,
2026-08-01,20,0.46,16.0,12.0,1.11,20.0,16.0,,,
2026-08-01,21,0.5,17.0,13.0,1.17,18.0,18.0,,,
2026-08-01,22,0.55,17.0,13.0,1.19,17.0,19.0,,,
2026-08-01,23,0.61,16.0,14.0,1.22,15.0,20.0,,,
2026-08-01,24,0.67,13.0,14.0,1.24,15.0,21.0,,,
2026-08-02,1,0.72,13.0,14.0,1.22,15.0,21.0,,,
2026-08-02,2,0.71,12.0,14.0,1.17,11.0,21.0,,,
2026-08-02,3,0.67,9.0,15.0,1.09,8.0,21.0,,,
2026-08-02,4,0.61,8.0,15.0,0.95,8.0,21.0,,,
2026-08-02,5,0.55,7.0,15.0,0.83,8.0,21.0,,,
2026-08-02,6,0.49,5.0,15.0,0.76,7.0,21.0,,,
2026-08-02,7,0.42,5.0,15.0,0.71,10.0,21.0,,,
2026-08-02,8,0.36,6.0,15.0,0.67,9.0,21.0,,,
2026-08-02,9,0.31,6.0,15.0,0.64,9.0,20.0,,,
2026-08-02,10,0.3,8.0,15.0,0.65,12.0,20.0,,,
2026-08-02,11,0.3,8.0,15.0,0.68,10.0,19.0,,,
2026-08-02,12,0.32,9.0,15.0,0.71,9.0,19.0,,,
2026-08-02,13,0.33,9.0,15.0,0.72,9.0,18.0,,,
2026-08-02,14,0.36,10.0,15.0,0.75,10.0,18.0,,,
2026-08-02,15,0.38,11.0,16.0,0.77,10.0,17.0,,,
2026-08-02,16,0.4,11.0,16.0,0.8,10.0,17.0,,,
2026-08-02,17,0.42,11.0,16.0,0.82,12.0,17.0,,,
2026-08-02,18,0.44,15.0,16.0,0.84,14.0,17.0,,,
2026-08-02,19,0.47,15.0,15.0,0.89,17.0,17.0,,,
2026-08-02,20,0.51,17.0,15.0,0.99,17.0,16.0,,,
2026-08-02,21,0.56,18.0,15.0,1.1,19.0,16.0,,,
2026-08-02,22,0.61,17.0,15.0,1.14,17.0,16.0,,,
2026-08-02,23,0.62,17.0,15.0,1.17,17.0,16.0,,,
2026-08-02,24,0.62,15.0,14.0,1.14,16.0,16.0,,,
2026-08-03,1,0.61,14.0,14.0,1.14,15.0,16.0,,,
2026-08-03,2,0.59,11.0,14.0,1.11,11.0,16.0,,,
2026-08-03,3,0.55,9.0,14.0,1.03,8.0,16.0,,,
2026-08-03,4,0.5,9.0,14.0,0.91,8.0,16.0,,,
2026-08-03,5,0.44,9.0,14.0,0.79,8.0,16.0,,,
2026-08-03,6,0.38,11.0,14.0,0.71,7.0,16.0,,,
2026-08-03,7,0.36,14.0,14.0,0.66,10.0,16.0,,,
2026-08-03,8,0.37,17.0,14.0,0.67,9.0,16.0,,,
2026-08-03,9,0.4,17.0,15.0,0.64,9.0,16.0,,,
2026-08-03,10,0.42,17.0,15.0,0.65,12.0,16.0,,,
2026-08-03,11,0.42,15.0,15.0,0.68,10.0,16.0,,,
2026-08-03,12,0.44,13.0,15.0,0.71,9.0,16.0,,16.0,
2026-08-03,13,0.45,12.0,15.0,0.72,9.0,16.0,,21.0,
2026-08-03,14,0.46,13.0,15.0,0.75,10.0,16.0,,22.0,
2026-08-03,15,0.46,15.0,15.0,0.77,10.0,16.0,,25.0,
2026-08-03,16,0.46,17.0,15.0,0.8,10.0,16.0,,26.0,
2026-08-03,17,0.44,15.0,16.0,0.82,12.0,16.0,0.34,25.0,
2026-08-03,18,0.44,14.0,16.0,0.84,14.0,16.0,0.35,25.0,
2026-08-03,19,0.44,15.0,15.0,0.89,17.0,16.0,0.34,24.0,
2026-08-03,20,0.44,16.0,15.0,0.99,17.0,16.0,0.36,24.0,
2026-08-03,21,0.43,15.0,14.0,1.1,19.0,16.0,0.32,23.0,
2026-08-03,22,0.42,13.0,14.0,1.14,17.0,16.0,0.33,22.0,
2026-08-03,23,0.41,14.0,13.0,1.17,17.0,16.0,0.33,25.0,
2026-08-03,24,0.39,13.0,14.0,1.14,16.0,16.0,0.32,23.0,
2026-08-04,1,0.37,9.0,14.0,1.13,14.0,16.0,0.31,20.0,
2026-08-04,2,0.35,6.0,14.0,1.09,10.0,17.0,0.29,17.0,
2026-08-04,3,0.33,5.0,14.0,1.01,8.0,17.0,0.27,16.0,
2026-08-04,4,0.31,5.0,14.0,0.89,7.0,17.0,0.26,15.0,
2026-08-04,5,0.29,5.0,14.0,0.77,10.0,17.0,0.25,18.0,
2026-08-04,6,0.28,6.0,14.0,0.71,13.0,17.0,0.25,18.0,
2026-08-04,7,0.28,11.0,14.0,0.7,17.0,18.0,0.24,19.0,
2026-08-04,8,0.28,14.0,13.0,0.77,25.0,18.0,0.25,23.0,11.0
2026-08-04,9,0.3,17.0,13.0,0.82,22.0,20.0,0.26,26.0,12.0
2026-08-04,10,0.33,19.0,14.0,0.89,22.0,21.0,0.28,26.0,12.0
2026-08-04,11,0.35,21.0,15.0,0.95,22.0,22.0,0.29,24.0,12.0
2026-08-04,12,0.37,18.0,15.0,1.01,19.0,22.0,0.3,25.0,12.0
2026-08-04,13,0.39,15.0,15.0,1.07,18.0,23.0,0.3,24.0,12.0
2026-08-04,14,0.4,14.0,15.0,1.13,19.0,23.0,0.3,22.0,12.0
2026-08-04,15,0.41,12.0,14.0,1.13,14.0,22.0,0.3,26.0,12.0
2026-08-04,16,0.41,13.0,13.0,1.11,15.0,22.0,0.3,27.0,11.0
2026-08-04,17,0.4,14.0,13.0,1.07,17.0,22.0,0.28,24.0,11.0
2026-08-04,18,0.41,15.0,13.0,1.06,19.0,21.0,0.27,28.0,11.0
2026-08-04,19,0.43,17.0,12.0,1.05,18.0,21.0,0.27,30.0,11.0
2026-08-04,20,0.43,17.0,12.0,1.02,18.0,20.0,0.27,28.0,11.0
2026-08-04,21,0.44,17.0,12.0,0.98,18.0,19.0,0.27,28.0,11.0
2026-08-04,22,0.44,16.0,12.0,0.95,16.0,18.0,0.26,26.0,11.0
2026-08-04,23,0.44,16.0,11.0,0.92,16.0,18.0,0.26,30.0,11.0
2026-08-04,24,0.44,12.0,11.0,0.89,13.0,18.0,0.25,28.0,11.0
2026-08-05,1,0.43,10.0,11.0,0.86,11.0,18.0,0.24,25.0,12.0
2026-08-05,2,0.4,8.0,11.0,0.78,7.0,17.0,0.22,21.0,12.0
2026-08-05,3,0.36,8.0,10.0,0.75,7.0,17.0,0.2,21.0,11.0
2026-08-05,4,0.34,8.0,10.0,0.72,7.0,17.0,0.18,23.0,11.0
2026-08-05,5,0.32,7.0,10.0,0.69,7.0,17.0,0.17,32.0,11.0
2026-08-05,6,0.31,8.0,10.0,0.7,10.0,17.0,0.16,37.0,11.0
2026-08-05,7,0.32,12.0,11.0,0.74,17.0,16.0,0.16,45.0,11.0
2026-08-05,8,0.35,13.0,11.0,0.85,17.0,16.0,0.17,45.0,11.0
2026-08-05,9,0.4,13.0,11.0,0.95,17.0,16.0,0.2,43.0,11.0
2026-08-05,10,0.44,13.0,11.0,1.07,16.0,15.0,0.22,39.0,11.0
2026-08-05,11,0.47,14.0,10.0,1.19,16.0,15.0,0.23,23.0,11.0
2026-08-05,12,0.5,15.0,9.0,1.3,16.0,15.0,0.25,26.0,11.0
2026-08-05,13,0.53,16.0,9.0,1.41,16.0,16.0,0.26,28.0,12.0
2026-08-05,14,0.54,15.0,9.0,1.5,19.0,17.0,0.27,18.0,11.0
2026-08-05,15,0.53,13.0,9.0,1.53,20.0,18.0,0.27,23.0,12.0
2026-08-05,16,0.51,16.0,10.0,1.5,18.0,18.0,0.26,24.0,12.0
2026-08-05,17,0.49,17.0,11.0,1.48,19.0,19.0,0.23,29.0,12.0
2026-08-05,18,0.5,20.0,12.0,1.49,20.0,20.0,0.23,33.0,12.0
2026-08-05,19,0.53,21.0,13.0,1.44,18.0,21.0,0.26,28.0,12.0
2026-08-05,20,0.54,20.0,13.0,1.37,20.0,21.0,0.28,26.0,13.0
2026-08-05,21,0.53,18.0,14.0,1.31,17.0,22.0,0.27,24.0,14.0
2026-08-05,22,0.54,19.0,15.0,1.23,16.0,22.0,0.28,23.0,13.0
2026-08-05,23,0.55,19.0,16.0,1.17,16.0,23.0,0.27,25.0,13.0
2026-08-05,24,0.54,15.0,16.0,1.09,12.0,23.0,0.27,35.0,13.0
2026-08-06,1,0.52,12.0,17.0,1.01,10.0,23.0,0.27,,13.0
2026-08-06,2,0.47,10.0,17.0,0.9,10.0,23.0,0.27,,13.0
2026-08-06,3,0.41,9.0,17.0,0.84,8.0,23.0,,,14.0
2026-08-06,4,0.38,8.0,17.0,0.8,8.0,22.0,,,14.0
2026-08-06,5,0.36,9.0,17.0,0.75,9.0,23.0,,,15.0
2026-08-06,6,0.34,12.0,18.0,0.73,13.0,22.0,,,
2026-08-06,7,0.33,13.0,17.0,0.74,15.0,23.0,,,
2026-08-06,8,0.35,16.0,17.0,0.81,18.0,22.0,,,
2026-08-06,9,0.37,16.0,17.0,0.84,17.0,22.0,,,
2026-08-06,10,0.4,16.0,17.0,0.91,20.0,21.0,,,
2026-08-06,11,0.44,17.0,17.0,1.03,23.0,21.0,,,
2026-08-06,12,0.48,17.0,17.0,1.18,22.0,21.0,,,
2026-08-06,13,0.51,15.0,17.0,1.3,22.0,20.0,,,
2026-08-06,14,0.52,13.0,17.0,1.36,18.0,20.0,,,
2026-08-06,15,0.53,13.0,16.0,1.39,16.0,19.0,,,
2026-08-06,16,0.5,13.0,15.0,1.37,19.0,19.0,,,
2026-08-06,17,0.5,14.0,14.0,1.38,17.0,18.0,,,
2026-08-06,18,0.47,12.0,14.0,1.39,17.0,17.0,,,
2026-08-06,19,0.43,10.0,13.0,1.33,18.0,17.0,,,
2026-08-06,20,0.39,10.0,12.0,1.25,21.0,17.0,,,
2026-08-06,21,0.37,11.0,11.0,1.21,18.0,17.0,,,
2026-08-06,22,0.35,10.0,11.0,1.14,12.0,16.0,,,
2026-08-06,23,0.34,9.0,11.0,1.09,13.0,16.0,,,
2026-08-06,24,0.33,8.0,10.0,1.04,11.0,16.0,,,
2026-08-07,1,0.3,6.0,10.0,1.0,12.0,16.0,,,
2026-08-07,2,0.29,6.0,10.0,0.93,9.0,16.0,,,
2026-08-07,3,0.29,5.0,10.0,0.85,10.0,16.0,,,
2026-08-07,4,0.28,4.0,10.0,0.77,6.0,17.0,,,
2026-08-07,5,0.27,5.0,10.0,0.68,7.0,17.0,,,
2026-08-07,6,0.28,9.0,10.0,0.67,12.0,17.0,,,
2026-08-07,7,0.29,14.0,10.0,0.66,17.0,16.0,,,
2026-08-07,8,0.33,18.0,10.0,0.72,20.0,16.0,,,
2026-08-07,9,0.4,20.0,10.0,0.78,23.0,17.0,,,
2026-08-07,10,0.47,21.0,10.0,0.86,21.0,17.0,,,
2026-08-07,11,0.52,20.0,10.0,0.93,23.0,18.0,,,
2026-08-07,12,0.57,15.0,,0.99,19.0,17.0,0.37,,
2026-08-07,13,0.59,11.0,,1.04,16.0,17.0,0.36,,
2026-08-07,14,0.6,10.0,,1.07,16.0,17.0,0.35,,
2026-08-07,15,0.61,10.0,,1.08,15.0,17.0,0.38,,
2026-08-07,16,0.59,11.0,,1.03,16.0,17.0,0.42,19.0,
2026-08-07,17,0.56,16.0,,0.97,16.0,17.0,0.42,26.0,
2026-08-07,18,0.54,18.0,,0.92,17.0,17.0,0.37,30.0,
2026-08-07,19,0.54,21.0,,0.89,20.0,17.0,0.4,34.0,
2026-08-07,20,0.55,23.0,,0.89,22.0,18.0,0.44,33.0,
2026-08-07,21,0.57,22.0,,0.9,20.0,17.0,0.45,30.0,
2026-08-07,22,0.58,19.0,,0.88,17.0,17.0,0.47,27.0,
2026-08-07,23,0.6,17.0,,0.87,16.0,17.0,0.49,27.0,
2026-08-07,24,0.61,16.0,,0.85,12.0,17.0,0.5,24.0,
2026-08-08,1,0.58,14.0,,0.84,11.0,17.0,0.49,21.0,
2026-08-08,2,0.56,12.0,,0.81,9.0,17.0,0.46,18.0,16.0
2026-08-08,3,0.53,12.0,,0.77,9.0,17.0,0.4,16.0,15.0
2026-08-08,4,0.48,9.0,,0.71,7.0,17.0,0.35,16.0,15.0
2026-08-08,5,0.44,8.0,,0.66,8.0,16.0,0.32,16.0,14.0
2026-08-08,6,0.43,11.0,,0.65,13.0,16.0,0.31,18.0,14.0
2026-08-08,7,0.43,14.0,,0.65,16.0,16.0,0.3,23.0,13.0
2026-08-08,8,0.42,15.0,,0.66,16.0,16.0,0.3,25.0,13.0
2026-08-08,9,0.42,14.0,,0.7,15.0,16.0,0.31,23.0,13.0
2026-08-08,10,0.43,13.0,,0.75,15.0,16.0,0.31,19.0,12.0
2026-08-08,11,0.44,13.0,,0.78,15.0,15.0,0.32,21.0,12.0
2026-08-08,12,0.45,10.0,,0.82,15.0,15.0,0.33,17.0,11.0
2026-08-08,13,0.46,10.0,,0.85,14.0,15.0,0.33,15.0,12.0
2026-08-08,14,0.46,10.0,,0.87,14.0,15.0,0.32,16.0,12.0
2026-08-08,15,0.45,8.0,,0.88,13.0,15.0,0.3,17.0,12.0
2026-08-08,16,0.44,9.0,,0.88,13.0,15.0,0.29,16.0,12.0
2026-08-08,17,0.42,9.0,,0.87,14.0,14.0,0.27,16.0,12.0
2026-08-08,18,0.41,10.0,,0.85,18.0,14.0,0.25,20.0,11.0
2026-08-08,19,0.4,14.0,,0.87,19.0,14.0,0.24,23.0,11.0
2026-08-08,20,0.41,19.0,,0.9,21.0,15.0,0.24,28.0,11.0
2026-08-08,21,0.44,23.0,,0.96,25.0,15.0,0.26,32.0,11.0
2026-08-08,22,0.49,24.0,,1.01,26.0,16.0,0.31,35.0,12.0
2026-08-08,23,0.55,25.0,,1.08,26.0,17.0,0.37,35.0,13.0
2026-08-08,24,0.62,24.0,,1.14,27.0,18.0,0.43,34.0,14.0
2026-08-09,1,0.69,23.0,,1.2,24.0,19.0,0.47,33.0,15.0
2026-08-09,2,0.75,23.0,,1.24,23.0,21.0,0.52,30.0,16.0
2026-08-09,3,0.8,21.0,,1.25,22.0,22.0,0.55,30.0,17.0
2026-08-09,4,0.8,17.0,,1.22,20.0,23.0,0.56,26.0,18.0
2026-08-09,5,0.79,16.0,,1.17,15.0,24.0,0.53,22.0,18.0
2026-08-09,6,0.74,12.0,,1.1,16.0,25.0,0.49,22.0,19.0
2026-08-09,7,0.69,13.0,,1.08,17.0,25.0,0.43,25.0,19.0
2026-08-09,8,0.63,14.0,,1.06,18.0,25.0,0.38,28.0,19.0
2026-08-09,9,0.59,15.0,,1.04,18.0,25.0,0.33,25.0,19.0
2026-08-09,10,0.54,13.0,,1.01,14.0,25.0,0.29,20.0,19.0
2026-08-09,11,0.49,9.0,,1.0,15.0,25.0,0.25,18.0,19.0
2026-08-09,12,0.48,9.0,,0.99,13.0,25.0,0.22,17.0,19.0
2026-08-09,13,0.47,8.0,,0.98,11.0,25.0,0.21,16.0,19.0
2026-08-09,14,0.47,8.0,,0.98,11.0,25.0,0.21,14.0,19.0
2026-08-09,15,0.45,6.0,,0.93,12.0,25.0,0.21,10.0,19.0
2026-08-09,16,0.44,7.0,,0.89,12.0,25.0,0.19,12.0,19.0
2026-08-09,17,0.42,8.0,,0.85,12.0,25.0,0.19,13.0,19.0
2026-08-09,18,0.41,11.0,,0.83,15.0,25.0,0.19,12.0,19.0
2026-08-09,19,0.41,15.0,,0.83,21.0,25.0,0.18,13.0,19.0
2026-08-09,20,0.43,19.0,,0.86,23.0,25.0,0.2,21.0,19.0
2026-08-09,21,0.44,18.0,,0.89,23.0,25.0,0.21,22.0,19.0
2026-08-09,22,0.45,21.0,,0.93,23.0,25.0,0.22,25.0,19.0
2026-08-09,23,0.47,19.0,,0.98,19.0,25.0,0.25,28.0,19.0
2026-08-09,24,0.48,17.0,,1.0,19.0,24.0,0.26,25.0,19.0
2026-08-10,1,0.48,14.0,,1.01,18.0,23.0,0.27,21.0,18.0
2026-08-10,2,0.49,12.0,,1.0,15.0,22.0,0.28,21.0,17.0
2026-08-10,3,0.48,10.0,,0.96,14.0,22.0,0.27,18.0,17.0
2026-08-10,4,0.45,8.0,,0.9,11.0,21.0,0.26,17.0,16.0
2026-08-10,5,0.43,9.0,,0.85,12.0,21.0,0.24,18.0,15.0
2026-08-10,6,0.42,14.0,,0.81,16.0,20.0,0.21,20.0,15.0
2026-08-10,7,0.42,18.0,,0.78,22.0,20.0,0.19,22.0,15.0
2026-08-10,8,0.46,20.0,,0.8,25.0,21.0,0.18,26.0,15.0
2026-08-10,9,0.52,21.0,,0.86,22.0,22.0,0.19,27.0,16.0
2026-08-10,10,0.56,23.0,,0.93,29.0,23.0,0.21,27.0,17.0
2026-08-10,11,0.59,22.0,,1.02,26.0,24.0,0.21,22.0,18.0
2026-08-10,12,0.61,14.0,,1.08,23.0,25.0,0.2,14.0,18.0
2026-08-10,13,0.62,12.0,,1.14,23.0,26.0,0.2,14.0,18.0
2026-08-10,14,0.61,12.0,,1.16,18.0,27.0,0.22,24.0,19.0
2026-08-10,15,0.6,13.0,,1.11,20.0,27.0,0.24,25.0,19.0
2026-08-10,16,0.56,14.0,,1.05,23.0,28.0,0.26,30.0,19.0
2026-08-10,17,0.5,16.0,,0.98,23.0,29.0,0.26,30.0,20.0
2026-08-10,18,0.46,16.0,,0.9,22.0,29.0,0.27,30.0,20.0
2026-08-10,19,0.44,19.0,,0.82,24.0,29.0,0.29,,20.0
2026-08-10,20,0.44,18.0,,0.76,24.0,29.0,0.32,24.0,20.0
2026-08-10,21,0.44,16.0,,0.69,22.0,29.0,0.33,26.0,20.0
2026-08-10,22,0.44,17.0,,0.63,23.0,28.0,0.33,24.0,20.0
2026-08-10,23,0.43,15.0,,0.62,21.0,28.0,0.32,23.0,19.0
2026-08-10,24,0.43,15.0,,0.58,16.0,28.0,0.31,25.0,19.0
2026-08-11,1,0.42,16.0,,0.53,14.0,27.0,0.29,23.0,19.0
2026-08-11,2,0.4,16.0,,0.49,11.0,27.0,0.26,24.0,19.0
2026-08-11,3,0.39,17.0,,0.43,8.0,27.0,0.25,24.0,19.0
2026-08-11,4,0.37,17.0,,0.39,9.0,27.0,0.24,25.0,19.0
2026-08-11,5,0.36,21.0,,0.37,15.0,27.0,0.25,30.0,20.0
2026-08-11,6,0.37,23.0,,0.35,17.0,27.0,0.26,30.0,20.0
2026-08-11,7,0.39,26.0,,0.34,27.0,27.0,0.26,29.0,20.0
2026-08-11,8,0.42,27.0,,0.38,28.0,27.0,0.28,30.0,20.0
2026-08-11,9,0.45,26.0,21.0,0.42,27.0,26.0,0.3,33.0,20.0
2026-08-11,10,0.47,21.0,20.0,0.46,29.0,26.0,0.31,32.0,20.0
2026-08-11,11,0.48,16.0,20.0,0.51,25.0,25.0,0.32,28.0,20.0
2026-08-11,12,0.48,15.0,20.0,0.56,25.0,24.0,0.33,29.0,20.0
2026-08-11,13,0.49,14.0,20.0,0.61,28.0,24.0,0.33,27.0,20.0
2026-08-11,14,0.48,13.0,21.0,0.65,19.0,23.0,0.31,28.0,19.0
2026-08-11,15,0.46,12.0,20.0,0.68,22.0,23.0,0.3,24.0,19.0
2026-08-11,16,0.42,14.0,20.0,0.68,26.0,23.0,0.28,29.0,19.0
2026-08-11,17,0.39,14.0,19.0,0.68,22.0,23.0,0.27,28.0,19.0
2026-08-11,18,0.38,14.0,19.0,0.68,23.0,23.0,0.25,24.0,19.0
2026-08-11,19,0.38,19.0,19.0,0.65,21.0,22.0,0.24,24.0,19.0
2026-08-11,20,0.38,21.0,19.0,0.64,26.0,22.0,0.24,22.0,19.0
2026-08-11,21,0.39,23.0,20.0,0.6,20.0,22.0,0.23,21.0,19.0
2026-08-11,22,0.39,19.0,20.0,0.57,16.0,22.0,0.22,20.0,19.0
2026-08-11,23,0.39,13.0,20.0,0.54,15.0,22.0,0.22,18.0,19.0
2026-08-11,24,0.39,11.0,20.0,0.51,13.0,22.0,0.2,19.0,18.0
2026-08-12,1,0.38,10.0,20.0,0.47,13.0,22.0,0.19,19.0,18.0
2026-08-12,2,0.37,7.0,20.0,0.44,11.0,23.0,0.18,19.0,18.0
2026-08-12,3,0.35,6.0,20.0,0.42,8.0,23.0,0.17,16.0,18.0
2026-08-12,4,0.33,5.0,20.0,0.39,7.0,23.0,0.15,16.0,18.0
2026-08-12,5,0.31,6.0,19.0,0.37,7.0,22.0,0.13,18.0,18.0
2026-08-12,6,0.29,7.0,19.0,0.37,14.0,22.0,0.13,19.0,18.0
2026-08-12,7,0.29,13.0,19.0,0.37,15.0,22.0,0.13,22.0,17.0
2026-08-12,8,0.3,17.0,18.0,0.39,23.0,22.0,0.14,23.0,17.0
2026-08-12,9,0.31,18.0,18.0,0.41,23.0,22.0,0.15,28.0,17.0
2026-08-12,10,0.32,18.0,18.0,0.47,21.0,21.0,0.16,23.0,17.0
2026-08-12,11,0.34,17.0,18.0,0.52,20.0,21.0,0.16,23.0,16.0
2026-08-12,12,0.35,15.0,18.0,0.57,23.0,21.0,0.17,26.0,16.0
2026-08-12,13,0.37,14.0,18.0,0.62,20.0,20.0,0.19,27.0,16.0
2026-08-12,14,0.38,,17.0,0.66,22.0,20.0,0.2,26.0,16.0
2026-08-12,15,0.37,,18.0,0.71,24.0,21.0,0.2,23.0,16.0
2026-08-12,16,0.37,18.0,18.0,0.73,22.0,21.0,0.2,25.0,15.0
2026-08-12,17,0.37,18.0,18.0,0.75,23.0,21.0,0.2,25.0,16.0
2026-08-12,18,0.36,18.0,18.0,0.75,23.0,21.0,0.21,25.0,16.0
2026-08-12,19,0.35,15.0,18.0,0.78,28.0,22.0,0.22,27.0,16.0
2026-08-12,20,0.35,14.0,18.0,0.77,23.0,22.0,0.22,23.0,17.0
2026-08-12,21,0.34,15.0,18.0,0.75,22.0,22.0,0.22,20.0,17.0
2026-08-12,22,0.34,15.0,18.0,0.72,19.0,22.0,0.23,22.0,17.0
2026-08-12,23,0.34,13.0,18.0,0.67,15.0,22.0,0.23,19.0,17.0
2026-08-12,24,0.32,9.0,18.0,0.64,21.0,22.0,0.22,17.0,17.0
2026-08-13,1,0.3,10.0,17.0,0.6,18.0,23.0,0.22,25.0,18.0
2026-08-13,2,0.28,8.0,17.0,0.54,14.0,22.0,0.21,26.0,18.0
2026-08-13,3,0.26,8.0,17.0,0.46,14.0,22.0,0.21,25.0,18.0
2026-08-13,4,0.23,9.0,17.0,0.41,14.0,22.0,0.21,23.0,18.0
2026-08-13,5,0.22,9.0,17.0,0.38,15.0,22.0,0.2,24.0,18.0
2026-08-13,6,0.21,10.0,17.0,0.37,22.0,23.0,0.19,24.0,18.0
2026-08-13,7,0.21,14.0,17.0,0.38,26.0,23.0,0.19,26.0,18.0
2026-08-13,8,0.23,19.0,17.0,0.4,34.0,23.0,0.2,30.0,17.0
2026-08-13,9,0.26,20.0,17.0,0.44,31.0,23.0,0.21,31.0,18.0
2026-08-13,10,0.29,21.0,18.0,0.51,38.0,23.0,0.21,31.0,18.0
2026-08-13,11,0.32,21.0,18.0,0.57,32.0,23.0,0.22,31.0,18.0
2026-08-13,12,0.35,21.0,19.0,0.64,30.0,24.0,0.24,28.0,18.0
2026-08-13,13,0.37,20.0,19.0,0.71,27.0,25.0,0.25,24.0,18.0
2026-08-13,14,0.38,19.0,19.0,0.76,28.0,25.0,0.26,24.0,18.0
2026-08-13,15,0.39,21.0,20.0,0.81,36.0,25.0,0.27,28.0,19.0
2026-08-13,16,0.39,21.0,20.0,0.83,31.0,25.0,0.27,25.0,19.0
2026-08-13,17,0.38,18.0,20.0,0.85,33.0,26.0,0.26,26.0,18.0
2026-08-13,18,0.39,22.0,21.0,0.83,26.0,26.0,0.26,30.0,19.0
2026-08-13,19,0.39,23.0,21.0,0.84,31.0,25.0,0.25,29.0,18.0
2026-08-13,20,0.4,22.0,21.0,0.83,28.0,25.0,0.24,27.0,18.0
2026-08-13,21,0.43,23.0,22.0,0.84,26.0,26.0,0.24,27.0,19.0
2026-08-13,22,0.45,23.0,22.0,0.82,20.0,26.0,0.25,27.0,19.0
2026-08-13,23,0.45,21.0,23.0,0.77,23.0,26.0,0.24,25.0,19.0
2026-08-13,24,0.45,19.0,23.0,0.73,18.0,26.0,0.23,22.0,19.0
2026-08-14,1,0.44,16.0,23.0,0.68,18.0,26.0,0.23,23.0,19.0
2026-08-14,2,0.42,13.0,23.0,0.64,16.0,26.0,0.21,23.0,19.0
2026-08-14,3,0.39,8.0,23.0,0.58,10.0,27.0,0.2,19.0,19.0
2026-08-14,4,0.36,6.0,23.0,0.52,10.0,27.0,0.18,19.0,20.0
2026-08-14,5,0.32,6.0,23.0,0.45,11.0,27.0,0.16,20.0,20.0
2026-08-14,6,0.28,7.0,24.0,0.41,11.0,27.0,0.14,25.0,20.0
2026-08-14,7,0.26,11.0,24.0,0.41,21.0,28.0,0.15,28.0,21.0
2026-08-14,8,0.26,15.0,24.0,0.45,28.0,28.0,0.16,28.0,21.0
2026-08-14,9,0.27,15.0,23.0,0.46,26.0,27.0,0.18,30.0,21.0
2026-08-14,10,0.29,15.0,23.0,0.51,28.0,27.0,0.19,30.0,20.0
2026-08-14,11,0.31,15.0,23.0,0.58,26.0,27.0,0.21,35.0,20.0
2026-08-14,12,0.34,14.0,23.0,0.64,22.0,26.0,0.22,32.0,21.0
2026-08-14,13,0.38,14.0,23.0,0.67,18.0,26.0,0.23,32.0,21.0
2026-08-14,14,0.41,14.0,22.0,0.73,20.0,25.0,0.24,29.0,21.0
2026-08-14,15,0.43,15.0,22.0,0.78,21.0,24.0,0.25,30.0,21.0
2026-08-14,16,0.46,16.0,21.0,0.82,22.0,24.0,0.25,28.0,21.0
2026-08-14,17,0.49,18.0,21.0,0.86,24.0,24.0,0.25,26.0,21.0
2026-08-14,18,0.53,18.0,20.0,0.89,29.0,24.0,0.26,28.0,21.0
2026-08-14,19,0.55,19.0,20.0,0.87,24.0,23.0,0.26,28.0,20.0
2026-08-14,20,0.56,20.0,19.0,0.83,22.0,23.0,0.26,27.0,20.0
2026-08-14,21,0.57,19.0,19.0,0.85,25.0,23.0,0.27,30.0,20.0
2026-08-14,22,0.58,20.0,19.0,0.82,25.0,22.0,0.27,30.0,20.0
2026-08-14,23,0.58,20.0,19.0,0.77,25.0,22.0,0.26,30.0,20.0
2026-08-14,24,0.56,19.0,19.0,0.7,23.0,23.0,0.25,28.0,20.0
2026-08-15,1,0.53,15.0,19.0,0.64,17.0,23.0,0.25,25.0,20.0
2026-08-15,2,0.48,11.0,19.0,0.58,14.0,23.0,0.23,21.0,19.0
2026-08-15,3,0.44,8.0,19.0,0.53,11.0,23.0,0.22,19.0,19.0
2026-08-15,4,0.41,6.0,18.0,0.51,9.0,22.0,0.21,17.0,19.0
2026-08-15,5,0.36,5.0,18.0,0.46,10.0,22.0,0.19,17.0,19.0
2026-08-15,6,0.32,6.0,18.0,0.42,7.0,22.0,0.18,17.0,18.0
2026-08-15,7,0.3,8.0,18.0,0.39,8.0,21.0,0.18,21.0,18.0
2026-08-15,8,0.28,9.0,18.0,0.4,19.0,21.0,0.18,24.0,18.0
2026-08-15,9,0.27,12.0,18.0,0.4,17.0,21.0,0.17,24.0,18.0
2026-08-15,10,0.28,14.0,18.0,0.42,19.0,22.0,0.17,21.0,18.0
2026-08-15,11,0.3,15.0,19.0,0.46,17.0,22.0,0.17,22.0,18.0
2026-08-15,12,0.33,14.0,18.0,0.5,15.0,22.0,0.18,25.0,18.0
2026-08-15,13,0.37,14.0,18.0,0.52,20.0,22.0,0.2,26.0,18.0
2026-08-15,14,0.4,15.0,18.0,0.56,18.0,22.0,0.22,28.0,18.0
2026-08-15,15,0.43,14.0,19.0,0.62,18.0,22.0,0.24,28.0,18.0
2026-08-15,16,0.46,15.0,19.0,0.65,20.0,22.0,0.25,26.0,18.0
2026-08-15,17,0.49,16.0,19.0,0.68,17.0,21.0,0.24,27.0,17.0
2026-08-15,18,0.53,16.0,18.0,0.68,19.0,21.0,0.25,26.0,17.0
2026-08-15,19,0.56,15.0,18.0,0.7,23.0,21.0,0.27,27.0,17.0
2026-08-15,20,0.58,15.0,18.0,0.73,23.0,20.0,0.27,26.0,16.0
2026-08-15,21,0.59,14.0,18.0,0.79,19.0,20.0,0.27,25.0,16.0
2026-08-15,22,0.61,13.0,18.0,0.83,21.0,20.0,0.26,24.0,16.0
2026-08-15,23,0.63,12.0,17.0,0.81,18.0,19.0,0.27,24.0,15.0
2026-08-15,24,0.64,12.0,17.0,0.79,16.0,19.0,0.27,23.0,15.0
2026-08-16,1,0.63,12.0,17.0,0.76,17.0,19.0,0.29,21.0,15.0
2026-08-16,2,0.61,12.0,17.0,0.73,14.0,19.0,0.3,21.0,15.0
2026-08-16,3,0.58,11.0,17.0,0.68,11.0,19.0,0.29,25.0,15.0
2026-08-16,4,0.55,9.0,16.0,0.63,10.0,19.0,0.29,21.0,14.0
2026-08-16,5,0.51,8.0,16.0,0.56,12.0,19.0,0.28,20.0,14.0
2026-08-16,6,0.47,8.0,16.0,0.51,16.0,19.0,0.29,22.0,14.0
2026-08-16,7,0.44,9.0,16.0,0.52,20.0,18.0,0.31,24.0,14.0
2026-08-16,8,0.43,9.0,16.0,0.54,21.0,18.0,0.39,24.0,14.0
2026-08-16,9,0.42,10.0,15.0,0.55,19.0,18.0,0.42,26.0,14.0
2026-08-16,10,0.41,12.0,15.0,0.57,20.0,17.0,0.43,25.0,14.0
2026-08-16,11,0.4,16.0,15.0,0.59,17.0,17.0,0.44,26.0,13.0
2026-08-16,12,0.41,14.0,14.0,0.62,20.0,17.0,0.44,28.0,13.0
2026-08-16,13,0.42,10.0,13.0,0.67,19.0,17.0,0.45,20.0,13.0
2026-08-16,14,0.43,11.0,13.0,0.71,22.0,17.0,0.44,22.0,13.0
2026-08-16,15,0.45,13.0,14.0,0.73,23.0,17.0,0.44,24.0,13.0
2026-08-16,16,0.45,11.0,14.0,0.73,23.0,18.0,0.37,22.0,13.0
2026-08-16,17,0.45,10.0,14.0,0.77,19.0,19.0,0.33,17.0,13.0
2026-08-16,18,0.46,11.0,15.0,0.8,16.0,19.0,0.31,16.0,13.0
2026-08-16,19,0.49,12.0,15.0,0.86,22.0,19.0,0.31,22.0,13.0
2026-08-16,20,0.54,13.0,15.0,0.94,20.0,20.0,0.32,26.0,13.0
2026-08-16,21,0.58,13.0,15.0,1.0,23.0,21.0,0.34,25.0,13.0
2026-08-16,22,0.6,14.0,16.0,1.04,20.0,21.0,0.34,22.0,14.0
2026-08-16,23,0.58,11.0,16.0,1.06,20.0,21.0,0.32,20.0,14.0
2026-08-16,24,0.57,10.0,16.0,1.08,21.0,21.0,0.3,18.0,14.0
2026-08-17,1,0.56,10.0,16.0,1.05,19.0,21.0,0.3,19.0,14.0
2026-08-17,2,0.54,10.0,16.0,1.01,17.0,21.0,0.29,19.0,13.0
2026-08-17,3,0.5,8.0,16.0,0.95,13.0,21.0,0.28,16.0,13.0
2026-08-17,4,0.44,6.0,16.0,0.85,11.0,21.0,0.25,14.0,13.0
2026-08-17,5,0.38,4.0,16.0,0.74,9.0,20.0,0.22,11.0,13.0
2026-08-17,6,0.33,4.0,16.0,0.65,9.0,20.0,0.19,12.0,13.0
2026-08-17,7,0.31,6.0,15.0,0.56,7.0,20.0,0.17,14.0,13.0
2026-08-17,8,0.29,6.0,15.0,0.5,9.0,20.0,0.17,13.0,12.0
2026-08-17,9,0.27,6.0,15.0,0.47,11.0,20.0,0.16,13.0,12.0
2026-08-17,10,0.26,5.0,15.0,0.45,14.0,20.0,0.15,12.0,12.0
2026-08-17,11,0.26,5.0,15.0,0.45,16.0,20.0,0.14,11.0,12.0
2026-08-17,12,0.26,5.0,15.0,0.45,17.0,20.0,0.14,10.0,12.0
2026-08-17,13,0.26,6.0,15.0,0.48,19.0,20.0,0.15,9.0,12.0
2026-08-17,14,0.27,7.0,15.0,0.52,17.0,20.0,0.15,10.0,11.0
2026-08-17,15,0.28,8.0,15.0,0.55,20.0,20.0,0.16,11.0,11.0
2026-08-17,16,0.29,7.0,15.0,0.58,16.0,20.0,0.16,11.0,11.0
2026-08-17,17,0.3,8.0,14.0,0.6,13.0,19.0,0.17,15.0,11.0
2026-08-17,18,0.31,8.0,14.0,0.59,13.0,19.0,0.17,15.0,11.0
2026-08-17,19,0.31,7.0,14.0,0.6,12.0,19.0,0.18,15.0,11.0
2026-08-17,20,0.31,8.0,14.0,0.6,15.0,19.0,0.18,12.0,11.0
2026-08-17,21,0.32,9.0,14.0,0.6,15.0,19.0,0.18,15.0,11.0
2026-08-17,22,0.32,8.0,13.0,0.58,16.0,18.0,0.18,14.0,11.0
2026-08-17,23,0.31,7.0,13.0,0.57,13.0,18.0,0.17,12.0,11.0
2026-08-17,24,0.3,6.0,13.0,0.55,11.0,18.0,0.17,10.0,11.0
2026-08-18,1,0.29,4.0,13.0,0.53,10.0,18.0,0.16,8.0,11.0
2026-08-18,2,0.27,4.0,13.0,0.5,7.0,18.0,0.15,7.0,11.0
2026-08-18,3,0.26,4.0,13.0,0.47,7.0,17.0,0.14,7.0,11.0
2026-08-18,4,0.25,4.0,13.0,0.42,7.0,17.0,0.13,8.0,10.0
2026-08-18,5,0.23,5.0,13.0,0.39,11.0,17.0,0.13,9.0,10.0
2026-08-18,6,0.23,5.0,13.0,0.4,16.0,17.0,0.12,9.0,10.0
2026-08-18,7,0.23,8.0,13.0,0.42,25.0,18.0,0.12,15.0,10.0
2026-08-18,8,0.25,11.0,13.0,0.46,24.0,19.0,0.13,20.0,10.0
2026-08-18,9,0.27,14.0,13.0,0.54,23.0,19.0,0.14,22.0,11.0
2026-08-18,10,0.3,15.0,14.0,0.61,26.0,20.0,0.15,21.0,12.0
2026-08-18,11,0.32,13.0,14.0,0.71,21.0,21.0,0.16,19.0,12.0
2026-08-18,12,0.34,13.0,14.0,0.68,0.0,20.0,0.17,19.0,13.0
