marca,modelo,anio,clase,traccion,combustible,transmision,cilindros,cilindrada,mpg_ciudad,mpg_ruta,mpg_combinado,co2_g_milla,barriles_anio,costo_combustible_anio,puntaje_gei,ahorro_5anios
Jaguar,F-Type R AWD Coupe,2024,Two Seaters,All-Wheel Drive,Premium,Automatic (S8),8.0,5.0,16,24,18,481.0,16.528,4200,4,-10000
Jaguar,F-Type R AWD Convertible,2024,Two Seaters,All-Wheel Drive,Premium,Automatic (S8),8.0,5.0,16,24,18,481.0,16.528,4200,4,-10000
Jaguar,F-Type P450 RWD Coupe,2024,Two Seaters,Rear-Wheel Drive,Premium,Automatic (S8),8.0,5.0,17,24,19,460.0,15.658,4000,4,-9000
Jaguar,F-Type P450 RWD Convertible,2024,Two Seaters,Rear-Wheel Drive,Premium,Automatic (S8),8.0,5.0,17,24,19,460.0,15.658,4000,4,-9000
Jaguar,F-Type P450 AWD R-Dynamic Coupe,2024,Two Seaters,All-Wheel Drive,Premium,Automatic (S8),8.0,5.0,16,24,18,481.0,16.528,4200,4,-10000
Jaguar,F-Type P450 AWD R-Dynamic Convertible,2024,Two Seaters,All-Wheel Drive,Premium,Automatic (S8),8.0,5.0,16,24,18,481.0,16.528,4200,4,-10000
Chevrolet,Trax,2024,Small Station Wagons,Front-Wheel Drive,Regular,Automatic 6-spd,3.0,1.2,28,32,30,298.0,9.917,2050,6,750
Jaguar,E-Pace,2024,Small Sport Utility Vehicle 4WD,All-Wheel Drive,Premium,Automatic (S9),4.0,2.0,20,26,23,398.0,12.935,3300,5,-5500
Land Rover,Range Rover Evoque,2024,Small Sport Utility Vehicle 4WD,All-Wheel Drive,Premium,Automatic (S9),4.0,2.0,20,27,22,398.0,13.523,3450,5,-6250
Land Rover,Discovery Sport,2024,Small Sport Utility Vehicle 4WD,All-Wheel Drive,Premium,Automatic (S9),4.0,2.0,19,23,20,437.0,14.876,3800,4,-8000
Kia,Seltos FWD,2024,Small Sport Utility Vehicle 2WD,Front-Wheel Drive,Regular,Automatic (AV-S8),4.0,2.0,28,34,31,288.0,9.597,2000,6,1000
Kia,Seltos AWD,2024,Small Sport Utility Vehicle 4WD,All-Wheel Drive,Regular,Automatic (S8),4.0,1.6,25,27,26,343.0,11.443,2350,5,-750
Kia,Seltos AWD,2024,Small Sport Utility Vehicle 4WD,All-Wheel Drive,Regular,Automatic (AV-S8),4.0,2.0,27,31,29,309.0,10.259,2100,6,500
MINI,Cooper Convertible,2024,Minicompact Cars,Front-Wheel Drive,Premium,Automatic (AM-S7),3.0,1.5,29,38,32,274.0,9.297,2400,6,-1000
MINI,Cooper Convertible,2024,Minicompact Cars,Front-Wheel Drive,Premium,Manual 6-spd,3.0,1.5,27,38,31,283.0,9.597,2450,6,-1250
MINI,Cooper S Convertible,2024,Minicompact Cars,Front-Wheel Drive,Premium,Automatic (AM-S7),4.0,2.0,27,36,30,293.0,9.917,2550,6,-1750
MINI,Cooper S Convertible,2024,Minicompact Cars,Front-Wheel Drive,Premium,Manual 6-spd,4.0,2.0,23,33,27,329.0,11.019,2800,5,-3000
MINI,John Cooper Works Convertible,2024,Minicompact Cars,Front-Wheel Drive,Premium,Automatic (S8),4.0,2.0,25,33,28,316.0,10.625,2700,6,-2500
BMW,430i Coupe,2024,Subcompact Cars,Rear-Wheel Drive,Premium,Automatic (S8),4.0,2.0,25,34,28,312.0,10.625,2700,6,-2500
BMW,430i xDrive Coupe,2024,Subcompact Cars,All-Wheel Drive,Premium,Automatic (S8),4.0,2.0,23,33,27,326.0,11.019,2800,5,-3000
BMW,430i Convertible,2024,Subcompact Cars,Rear-Wheel Drive,Premium,Automatic (S8),4.0,2.0,25,34,28,312.0,10.625,2700,6,-2500
BMW,430i xDrive Convertible,2024,Subcompact Cars,All-Wheel Drive,Premium,Automatic (S8),4.0,2.0,23,33,27,326.0,11.019,2800,5,-3000
BMW,M4 Coupe,2024,Subcompact Cars,Rear-Wheel Drive,Premium,Manual 6-spd,6.0,3.0,16,23,19,472.0,15.658,4000,4,-9000
BMW,M4 Competition Coupe,2024,Subcompact Cars,Rear-Wheel Drive,Premium,Automatic (S8),6.0,3.0,16,23,19,470.0,15.658,4000,4,-9000
BMW,M4 Competition M xDrive Coupe,2024,Subcompact Cars,All-Wheel Drive,Premium,Automatic (S8),6.0,3.0,16,22,18,477.0,16.528,4200,4,-10000
BMW,M4 Competition M xDrive Convertible,2024,Subcompact Cars,All-Wheel Drive,Premium,Automatic (S8),6.0,3.0,16,23,18,484.0,16.528,4200,4,-10000
BMW,840i Coupe,2024,Subcompact Cars,Rear-Wheel Drive,Premium,Automatic (S8),6.0,3.0,21,29,24,373.0,12.396,3150,5,-4750
BMW,840i xDrive Coupe,2024,Subcompact Cars,All-Wheel Drive,Premium,Automatic (S8),6.0,3.0,21,29,24,373.0,12.396,3150,5,-4750
BMW,840i Convertible,2024,Subcompact Cars,Rear-Wheel Drive,Premium,Automatic (S8),6.0,3.0,21,29,24,374.0,12.396,3150,5,-4750
BMW,840i xDrive Convertible,2024,Subcompact Cars,All-Wheel Drive,Premium,Automatic (S8),6.0,3.0,21,29,24,373.0,12.396,3150,5,-4750
BMW,M850i xDrive Coupe,2024,Subcompact Cars,All-Wheel Drive,Premium,Automatic (S8),8.0,4.4,17,24,19,457.0,15.658,4000,4,-9000
BMW,M850i xDrive Convertible,2024,Subcompact Cars,All-Wheel Drive,Premium,Automatic (S8),8.0,4.4,17,24,19,457.0,15.658,4000,4,-9000
BMW,M8 Competition Coupe,2024,Subcompact Cars,All-Wheel Drive,Premium,Automatic (S8),8.0,4.4,15,22,17,517.0,17.501,4450,3,-11250
BMW,M8 Competition Convertible,2024,Subcompact Cars,All-Wheel Drive,Premium,Automatic (S8),8.0,4.4,15,22,17,517.0,17.501,4450,3,-11250
MINI,Cooper Hardtop 2 door,2024,Subcompact Cars,Front-Wheel Drive,Premium,Automatic (AM-S7),3.0,1.5,29,38,32,274.0,9.297,2400,6,-1000
MINI,Cooper Hardtop 2 door,2024,Subcompact Cars,Front-Wheel Drive,Premium,Manual 6-spd,3.0,1.5,27,38,31,283.0,9.597,2450,6,-1250
MINI,Cooper Hardtop 4 door,2024,Subcompact Cars,Front-Wheel Drive,Premium,Automatic (AM-S7),3.0,1.5,29,38,32,274.0,9.297,2400,6,-1000
MINI,Cooper Hardtop 4 door,2024,Subcompact Cars,Front-Wheel Drive,Premium,Manual 6-spd,3.0,1.5,27,38,31,283.0,9.597,2450,6,-1250
MINI,Cooper S Hardtop 2 door,2024,Subcompact Cars,Front-Wheel Drive,Premium,Automatic (AM-S7),4.0,2.0,28,38,31,280.0,9.597,2450,6,-1250
MINI,Cooper S Hardtop 2 door,2024,Subcompact Cars,Front-Wheel Drive,Premium,Manual 6-spd,4.0,2.0,23,33,27,330.0,11.019,2800,5,-3000
MINI,Cooper S Hardtop 4 door,2024,Subcompact Cars,Front-Wheel Drive,Premium,Automatic (AM-S7),4.0,2.0,28,38,31,280.0,9.597,2450,6,-1250
MINI,Cooper S Hardtop 4 door,2024,Subcompact Cars,Front-Wheel Drive,Premium,Manual 6-spd,4.0,2.0,23,33,27,330.0,11.019,2800,5,-3000
MINI,John Cooper Works Hardtop 2 door,2024,Subcompact Cars,Front-Wheel Drive,Premium,Automatic (S8),4.0,2.0,26,35,29,299.0,10.259,2600,6,-2000
MINI,John Cooper Works Hardtop 2 door,2024,Subcompact Cars,Front-Wheel Drive,Premium,Manual 6-spd,4.0,2.0,22,32,26,345.0,11.443,2900,5,-3500
BMW,430i Gran Coupe,2024,Compact Cars,Rear-Wheel Drive,Premium,Automatic (S8),4.0,2.0,25,34,28,312.0,10.625,2700,6,-2500
BMW,430i xDrive Gran Coupe,2024,Compact Cars,All-Wheel Drive,Premium,Automatic (S8),4.0,2.0,23,33,27,326.0,11.019,2800,5,-3000
BMW,840i Gran Coupe,2024,Midsize Cars,Rear-Wheel Drive,Premium,Automatic (S8),6.0,3.0,21,29,24,374.0,12.396,3150,5,-4750
BMW,840i xDrive Gran Coupe,2024,Midsize Cars,All-Wheel Drive,Premium,Automatic (S8),6.0,3.0,21,29,24,373.0,12.396,3150,5,-4750
BMW,M850i xDrive Gran Coupe,2024,Midsize Cars,All-Wheel Drive,Premium,Automatic (S8),8.0,4.4,17,24,19,457.0,15.658,4000,4,-9000
BMW,Alpina B8 Gran Coupe,2024,Midsize Cars,All-Wheel Drive,Premium,Automatic (S8),8.0,4.4,17,24,19,457.0,15.658,4000,4,-9000
BMW,M8 Competition Gran Coupe,2024,Midsize Cars,All-Wheel Drive,Premium,Automatic (S8),8.0,4.4,15,22,17,517.0,17.501,4450,3,-11250
MINI,Cooper Countryman,2024,Midsize Cars,Front-Wheel Drive,Premium,Automatic (AM-S7),3.0,1.5,26,32,28,312.0,10.625,2700,6,-2500
MINI,Cooper Countryman All4,2024,Midsize Cars,All-Wheel Drive,Premium,Automatic (S8),3.0,1.5,23,31,26,337.0,11.443,2900,5,-3500
MINI,John Cooper Works Clubman All4,2024,Midsize Cars,All-Wheel Drive,Premium,Automatic (S8),4.0,2.0,23,31,26,339.0,11.443,2900,5,-3500
MINI,JCW Countryman All4,2024,Midsize Cars,All-Wheel Drive,Premium,Automatic (S8),4.0,2.0,24,30,26,338.0,11.443,2900,5,-3500
Kia,Carnival,2024,Minivan - 2WD,Front-Wheel Drive,Regular,Automatic (S8),6.0,3.5,19,26,22,408.0,13.523,2800,5,-3000
Genesis,GV80 AWD,2024,Standard Sport Utility Vehicle 4WD,All-Wheel Drive,Premium,Automatic (S8),4.0,2.5,20,24,22,408.0,13.523,3450,5,-6250
Genesis,GV80 AWD,2024,Standard Sport Utility Vehicle 4WD,All-Wheel Drive,Premium,Automatic (S8),6.0,3.5,18,23,20,448.0,14.876,3800,4,-8000
BMW,M440i Coupe,2024,Subcompact Cars,Rear-Wheel Drive,Premium,Automatic (S8),6.0,3.0,24,32,27,329.0,11.019,2800,5,-3000
BMW,M440i xDrive Coupe,2024,Subcompact Cars,All-Wheel Drive,Premium,Automatic (S8),6.0,3.0,22,31,25,347.0,11.9,3050,5,-4250
BMW,M440i Convertible,2024,Subcompact Cars,Rear-Wheel Drive,Premium,Automatic (S8),6.0,3.0,23,31,26,338.0,11.443,2900,5,-3500
BMW,M440i xDrive Convertible,2024,Subcompact Cars,All-Wheel Drive,Premium,Automatic (S8),6.0,3.0,22,30,25,351.0,11.9,3050,5,-4250
BMW,M440i Gran Coupe,2024,Compact Cars,Rear-Wheel Drive,Premium,Automatic (S8),6.0,3.0,24,32,27,329.0,11.019,2800,5,-3000
BMW,M440i xDrive Gran Coupe,2024,Compact Cars,All-Wheel Drive,Premium,Automatic (S8),6.0,3.0,22,30,25,351.0,11.9,3050,5,-4250
Subaru,Legacy AWD,2024,Midsize Cars,All-Wheel Drive,Regular,Automatic (AV-S8),4.0,2.5,27,35,30,295.0,9.917,2050,6,750
Subaru,Legacy AWD,2024,Midsize Cars,All-Wheel Drive,Regular,Automatic (AV-S8),4.0,2.4,23,31,26,337.0,11.443,2350,5,-750
Subaru,Impreza,2024,Small Station Wagons,All-Wheel Drive,Regular,Automatic (AV-S8),4.0,2.0,27,34,30,297.0,9.917,2050,6,750
Subaru,Impreza,2024,Small Station Wagons,All-Wheel Drive,Regular,Automatic (AV-S8),4.0,2.5,26,33,29,306.0,10.259,2100,6,500
Buick,Encore GX FWD,2024,Small Sport Utility Vehicle 2WD,Front-Wheel Drive,Regular,Automatic (variable gear ratios),3.0,1.3,29,31,30,297.0,9.917,2050,6,750
Lexus,NX 250,2024,Small Sport Utility Vehicle 2WD,Front-Wheel Drive,Regular,Automatic (S8),4.0,2.5,26,33,28,311.0,10.625,2200,6,0
Buick,Encore GX AWD,2024,Small Sport Utility Vehicle 4WD,All-Wheel Drive,Regular,Automatic 9-spd,3.0,1.3,26,28,27,333.0,11.019,2300,5,-500
Jaguar,F-Pace SVR,2024,Small Sport Utility Vehicle 4WD,All-Wheel Drive,Premium,Automatic (S8),8.0,5.0,15,21,17,518.0,17.501,4450,3,-11250
Lexus,NX 250 AWD,2024,Small Sport Utility Vehicle 4WD,All-Wheel Drive,Regular,Automatic (S8),4.0,2.5,25,32,28,318.0,10.625,2200,6,0
Lexus,NX 350h AWD,2024,Small Sport Utility Vehicle 4WD,All-Wheel Drive,Premium,Automatic (AV-S6),4.0,2.5,41,37,39,225.0,7.628,1950,7,1250
Lexus,NX 350 AWD,2024,Small Sport Utility Vehicle 4WD,All-Wheel Drive,Premium,Automatic (S8),4.0,2.4,21,28,24,370.0,12.396,3150,5,-4750
Lexus,NX 350 AWD F Sport,2024,Small Sport Utility Vehicle 4WD,All-Wheel Drive,Premium,Automatic (S8),4.0,2.4,21,28,24,370.0,12.396,3150,5,-4750
Subaru,Crosstrek AWD,2024,Small Sport Utility Vehicle 4WD,All-Wheel Drive,Regular,Automatic (AV-S8),4.0,2.0,27,34,29,300.0,10.259,2100,6,500
Subaru,Outback AWD,2024,Small Sport Utility Vehicle 4WD,All-Wheel Drive,Regular,Automatic (AV-S8),4.0,2.5,26,32,28,314.0,10.625,2200,6,0
Subaru,Outback AWD,2024,Small Sport Utility Vehicle 4WD,All-Wheel Drive,Regular,Automatic (AV-S8),4.0,2.4,22,29,25,356.0,11.9,2450,5,-1250
Subaru,Outback Wilderness AWD,2024,Small Sport Utility Vehicle 4WD,All-Wheel Drive,Regular,Automatic (AV-S8),4.0,2.4,21,26,23,378.0,12.935,2650,5,-2250
BMW,X5 sDrive40i,2024,Standard Sport Utility Vehicle 2WD,Rear-Wheel Drive,Premium,Automatic (S8),6.0,3.0,23,27,25,360.0,11.9,3050,5,-4250
BMW,X5 xDrive40i,2024,Standard Sport Utility Vehicle 4WD,All-Wheel Drive,Premium,Automatic (S8),6.0,3.0,23,27,25,352.0,11.9,3050,5,-4250
BMW,X5 M60i xDrive,2024,Standard Sport Utility Vehicle 4WD,All-Wheel Drive,Premium,Automatic (S8),8.0,4.4,17,22,19,458.0,15.658,4000,4,-9000
BMW,X5 M Competition,2024,Standard Sport Utility Vehicle 4WD,All-Wheel Drive,Premium,Automatic (S8),8.0,4.4,13,18,15,589.0,19.834,5050,2,-14250
BMW,X6 xDrive40i,2024,Standard Sport Utility Vehicle 4WD,All-Wheel Drive,Premium,Automatic (S8),6.0,3.0,23,26,24,359.0,12.396,3150,5,-4750
BMW,X6 M60i xDrive,2024,Standard Sport Utility Vehicle 4WD,All-Wheel Drive,Premium,Automatic (S8),8.0,4.4,17,22,19,458.0,15.658,4000,4,-9000
BMW,X6 M Competition,2024,Standard Sport Utility Vehicle 4WD,All-Wheel Drive,Premium,Automatic (S8),8.0,4.4,13,18,15,589.0,19.834,5050,2,-14250
BMW,X7 xDrive40i,2024,Standard Sport Utility Vehicle 4WD,All-Wheel Drive,Premium,Automatic (S8),6.0,3.0,21,25,22,392.0,13.523,3450,5,-6250
BMW,X7 M60i xDrive,2024,Standard Sport Utility Vehicle 4WD,All-Wheel Drive,Premium,Automatic (S8),8.0,4.4,16,21,18,481.0,16.528,4200,4,-10000
BMW,M3 CS Sedan,2024,Compact Cars,All-Wheel Drive,Premium,Automatic (S8),6.0,3.0,15,22,18,491.0,16.528,4200,4,-10000
Lexus,UX 250h,2024,Compact Cars,Front-Wheel Drive,Regular,Automatic (AV-S6),4.0,2.0,43,41,42,209.0,7.084,1450,7,3750
Lexus,UX 250h AWD,2024,Compact Cars,All-Wheel Drive,Regular,Automatic (AV-S6),4.0,2.0,41,38,39,225.0,7.628,1600,7,3000
MINI,Cooper S Clubman,2024,Midsize Cars,Front-Wheel Drive,Premium,Automatic (AM-S7),4.0,2.0,25,35,29,307.0,10.259,2600,6,-2000
MINI,Cooper S Clubman,2024,Midsize Cars,Front-Wheel Drive,Premium,Manual 6-spd,4.0,2.0,22,32,25,348.0,11.9,3050,5,-4250
MINI,Cooper S Countryman,2024,Midsize Cars,Front-Wheel Drive,Premium,Automatic (AM-S7),4.0,2.0,24,33,28,321.0,10.625,2700,6,-2500
MINI,Cooper S Countryman All4,2024,Midsize Cars,All-Wheel Drive,Premium,Automatic (S8),4.0,2.0,23,31,26,341.0,11.443,2900,5,-3500
MINI,Cooper S Clubman All4,2024,Midsize Cars,All-Wheel Drive,Premium,Automatic (S8),4.0,2.0,23,32,27,332.0,11.019,2800,5,-3000
Acura,Integra,2024,Large Cars,Front-Wheel Drive,Premium,Automatic (AV-S7),4.0,1.5,30,37,33,269.0,9.015,2300,6,-500
Acura,Integra A-Spec,2024,Large Cars,Front-Wheel Drive,Premium,Automatic (AV-S7),4.0,1.5,29,36,32,277.0,9.297,2400,6,-1000
Acura,Integra A-Spec,2024,Large Cars,Front-Wheel Drive,Premium,Manual 6-spd,4.0,1.5,26,36,30,293.0,9.917,2550,6,-1750
Kia,K5,2024,Large Cars,Front-Wheel Drive,Regular,Automatic (S8),4.0,1.6,27,37,31,293.0,9.597,2000,6,1000
Kia,K5 AWD,2024,Large Cars,All-Wheel Drive,Regular,Automatic (S8),4.0,1.6,25,33,28,316.0,10.625,2200,6,0
Kia,K5,2024,Large Cars,Front-Wheel Drive,Regular,Automatic (AM-S8),4.0,2.5,24,32,27,332.0,11.019,2300,5,-500
Buick,Encore GX FWD,2024,Small Sport Utility Vehicle 2WD,Front-Wheel Drive,Regular,Automatic (variable gear ratios),3.0,1.2,30,31,30,297.0,9.917,2050,6,750
Cadillac,XT4 FWD,2024,Small Sport Utility Vehicle 2WD,Front-Wheel Drive,Premium,Automatic (S9),4.0,2.0,24,29,26,343.0,11.443,2900,5,-3500
Cadillac,XT4 AWD,2024,Small Sport Utility Vehicle 4WD,All-Wheel Drive,Premium,Automatic (S9),4.0,2.0,23,28,25,360.0,11.9,3050,5,-4250
Nissan,GT-R,2024,Subcompact Cars,All-Wheel Drive,Premium,Automatic (AM-S6),6.0,3.8,16,22,18,493.0,16.528,4200,4,-10000
Alfa Romeo,Giulia,2024,Midsize Cars,Rear-Wheel Drive,Premium,Automatic 8-spd,4.0,2.0,24,33,27,330.0,11.019,2800,5,-3000
Alfa Romeo,Giulia AWD,2024,Midsize Cars,All-Wheel Drive,Premium,Automatic 8-spd,4.0,2.0,23,31,26,348.0,11.443,2900,5,-3500
Honda,HR-V AWD,2024,Small Station Wagons,All-Wheel Drive,Regular,Automatic (variable gear ratios),4.0,2.0,25,30,27,326.0,11.019,2300,5,-500
Honda,HR-V FWD,2024,Small Station Wagons,Front-Wheel Drive,Regular,Automatic (variable gear ratios),4.0,2.0,26,32,28,309.0,10.625,2200,6,0
Acura,MDX FWD,2024,Small Sport Utility Vehicle 2WD,Front-Wheel Drive,Premium,Automatic (S10),6.0,3.5,19,26,22,411.0,13.523,3450,5,-6250
Alfa Romeo,Stelvio,2024,Small Sport Utility Vehicle 2WD,Rear-Wheel Drive,Premium,Automatic 8-spd,4.0,2.0,22,29,25,359.0,11.9,3050,5,-4250
Chevrolet,Equinox FWD,2024,Small Sport Utility Vehicle 2WD,Front-Wheel Drive,Regular,Automatic 6-spd,4.0,1.5,26,31,28,310.0,10.625,2200,6,0
GMC,Terrain FWD,2024,Small Sport Utility Vehicle 2WD,Front-Wheel Drive,Regular,Automatic 9-spd,4.0,1.5,24,29,26,342.0,11.443,2350,5,-750
Volkswagen,Atlas,2024,Small Sport Utility Vehicle 2WD,Front-Wheel Drive,Regular,Automatic (S8),4.0,2.0,20,27,23,393.0,12.935,2650,5,-2250
Volkswagen,Atlas Cross Sport,2024,Small Sport Utility Vehicle 2WD,Front-Wheel Drive,Regular,Automatic (S8),4.0,2.0,20,27,23,393.0,12.935,2650,5,-2250
Acura,MDX AWD,2024,Small Sport Utility Vehicle 4WD,All-Wheel Drive,Premium,Automatic (S10),6.0,3.5,19,25,21,423.0,14.167,3600,4,-7000
Alfa Romeo,Stelvio AWD,2024,Small Sport Utility Vehicle 4WD,All-Wheel Drive,Premium,Automatic 8-spd,4.0,2.0,22,28,24,364.0,12.396,3150,5,-4750
Chevrolet,Equinox AWD,2024,Small Sport Utility Vehicle 4WD,All-Wheel Drive,Regular,Automatic 6-spd,4.0,1.5,24,30,26,339.0,11.443,2350,5,-750
GMC,Terrain AWD,2024,Small Sport Utility Vehicle 4WD,All-Wheel Drive,Regular,Automatic 9-spd,4.0,1.5,23,28,25,356.0,11.9,2450,5,-1250
Mercedes-Benz,GLE350,2024,Small Sport Utility Vehicle 4WD,Rear-Wheel Drive,Premium,Automatic 9-spd,4.0,2.0,21,28,24,369.0,12.396,3150,5,-4750
Mercedes-Benz,GLE350 4matic,2024,Small Sport Utility Vehicle 4WD,All-Wheel Drive,Premium,Automatic 9-spd,4.0,2.0,20,27,23,384.0,12.935,3300,5,-5500
Volkswagen,Atlas 4motion Peak Edition,2024,Small Sport Utility Vehicle 4WD,All-Wheel Drive,Regular,Automatic (S8),4.0,2.0,18,24,20,435.0,14.876,3100,4,-4500
Volkswagen,Atlas SE 4motion,2024,Small Sport Utility Vehicle 4WD,All-Wheel Drive,Regular,Automatic (S8),4.0,2.0,19,26,22,407.0,13.523,2800,5,-3000
Volkswagen,Atlas Cross Sport 4motion,2024,Small Sport Utility Vehicle 4WD,All-Wheel Drive,Regular,Automatic (S8),4.0,2.0,19,26,22,407.0,13.523,2800,5,-3000
Volkswagen,Atlas SEL 4motion,2024,Small Sport Utility Vehicle 4WD,All-Wheel Drive,Regular,Automatic (S8),4.0,2.0,19,25,21,422.0,14.167,2950,4,-3750
Acura,MDX AWD Type-S,2024,Standard Sport Utility Vehicle 4WD,All-Wheel Drive,Premium,Automatic (S10),6.0,3.0,17,21,19,474.0,15.658,4000,4,-9000
BMW,Alpina XB7,2024,Standard Sport Utility Vehicle 4WD,All-Wheel Drive,Premium,Automatic (S8),8.0,4.4,16,20,17,506.0,17.501,4450,3,-11250
Mazda,CX-90 4WD,2024,Standard Sport Utility Vehicle 4WD,4-Wheel Drive,Regular,Automatic (S8),6.0,3.3,24,28,25,354.0,11.9,2450,5,-1250
Mazda,CX-90 4WD,2024,Standard Sport Utility Vehicle 4WD,4-Wheel Drive,Premium,Automatic (S8),6.0,3.3,23,28,25,358.0,11.9,3050,5,-4250
Mercedes-Benz,GLE450 4matic,2024,Standard Sport Utility Vehicle 4WD,All-Wheel Drive,Premium,Automatic 9-spd,6.0,3.0,19,26,22,406.0,13.523,3450,5,-6250
Mercedes-Benz,AMG GLE53 4matic Plus,2024,Standard Sport Utility Vehicle 4WD,All-Wheel Drive,Premium,Automatic 9-spd,6.0,3.0,18,23,20,439.0,14.876,3800,4,-8000
Mercedes-Benz,AMG GLE53 4matic Plus Coupe,2024,Standard Sport Utility Vehicle 4WD,All-Wheel Drive,Premium,Automatic 9-spd,6.0,3.0,18,22,20,454.0,14.876,3800,4,-8000
Maserati,GranTurismo Trofeo,2024,Subcompact Cars,All-Wheel Drive,Premium,Automatic 8-spd,6.0,3.0,18,27,21,412.0,14.167,3600,4,-7000
Maserati,GranTurismo Modena,2024,Subcompact Cars,All-Wheel Drive,Premium,Automatic 8-spd,6.0,3.0,18,27,21,412.0,14.167,3600,4,-7000
BMW,Z4 sDrive30i,2024,Two Seaters,Rear-Wheel Drive,Premium,Automatic (S8),4.0,2.0,25,33,28,312.0,10.625,2700,6,-2500
BMW,Z4 M40i,2024,Two Seaters,Rear-Wheel Drive,Premium,Automatic (S8),6.0,3.0,23,31,26,338.0,11.443,2900,5,-3500
Lamborghini,Huracan Spyder,2024,Two Seaters,All-Wheel Drive,Premium,Automatic (AM-S7),10.0,5.2,13,18,15,604.0,19.834,5050,2,-14250
Lamborghini,Huracan Sterrato,2024,Two Seaters,All-Wheel Drive,Premium,Automatic (AM-S7),10.0,5.2,13,18,15,604.0,19.834,5050,2,-14250
Lamborghini,Huracan Coupe 2WD,2024,Two Seaters,Rear-Wheel Drive,Premium,Automatic (AM-S7),10.0,5.2,13,18,15,596.0,19.834,5050,2,-14250
Toyota,GR Supra,2024,Two Seaters,Rear-Wheel Drive,Premium,Automatic (S8),4.0,2.0,25,31,27,322.0,11.019,2800,5,-3000
Lexus,LC 500 Convertible,2024,Minicompact Cars,Rear-Wheel Drive,Premium,Automatic (S10),8.0,5.0,15,25,18,489.0,16.528,4200,4,-10000
Audi,RS 3,2024,Subcompact Cars,All-Wheel Drive,Premium,Automatic (AM-S7),5.0,2.5,19,29,23,388.0,12.935,3300,5,-5500
Audi,S3,2024,Subcompact Cars,All-Wheel Drive,Premium,Automatic (AM-S7),4.0,2.0,23,32,26,335.0,11.443,2900,5,-3500
Audi,RS 5 Coupe,2024,Subcompact Cars,All-Wheel Drive,Premium,Automatic (S8),6.0,2.9,18,25,21,425.0,14.167,3600,4,-7000
BMW,230i Coupe,2024,Subcompact Cars,Rear-Wheel Drive,Premium,Automatic (S8),4.0,2.0,26,35,30,296.0,9.917,2550,6,-1750
BMW,M240i Coupe,2024,Subcompact Cars,Rear-Wheel Drive,Premium,Automatic (S8),6.0,3.0,22,32,26,343.0,11.443,2900,5,-3500
BMW,M2 Coupe,2024,Subcompact Cars,Rear-Wheel Drive,Premium,Manual 6-spd,6.0,3.0,16,24,19,461.0,15.658,4000,4,-9000
BMW,M2 Coupe,2024,Subcompact Cars,Rear-Wheel Drive,Premium,Automatic (S8),6.0,3.0,16,23,19,472.0,15.658,4000,4,-9000
Ford,Mustang Performance Package,2024,Subcompact Cars,Rear-Wheel Drive,Regular,Automatic (S10),4.0,2.3,21,29,24,368.0,12.396,2550,5,-1750
Ford,Mustang,2024,Subcompact Cars,Rear-Wheel Drive,Regular,Automatic 10-spd,4.0,2.3,22,33,26,341.0,11.443,2350,5,-750
Ford,Mustang,2024,Subcompact Cars,Rear-Wheel Drive,Regular,Manual 6-spd,8.0,5.0,14,23,17,515.0,17.501,3600,3,-7000
Ford,Mustang,2024,Subcompact Cars,Rear-Wheel Drive,Regular,Automatic (S10),8.0,5.0,15,24,18,492.0,16.528,3400,4,-6000
Ford,Mustang Dark Horse,2024,Subcompact Cars,Rear-Wheel Drive,Regular,Manual 6-spd,8.0,5.0,14,22,17,535.0,17.501,3600,3,-7000
Lexus,LC 500h,2024,Subcompact Cars,Rear-Wheel Drive,Premium,Automatic (AV-S10),6.0,3.5,26,33,29,304.0,10.259,2600,6,-2000
Lexus,LC 500,2024,Subcompact Cars,Rear-Wheel Drive,Premium,Automatic (S10),8.0,5.0,16,24,18,481.0,16.528,4200,4,-10000
Audi,A4 quattro,2024,Compact Cars,All-Wheel Drive,Premium,Automatic (AM-S7),4.0,2.0,26,35,30,300.0,9.917,2550,6,-1750
BMW,228i xDrive Gran Coupe,2024,Compact Cars,All-Wheel Drive,Premium,Automatic (S8),4.0,2.0,23,33,27,330.0,11.019,2800,5,-3000
BMW,228i Gran Coupe,2024,Compact Cars,Front-Wheel Drive,Premium,Automatic (S8),4.0,2.0,24,34,28,315.0,10.625,2700,6,-2500
BMW,M235i xDrive Gran Coupe,2024,Compact Cars,All-Wheel Drive,Premium,Automatic (S8),4.0,2.0,24,33,27,325.0,11.019,2800,5,-3000
BMW,330i Sedan,2024,Compact Cars,Rear-Wheel Drive,Premium,Automatic (S8),4.0,2.0,25,34,29,308.0,10.259,2600,6,-2000
BMW,330i xDrive Sedan,2024,Compact Cars,All-Wheel Drive,Premium,Automatic (S8),4.0,2.0,24,33,27,322.0,11.019,2800,5,-3000
BMW,M3 Sedan,2024,Compact Cars,Rear-Wheel Drive,Premium,Manual 6-spd,6.0,3.0,16,23,19,472.0,15.658,4000,4,-9000
BMW,M3 Competition Sedan,2024,Compact Cars,Rear-Wheel Drive,Premium,Automatic (S8),6.0,3.0,16,23,19,470.0,15.658,4000,4,-9000
BMW,M3 Competition M xDrive Sedan,2024,Compact Cars,All-Wheel Drive,Premium,Automatic (S8),6.0,3.0,16,22,18,477.0,16.528,4200,4,-10000
Volvo,S60 B5,2024,Compact Cars,Front-Wheel Drive,Premium,Automatic (S8),4.0,2.0,26,35,30,297.0,9.917,2550,6,-1750
Volvo,S60 B5 AWD,2024,Compact Cars,All-Wheel Drive,Premium,Automatic (S8),4.0,2.0,25,33,28,316.0,10.625,2700,6,-2500
Audi,A5 Sportback quattro,2024,Midsize Cars,All-Wheel Drive,Premium,Automatic (AM-S7),4.0,2.0,26,35,30,300.0,9.917,2550,6,-1750
Audi,RS 5 Sportback,2024,Midsize Cars,All-Wheel Drive,Premium,Automatic (S8),6.0,2.9,18,25,20,438.0,14.876,3800,4,-8000
Jaguar,XF P250,2024,Midsize Cars,Rear-Wheel Drive,Premium,Automatic (S8),4.0,2.0,23,30,26,346.0,11.443,2900,5,-3500
Maserati,Ghibli Trofeo,2024,Midsize Cars,Rear-Wheel Drive,Premium,Automatic 8-spd,8.0,3.8,13,20,16,560.0,18.594,4750,3,-12750
Maserati,Ghibli GT,2024,Midsize Cars,Rear-Wheel Drive,Premium,Automatic 8-spd,6.0,3.0,18,25,20,436.0,14.876,3800,4,-8000
Maserati,Ghibli Modena RWD,2024,Midsize Cars,Rear-Wheel Drive,Premium,Automatic 8-spd,6.0,3.0,18,25,20,436.0,14.876,3800,4,-8000
Volvo,S90 B6 AWD,2024,Midsize Cars,All-Wheel Drive,Premium,Automatic (S8),4.0,2.0,22,31,25,347.0,11.9,3050,5,-4250
Acura,Integra,2024,Large Cars,Front-Wheel Drive,Premium,Manual 6-spd,4.0,2.0,21,28,24,371.0,12.396,3150,5,-4750
Genesis,G80 AWD,2024,Large Cars,All-Wheel Drive,Premium,Automatic (S8),4.0,2.5,22,30,25,361.0,11.9,3050,5,-4250
Genesis,G80 AWD,2024,Large Cars,All-Wheel Drive,Premium,Automatic (S8),6.0,3.5,17,25,19,460.0,15.658,4000,4,-9000
Genesis,G90 AWD,2024,Large Cars,All-Wheel Drive,Premium,Automatic (S8),6.0,3.5,18,26,21,426.0,14.167,3600,4,-7000
Genesis,G90 MHEV,2024,Large Cars,All-Wheel Drive,Premium,Automatic (S8),6.0,3.5,17,24,20,441.0,14.876,3800,4,-8000
Maserati,Quattroporte Trofeo,2024,Large Cars,Rear-Wheel Drive,Premium,Automatic 8-spd,8.0,3.8,13,20,16,560.0,18.594,4750,3,-12750
Maserati,Quattroporte Modena AWD,2024,Large Cars,All-Wheel Drive,Premium,Automatic 8-spd,6.0,3.0,17,25,20,457.0,14.876,3800,4,-8000
Maserati,Quattroporte Modena RWD,2024,Large Cars,Rear-Wheel Drive,Premium,Automatic 8-spd,6.0,3.0,16,25,19,453.0,15.658,4000,4,-9000
Maserati,Quattroporte GT,2024,Large Cars,Rear-Wheel Drive,Premium,Automatic 8-spd,6.0,3.0,16,25,19,453.0,15.658,4000,4,-9000
Buick,Envista,2024,Small Station Wagons,Front-Wheel Drive,Regular,Automatic 6-spd,3.0,1.2,28,32,30,296.0,9.917,2050,6,750
Lamborghini,Urus Performante,2024,Small Station Wagons,All-Wheel Drive,Premium,Automatic (S8),8.0,4.0,14,19,16,554.0,18.594,4750,3,-12750
Volvo,V60CC B5 AWD,2024,Small Station Wagons,All-Wheel Drive,Premium,Automatic (S8),4.0,2.0,24,31,27,334.0,11.019,2800,5,-3000
Volvo,V90CC B6 AWD,2024,Midsize Station Wagons,All-Wheel Drive,Premium,Automatic (S8),4.0,2.0,22,29,25,358.0,11.9,3050,5,-4250
Cadillac,XT5 Hearse FWD,2024,Special Purpose Vehicle 2WD,Front-Wheel Drive,Premium,Automatic (S9),4.0,2.0,20,23,21,425.0,14.167,3600,4,-7000
Cadillac,XT5 Limo FWD,2024,Special Purpose Vehicle 2WD,Front-Wheel Drive,Premium,Automatic (S9),4.0,2.0,20,23,21,425.0,14.167,3600,4,-7000
Cadillac,XT5 Hearse AWD,2024,Special Purpose Vehicle 4WD,All-Wheel Drive,Premium,Automatic (S9),4.0,2.0,20,23,21,425.0,14.167,3600,4,-7000
Cadillac,XT5 Limo AWD,2024,Special Purpose Vehicle 4WD,All-Wheel Drive,Premium,Automatic (S9),4.0,2.0,20,23,21,425.0,14.167,3600,4,-7000
BMW,X3 sDrive30i,2024,Small Sport Utility Vehicle 2WD,Rear-Wheel Drive,Premium,Automatic (S8),4.0,2.0,23,29,25,352.0,11.9,3050,5,-4250
Cadillac,XT5 FWD,2024,Small Sport Utility Vehicle 2WD,Front-Wheel Drive,Premium,Automatic (S9),4.0,2.0,22,29,24,370.0,12.396,3150,5,-4750
Cadillac,XT6 FWD,2024,Small Sport Utility Vehicle 2WD,Front-Wheel Drive,Premium,Automatic (S9),4.0,2.0,21,27,23,386.0,12.935,3300,5,-5500
Cadillac,XT5 FWD,2024,Small Sport Utility Vehicle 2WD,Front-Wheel Drive,Regular,Automatic (S9),6.0,3.6,19,26,21,418.0,14.167,2950,4,-3750
Cadillac,XT6 FWD,2024,Small Sport Utility Vehicle 2WD,Front-Wheel Drive,Regular,Automatic (S9),6.0,3.6,19,26,21,418.0,14.167,2950,4,-3750
Chevrolet,Trailblazer FWD,2024,Small Sport Utility Vehicle 2WD,Front-Wheel Drive,Regular,Automatic (variable gear ratios),3.0,1.3,29,33,31,290.0,9.597,2000,6,1000
Honda,CR-V FWD,2024,Small Sport Utility Vehicle 2WD,Front-Wheel Drive,Regular,Automatic (variable gear ratios),4.0,1.5,28,34,30,290.0,9.917,2050,6,750
Honda,CR-V FWD,2024,Small Sport Utility Vehicle 2WD,Front-Wheel Drive,Regular,Automatic (variable gear ratios),4.0,2.0,43,36,40,223.0,7.438,1550,7,3250
Hyundai,Palisade FWD,2024,Small Sport Utility Vehicle 2WD,Front-Wheel Drive,Regular,Automatic (S8),6.0,3.8,19,26,22,404.0,13.523,2800,5,-3000
Hyundai,Kona FWD,2024,Small Sport Utility Vehicle 2WD,Front-Wheel Drive,Regular,Automatic (S8),4.0,1.6,26,32,28,312.0,10.625,2200,6,0
Hyundai,Santa Cruz FWD,2024,Small Sport Utility Vehicle 2WD,Front-Wheel Drive,Regular,Automatic (S8),4.0,2.5,22,26,23,381.0,12.935,2650,5,-2250
Hyundai,Tucson FWD,2024,Small Sport Utility Vehicle 2WD,Front-Wheel Drive,Regular,Automatic (S8),4.0,2.5,25,32,28,323.0,10.625,2200,6,0
Kia,Telluride FWD,2024,Small Sport Utility Vehicle 2WD,Front-Wheel Drive,Regular,Automatic (S8),6.0,3.8,20,26,22,398.0,13.523,2800,5,-3000
Mitsubishi,Eclipse Cross 2WD,2024,Small Sport Utility Vehicle 2WD,Front-Wheel Drive,Regular,Automatic (AV-S8),4.0,1.5,25,28,26,339.0,11.443,2350,5,-750
Audi,Q5 quattro,2024,Small Sport Utility Vehicle 4WD,All-Wheel Drive,Premium,Automatic (AM-S7),4.0,2.0,23,29,26,346.0,11.443,2900,5,-3500
Audi,SQ5,2024,Small Sport Utility Vehicle 4WD,All-Wheel Drive,Premium,Automatic (S8),6.0,3.0,19,24,21,427.0,14.167,3600,4,-7000
Audi,SQ5 Sportback,2024,Small Sport Utility Vehicle 4WD,All-Wheel Drive,Premium,Automatic (S8),6.0,3.0,19,24,21,427.0,14.167,3600,4,-7000
BMW,X3 xDrive30i,2024,Small Sport Utility Vehicle 4WD,All-Wheel Drive,Premium,Automatic (S8),4.0,2.0,21,28,24,369.0,12.396,3150,5,-4750
BMW,X4 xDrive30i,2024,Small Sport Utility Vehicle 4WD,All-Wheel Drive,Premium,Automatic (S8),4.0,2.0,21,28,24,369.0,12.396,3150,5,-4750
Cadillac,XT5 AWD,2024,Small Sport Utility Vehicle 4WD,All-Wheel Drive,Premium,Automatic (S9),4.0,2.0,21,27,23,386.0,12.935,3300,5,-5500
Cadillac,XT6 AWD,2024,Small Sport Utility Vehicle 4WD,All-Wheel Drive,Premium,Automatic (S9),4.0,2.0,21,26,23,386.0,12.935,3300,5,-5500
Cadillac,XT5 AWD,2024,Small Sport Utility Vehicle 4WD,All-Wheel Drive,Regular,Automatic (S9),6.0,3.6,18,26,21,424.0,14.167,2950,4,-3750
Cadillac,XT6 AWD,2024,Small Sport Utility Vehicle 4WD,All-Wheel Drive,Regular,Automatic (S9),6.0,3.6,18,25,21,433.0,14.167,2950,4,-3750
Chevrolet,Trailblazer AWD,2024,Small Sport Utility Vehicle 4WD,All-Wheel Drive,Regular,Automatic 9-spd,3.0,1.3,26,29,27,329.0,11.019,2300,5,-500
Dodge,Hornet AWD,2024,Small Sport Utility Vehicle 4WD,All-Wheel Drive,Regular,Automatic 9-spd,4.0,2.0,21,29,24,371.0,12.396,2550,5,-1750
Genesis,GV70 AWD,2024,Small Sport Utility Vehicle 4WD,All-Wheel Drive,Premium,Automatic (S8),4.0,2.5,19,26,22,408.0,13.523,3450,5,-6250
Genesis,GV70 AWD,2024,Small Sport Utility Vehicle 4WD,All-Wheel Drive,Premium,Automatic (S8),4.0,2.5,22,28,24,369.0,12.396,3150,5,-4750
Genesis,GV70 AWD,2024,Small Sport Utility Vehicle 4WD,All-Wheel Drive,Premium,Automatic (S8),6.0,3.5,18,24,20,441.0,14.876,3800,4,-8000
Honda,CR-V AWD,2024,Small Sport Utility Vehicle 4WD,All-Wheel Drive,Regular,Automatic (variable gear ratios),4.0,1.5,27,32,29,305.0,10.259,2100,6,500
Honda,CR-V AWD,2024,Small Sport Utility Vehicle 4WD,All-Wheel Drive,Regular,Automatic (variable gear ratios),4.0,2.0,40,34,37,237.0,8.041,1650,7,2750
Hyundai,Palisade AWD,2024,Small Sport Utility Vehicle 4WD,All-Wheel Drive,Regular,Automatic (S8),6.0,3.8,19,24,21,420.0,14.167,2950,4,-3750
Hyundai,Kona AWD,2024,Small Sport Utility Vehicle 4WD,All-Wheel Drive,Regular,Automatic (S8),4.0,1.6,24,29,26,337.0,11.443,2350,5,-750
Hyundai,Santa Cruz AWD,2024,Small Sport Utility Vehicle 4WD,All-Wheel Drive,Regular,Automatic (S8),4.0,2.5,21,25,23,390.0,12.935,2650,5,-2250
Hyundai,Santa Cruz AWD,2024,Small Sport Utility Vehicle 4WD,All-Wheel Drive,Regular,Automatic (AM-S8),4.0,2.5,19,27,22,403.0,13.523,2800,5,-3000
Hyundai,Tucson Hybrid,2024,Small Sport Utility Vehicle 4WD,All-Wheel Drive,Regular,Automatic (AM-S6),4.0,1.6,37,36,37,245.0,8.041,1650,7,2750
Hyundai,Tucson Hybrid Blue,2024,Small Sport Utility Vehicle 4WD,All-Wheel Drive,Regular,Automatic (AM-S6),4.0,1.6,38,38,38,238.0,7.829,1600,7,3000
Hyundai,Tucson AWD,2024,Small Sport Utility Vehicle 4WD,All-Wheel Drive,Regular,Automatic (S8),4.0,2.5,23,29,25,349.0,11.9,2450,5,-1250
Jaguar,F-Pace,2024,Small Sport Utility Vehicle 4WD,All-Wheel Drive,Premium,Automatic (S8),4.0,2.0,22,27,24,376.0,12.396,3150,5,-4750
Jaguar,F-Pace P400 MHEV,2024,Small Sport Utility Vehicle 4WD,4-Wheel Drive,Premium,Automatic (S8),6.0,3.0,19,25,21,420.0,14.167,3600,4,-7000
Jeep,Wrangler 4dr 4WD,2024,Small Sport Utility Vehicle 4WD,4-Wheel Drive,Regular,Automatic 8-spd,4.0,2.0,20,22,21,426.0,14.167,2950,4,-3750
Jeep,Wrangler 4dr 4WD,2024,Small Sport Utility Vehicle 4WD,4-Wheel Drive,Premium,Automatic 8-spd,8.0,6.4,13,16,14,633.0,21.251,5450,2,-16250
Jeep,Wrangler 2dr 4WD,2024,Small Sport Utility Vehicle 4WD,4-Wheel Drive,Regular,Automatic 8-spd,4.0,2.0,20,23,21,416.0,14.167,2950,4,-3750
Kia,Telluride AWD,2024,Small Sport Utility Vehicle 4WD,All-Wheel Drive,Regular,Automatic (S8),6.0,3.8,18,24,20,442.0,14.876,3100,4,-4500
Land Rover,Range Rover Velar,2024,Small Sport Utility Vehicle 4WD,All-Wheel Drive,Premium,Automatic (S8),4.0,2.0,22,26,23,381.0,12.935,3300,5,-5500
Land Rover,Range Rover Velar P400 MHEV,2024,Small Sport Utility Vehicle 4WD,4-Wheel Drive,Premium,Automatic (S8),6.0,3.0,19,25,21,420.0,14.167,3600,4,-7000
Maserati,Grecale Trofeo,2024,Small Sport Utility Vehicle 4WD,All-Wheel Drive,Premium,Automatic 8-spd,6.0,3.0,18,25,20,432.0,14.876,3800,4,-8000
Maserati,Grecale Modena,2024,Small Sport Utility Vehicle 4WD,All-Wheel Drive,Premium,Automatic 8-spd,4.0,2.0,22,29,25,351.0,11.9,3050,5,-4250
Maserati,Grecale GT,2024,Small Sport Utility Vehicle 4WD,All-Wheel Drive,Premium,Automatic 8-spd,4.0,2.0,22,29,25,351.0,11.9,3050,5,-4250
Mitsubishi,Eclipse Cross 4WD,2024,Small Sport Utility Vehicle 4WD,4-Wheel Drive,Regular,Automatic (AV-S8),4.0,1.5,25,26,25,353.0,11.9,2450,5,-1250
Mitsubishi,Eclipse Cross ES 4WD,2024,Small Sport Utility Vehicle 4WD,4-Wheel Drive,Regular,Automatic (AV-S8),4.0,1.5,25,28,26,339.0,11.443,2350,5,-750
Subaru,Crosstrek AWD,2024,Small Sport Utility Vehicle 4WD,All-Wheel Drive,Regular,Automatic (AV-S8),4.0,2.5,26,33,29,305.0,10.259,2100,6,500
Volvo,XC60 B5 AWD,2024,Small Sport Utility Vehicle 4WD,All-Wheel Drive,Premium,Automatic (S8),4.0,2.0,22,28,25,363.0,11.9,3050,5,-4250
Volvo,XC40 B5 AWD,2024,Small Sport Utility Vehicle 4WD,All-Wheel Drive,Premium,Automatic (S8),4.0,2.0,24,30,26,338.0,11.443,2900,5,-3500
Buick,Enclave FWD,2024,Standard Sport Utility Vehicle 2WD,Front-Wheel Drive,Regular,Automatic 9-spd,6.0,3.6,18,26,21,433.0,14.167,2950,4,-3750
Toyota,Grand Highlander Hybrid,2024,Standard Sport Utility Vehicle 2WD,Front-Wheel Drive,Regular,Automatic (AV-S6),4.0,2.5,37,34,36,246.0,8.264,1700,7,2500
Toyota,Grand Highlander Hybrid Limited,2024,Standard Sport Utility Vehicle 2WD,Front-Wheel Drive,Regular,Automatic (AV-S6),4.0,2.5,36,32,34,256.0,8.75,1800,7,2000
Toyota,Grand Highlander LE/XLE,2024,Standard Sport Utility Vehicle 2WD,Front-Wheel Drive,Regular,Automatic (S8),4.0,2.4,21,28,24,371.0,12.396,2550,5,-1750
Toyota,Grand Highlander Limited,2024,Standard Sport Utility Vehicle 2WD,Front-Wheel Drive,Regular,Automatic (S8),4.0,2.4,21,28,24,366.0,12.396,2550,5,-1750
Buick,Enclave AWD,2024,Standard Sport Utility Vehicle 4WD,All-Wheel Drive,Regular,Automatic 9-spd,6.0,3.6,17,25,20,450.0,14.876,3100,4,-4500
Lamborghini,Urus S,2024,Standard Sport Utility Vehicle 4WD,All-Wheel Drive,Premium,Automatic (S8),8.0,4.0,14,19,16,554.0,18.594,4750,3,-12750
Maserati,Levante Modena,2024,Standard Sport Utility Vehicle 4WD,All-Wheel Drive,Premium,Automatic 8-spd,6.0,3.0,16,22,18,495.0,16.528,4200,4,-10000
Maserati,Levante GT,2024,Standard Sport Utility Vehicle 4WD,All-Wheel Drive,Premium,Automatic 8-spd,6.0,3.0,16,22,18,495.0,16.528,4200,4,-10000
Maserati,Levante Modena V8,2024,Standard Sport Utility Vehicle 4WD,All-Wheel Drive,Premium,Automatic 8-spd,8.0,3.8,13,20,16,562.0,18.594,4750,3,-12750
Maserati,Levante Trofeo,2024,Standard Sport Utility Vehicle 4WD,All-Wheel Drive,Premium,Automatic 8-spd,8.0,3.8,13,20,16,562.0,18.594,4750,3,-12750
Mercedes-Benz,AMG GLE63 S 4matic Plus Coupe,2024,Standard Sport Utility Vehicle 4WD,All-Wheel Drive,Premium,Automatic 9-spd,8.0,4.0,15,19,16,539.0,18.594,4750,3,-12750
Mercedes-Benz,AMG GLE63 S 4matic Plus,2024,Standard Sport Utility Vehicle 4WD,All-Wheel Drive,Premium,Automatic 9-spd,8.0,4.0,15,19,16,539.0,18.594,4750,3,-12750
Toyota,Grand Highlander Hybrid AWD,2024,Standard Sport Utility Vehicle 4WD,All-Wheel Drive,Regular,Automatic (AV-S6),4.0,2.5,36,32,34,259.0,8.75,1800,7,2000
Toyota,Grand Highlander Hybrid AWD,2024,Standard Sport Utility Vehicle 4WD,All-Wheel Drive,Regular,Automatic (S6),4.0,2.4,26,27,27,332.0,11.019,2300,5,-500
Toyota,Grand Highlander AWD LE/XLE,2024,Standard Sport Utility Vehicle 4WD,All-Wheel Drive,Regular,Automatic (S8),4.0,2.4,21,27,23,379.0,12.935,2650,5,-2250
Toyota,Grand Highlander AWD Limited/Platinum,2024,Standard Sport Utility Vehicle 4WD,All-Wheel Drive,Regular,Automatic (S8),4.0,2.4,20,26,22,400.0,13.523,2800,5,-3000
Volvo,XC90 B5 AWD,2024,Standard Sport Utility Vehicle 4WD,All-Wheel Drive,Premium,Automatic (S8),4.0,2.0,22,27,24,369.0,12.396,3150,5,-4750
Volvo,XC90 B6 AWD,2024,Standard Sport Utility Vehicle 4WD,All-Wheel Drive,Premium,Automatic (S8),4.0,2.0,20,26,23,393.0,12.935,3300,5,-5500
Chevrolet,Corvette Z06,2024,Two Seaters,Rear-Wheel Drive,Premium,Automatic (S8),8.0,5.5,12,21,15,597.0,19.834,5050,2,-14250
Chevrolet,Corvette Z06 Carbon Aero,2024,Two Seaters,Rear-Wheel Drive,Premium,Automatic (S8),8.0,5.5,12,19,14,631.0,21.251,5450,2,-16250
Toyota,GR Supra,2024,Two Seaters,Rear-Wheel Drive,Premium,Automatic (S8),6.0,3.0,23,31,26,342.0,11.443,2900,5,-3500
Toyota,GR Supra,2024,Two Seaters,Rear-Wheel Drive,Premium,Manual 6-spd,6.0,3.0,19,27,21,411.0,14.167,3600,4,-7000
Porsche,911 Carrera T,2024,Minicompact Cars,Rear-Wheel Drive,Premium,Manual 7-spd,6.0,3.0,17,25,20,443.0,14.876,3800,4,-8000
Porsche,911 Carrera T,2024,Minicompact Cars,Rear-Wheel Drive,Premium,Automatic (AM-S8),6.0,3.0,18,24,20,444.0,14.876,3800,4,-8000
BMW,230i xDrive Coupe,2024,Subcompact Cars,All-Wheel Drive,Premium,Automatic (S8),4.0,2.0,25,33,28,314.0,10.625,2700,6,-2500
BMW,M240i xDrive Coupe,2024,Subcompact Cars,All-Wheel Drive,Premium,Automatic (S8),6.0,3.0,23,32,26,338.0,11.443,2900,5,-3500
Ford,Mustang Dark Horse,2024,Subcompact Cars,Rear-Wheel Drive,Regular,Automatic (S10),8.0,5.0,14,22,17,524.0,17.501,3600,3,-7000
BMW,M340i Sedan,2024,Compact Cars,Rear-Wheel Drive,Premium,Automatic (S8),6.0,3.0,23,31,26,340.0,11.443,2900,5,-3500
BMW,M340i xDrive Sedan,2024,Compact Cars,All-Wheel Drive,Premium,Automatic (S8),6.0,3.0,23,31,26,341.0,11.443,2900,5,-3500
Cadillac,CT4,2024,Compact Cars,Rear-Wheel Drive,Premium,Automatic (S10),4.0,2.7,21,31,25,356.0,11.9,3050,5,-4250
Cadillac,CT4,2024,Compact Cars,Rear-Wheel Drive,Premium,Automatic (S8),4.0,2.0,22,32,26,345.0,11.443,2900,5,-3500
Cadillac,CT4 AWD,2024,Compact Cars,All-Wheel Drive,Premium,Automatic (S8),4.0,2.0,21,31,25,357.0,11.9,3050,5,-4250
Cadillac,CT4 V,2024,Compact Cars,Rear-Wheel Drive,Premium,Automatic (S10),6.0,3.6,16,24,19,478.0,15.658,4000,4,-9000
Cadillac,CT4 V,2024,Compact Cars,Rear-Wheel Drive,Premium,Manual 6-spd,6.0,3.6,15,23,18,488.0,16.528,4200,4,-10000
Cadillac,CT4 AWD,2024,Compact Cars,All-Wheel Drive,Premium,Automatic (S10),4.0,2.7,21,29,24,371.0,12.396,3150,5,-4750
Cadillac,CT4 V AWD,2024,Compact Cars,All-Wheel Drive,Premium,Automatic (S10),4.0,2.7,20,28,23,387.0,12.935,3300,5,-5500
Cadillac,CT4 V,2024,Compact Cars,Rear-Wheel Drive,Premium,Automatic (S10),4.0,2.7,20,29,23,384.0,12.935,3300,5,-5500
Mitsubishi,Mirage,2024,Compact Cars,Front-Wheel Drive,Regular,Automatic (variable gear ratios),3.0,1.2,36,43,39,227.0,7.628,1600,7,3000
Mitsubishi,Mirage G4,2024,Compact Cars,Front-Wheel Drive,Regular,Automatic (variable gear ratios),3.0,1.2,35,41,37,236.0,8.041,1650,7,2750
Volkswagen,GTI,2024,Compact Cars,Front-Wheel Drive,Regular,Automatic (AM-S7),4.0,2.0,24,33,27,323.0,11.019,2300,5,-500
Volkswagen,GTI,2024,Compact Cars,Front-Wheel Drive,Regular,Manual 6-spd,4.0,2.0,23,34,27,327.0,11.019,2300,5,-500
Volkswagen,Jetta,2024,Compact Cars,Front-Wheel Drive,Regular,Manual 6-spd,4.0,1.5,29,42,34,265.0,8.75,1800,7,2000
Alfa Romeo,Giulia,2024,Midsize Cars,Rear-Wheel Drive,Premium,Automatic 8-spd,6.0,2.9,17,25,20,436.0,14.876,3800,4,-8000
Cadillac,CT5 AWD,2024,Midsize Cars,All-Wheel Drive,Premium,Automatic (S10),6.0,3.0,18,26,21,419.0,14.167,3600,4,-7000
Cadillac,CT5 V AWD,2024,Midsize Cars,All-Wheel Drive,Premium,Automatic (S10),6.0,3.0,18,26,21,419.0,14.167,3600,4,-7000
Cadillac,CT5,2024,Midsize Cars,Rear-Wheel Drive,Premium,Automatic (S10),6.0,3.0,19,27,22,406.0,13.523,3450,5,-6250
Cadillac,CT5 V,2024,Midsize Cars,Rear-Wheel Drive,Premium,Automatic (S10),6.0,3.0,18,27,21,423.0,14.167,3600,4,-7000
Cadillac,CT5 V,2024,Midsize Cars,Rear-Wheel Drive,Premium,Manual 6-spd,8.0,6.2,13,21,15,592.0,19.834,5050,2,-14250
Cadillac,CT5,2024,Midsize Cars,Rear-Wheel Drive,Premium,Automatic (S10),4.0,2.0,23,33,27,333.0,11.019,2800,5,-3000
Cadillac,CT5 AWD,2024,Midsize Cars,All-Wheel Drive,Premium,Automatic (S10),4.0,2.0,22,30,25,358.0,11.9,3050,5,-4250
Cadillac,CT5 V,2024,Midsize Cars,Rear-Wheel Drive,Premium,Automatic (S10),8.0,6.2,13,21,16,558.0,18.594,4750,3,-12750
Lexus,ES 350,2024,Midsize Cars,Front-Wheel Drive,Regular,Automatic (S8),6.0,3.5,22,32,26,346.0,11.443,2350,5,-750
Lexus,ES 350 F Sport,2024,Midsize Cars,Front-Wheel Drive,Regular,Automatic (S8),6.0,3.5,22,31,25,352.0,11.9,2450,5,-1250
Lexus,ES 250 AWD,2024,Midsize Cars,All-Wheel Drive,Regular,Automatic (S8),4.0,2.5,25,34,28,315.0,10.625,2200,6,0
Lexus,ES 300h,2024,Midsize Cars,Front-Wheel Drive,Regular,Automatic (AV-S6),4.0,2.5,43,44,44,202.0,6.762,1400,8,4000
Mazda,3 5-Door 2WD,2024,Midsize Cars,Front-Wheel Drive,Regular,Manual 6-spd,4.0,2.5,26,36,30,296.0,9.917,2050,6,750
Mazda,3 5-Door 2WD,2024,Midsize Cars,Front-Wheel Drive,Regular,Automatic (S6),4.0,2.5,27,35,30,294.0,9.917,2050,6,750
Mazda,3 5-Door 4WD,2024,Midsize Cars,4-Wheel Drive,Regular,Automatic (S6),4.0,2.5,26,33,29,311.0,10.259,2100,6,500
Mazda,3 5-Door 4WD,2024,Midsize Cars,4-Wheel Drive,Regular,Automatic (S6),4.0,2.5,23,31,26,337.0,11.443,2350,5,-750
BMW,740i Sedan,2024,Large Cars,Rear-Wheel Drive,Premium,Automatic (S8),6.0,3.0,25,31,28,317.0,10.625,2700,6,-2500
BMW,760i xDrive Sedan,2024,Large Cars,All-Wheel Drive,Premium,Automatic (S8),8.0,4.4,18,25,20,427.0,14.876,3800,4,-8000
Rolls-Royce,Phantom,2024,Large Cars,Rear-Wheel Drive,Premium,Automatic (S8),12.0,6.7,12,18,14,639.0,21.251,5450,2,-16250
Rolls-Royce,Phantom Extended,2024,Large Cars,Rear-Wheel Drive,Premium,Automatic (S8),12.0,6.7,12,18,14,639.0,21.251,5450,2,-16250
Rolls-Royce,Ghost,2024,Large Cars,All-Wheel Drive,Premium,Automatic (S8),12.0,6.7,12,19,14,624.0,21.251,5450,2,-16250
Rolls-Royce,Ghost Extended,2024,Large Cars,All-Wheel Drive,Premium,Automatic (S8),12.0,6.7,12,19,14,624.0,21.251,5450,2,-16250
Rolls-Royce,Ghost Black Badge,2024,Large Cars,All-Wheel Drive,Premium,Automatic (S8),12.0,6.7,12,19,14,624.0,21.251,5450,2,-16250
Kia,Soul,2024,Small Station Wagons,Front-Wheel Drive,Regular,Automatic (variable gear ratios),4.0,2.0,27,33,30,302.0,9.917,2050,6,750
Kia,Soul Eco dynamics,2024,Small Station Wagons,Front-Wheel Drive,Regular,Automatic (variable gear ratios),4.0,2.0,29,35,31,287.0,9.597,2000,6,1000
Rolls-Royce,Cullinan,2024,Midsize Station Wagons,All-Wheel Drive,Premium,Automatic (S8),12.0,6.7,12,19,14,627.0,21.251,5450,2,-16250
Rolls-Royce,Cullinan Black Badge,2024,Midsize Station Wagons,All-Wheel Drive,Premium,Automatic (S8),12.0,6.7,12,19,14,627.0,21.251,5450,2,-16250
Chevrolet,Silverado 2WD,2024,Standard Pickup Trucks 2WD,Rear-Wheel Drive,Gasoline or E85,Automatic 10-spd,8.0,5.3,16,20,18,496.0,16.528,3400,4,-6000
Chevrolet,Silverado 2WD,2024,Standard Pickup Trucks 2WD,Rear-Wheel Drive,Regular,Automatic 10-spd,8.0,5.3,15,19,16,546.0,18.594,3850,3,-8250
Chevrolet,Silverado 2WD,2024,Standard Pickup Trucks 2WD,Rear-Wheel Drive,Regular,Automatic 10-spd,8.0,5.3,16,21,18,490.0,16.528,3400,4,-6000
Chevrolet,Silverado 2WD,2024,Standard Pickup Trucks 2WD,Rear-Wheel Drive,Regular,Automatic 10-spd,8.0,5.3,16,22,18,489.0,16.528,3400,4,-6000
Chevrolet,Silverado 2WD,2024,Standard Pickup Trucks 2WD,Rear-Wheel Drive,Diesel,Automatic 10-spd,6.0,3.0,23,29,26,397.0,13.738,3050,5,-4250
GMC,Sierra 2WD,2024,Standard Pickup Trucks 2WD,Rear-Wheel Drive,Gasoline or E85,Automatic 10-spd,8.0,5.3,16,20,18,496.0,16.528,3400,4,-6000
GMC,Sierra 2WD,2024,Standard Pickup Trucks 2WD,Rear-Wheel Drive,Regular,Automatic 10-spd,8.0,5.3,15,19,16,546.0,18.594,3850,3,-8250
GMC,Sierra 2WD,2024,Standard Pickup Trucks 2WD,Rear-Wheel Drive,Regular,Automatic 10-spd,8.0,5.3,16,20,18,506.0,16.528,3400,4,-6000
GMC,Sierra 2WD,2024,Standard Pickup Trucks 2WD,Rear-Wheel Drive,Regular,Automatic 10-spd,8.0,5.3,16,21,18,495.0,16.528,3400,4,-6000
GMC,Sierra 2WD,2024,Standard Pickup Trucks 2WD,Rear-Wheel Drive,Diesel,Automatic 10-spd,6.0,3.0,23,29,25,399.0,14.288,3200,5,-5000
Ram,1500 2WD,2024,Standard Pickup Trucks 2WD,Rear-Wheel Drive,Regular,Automatic 8-spd,6.0,3.6,20,25,22,407.0,13.523,2800,5,-3000
Ram,1500 2WD,2024,Standard Pickup Trucks 2WD,Rear-Wheel Drive,Midgrade,Automatic 8-spd,8.0,5.7,18,23,20,443.0,14.876,3500,4,-6500
Chevrolet,Silverado 4WD,2024,Standard Pickup Trucks 4WD,4-Wheel Drive,Gasoline or E85,Automatic 10-spd,8.0,5.3,15,19,17,524.0,17.501,3600,3,-7000
Chevrolet,Silverado Mud Terrain Tires 4WD,2024,Standard Pickup Trucks 4WD,4-Wheel Drive,Gasoline or E85,Automatic 10-spd,8.0,5.3,15,19,17,524.0,17.501,3600,3,-7000
Chevrolet,Silverado 4WD,2024,Standard Pickup Trucks 4WD,4-Wheel Drive,Premium,Automatic 10-spd,8.0,6.2,15,20,17,527.0,17.501,4450,3,-11250
Chevrolet,Silverado Mud Terrain Tires 4WD,2024,Standard Pickup Trucks 4WD,4-Wheel Drive,Premium,Automatic 10-spd,8.0,6.2,14,17,15,590.0,19.834,5050,2,-14250
Chevrolet,Silverado 4WD ZR2,2024,Standard Pickup Trucks 4WD,4-Wheel Drive,Premium,Automatic 10-spd,8.0,6.2,14,17,15,591.0,19.834,5050,2,-14250
Chevrolet,Silverado 4WD,2024,Standard Pickup Trucks 4WD,4-Wheel Drive,Regular,Automatic 10-spd,8.0,5.3,15,19,16,546.0,18.594,3850,3,-8250
Chevrolet,Silverado Mud Terrain Tires 4WD,2024,Standard Pickup Trucks 4WD,4-Wheel Drive,Regular,Automatic 10-spd,8.0,5.3,15,19,16,546.0,18.594,3850,3,-8250
Chevrolet,Silverado 4WD,2024,Standard Pickup Trucks 4WD,4-Wheel Drive,Regular,Automatic 10-spd,8.0,5.3,15,19,17,535.0,17.501,3600,3,-7000
Chevrolet,Silverado Mud Terrain Tires 4WD,2024,Standard Pickup Trucks 4WD,4-Wheel Drive,Regular,Automatic 10-spd,8.0,5.3,15,18,16,555.0,18.594,3850,3,-8250
Chevrolet,Silverado 4WD,2024,Standard Pickup Trucks 4WD,4-Wheel Drive,Regular,Automatic 10-spd,8.0,5.3,15,20,17,517.0,17.501,3600,3,-7000
Chevrolet,Silverado Mud Terrain Tires 4WD,2024,Standard Pickup Trucks 4WD,4-Wheel Drive,Regular,Automatic 10-spd,8.0,5.3,15,18,16,545.0,18.594,3850,3,-8250
Chevrolet,Silverado 4WD ZR2,2024,Standard Pickup Trucks 4WD,4-Wheel Drive,Diesel,Automatic 10-spd,6.0,3.0,20,22,21,484.0,17.009,3800,4,-8000
Chevrolet,Silverado 4WD,2024,Standard Pickup Trucks 4WD,4-Wheel Drive,Diesel,Automatic 10-spd,6.0,3.0,23,27,24,416.0,14.883,3300,4,-5500
Chevrolet,Silverado 4WD,2024,Standard Pickup Trucks 4WD,4-Wheel Drive,Diesel,Automatic 10-spd,6.0,3.0,21,24,23,450.0,15.53,3450,4,-6250
Chevrolet,Silverado Mud Terrain Tires 4WD,2024,Standard Pickup Trucks 4WD,4-Wheel Drive,Diesel,Automatic 10-spd,6.0,3.0,21,23,22,463.0,16.236,3600,4,-7000
Chevrolet,Silverado Mud Terrain Tires 4WD,2024,Standard Pickup Trucks 4WD,4-Wheel Drive,Diesel,Automatic 10-spd,6.0,3.0,21,23,22,471.0,16.236,3600,4,-7000
GMC,Sierra 4WD,2024,Standard Pickup Trucks 4WD,4-Wheel Drive,Gasoline or E85,Automatic 10-spd,8.0,5.3,15,19,17,524.0,17.501,3600,3,-7000
GMC,Sierra Mud Terrain Tires 4WD,2024,Standard Pickup Trucks 4WD,4-Wheel Drive,Gasoline or E85,Automatic 10-spd,8.0,5.3,15,19,17,524.0,17.501,3600,3,-7000
GMC,Sierra 4WD,2024,Standard Pickup Trucks 4WD,4-Wheel Drive,Premium,Automatic 10-spd,8.0,6.2,15,19,16,539.0,18.594,4750,3,-12750
GMC,Sierra Mud Terrain Tires 4WD,2024,Standard Pickup Trucks 4WD,4-Wheel Drive,Premium,Automatic 10-spd,8.0,6.2,14,17,15,590.0,19.834,5050,2,-14250
GMC,Sierra 4WD AT4X,2024,Standard Pickup Trucks 4WD,4-Wheel Drive,Premium,Automatic 10-spd,8.0,6.2,14,16,15,601.0,19.834,5050,2,-14250
GMC,Sierra 4WD,2024,Standard Pickup Trucks 4WD,4-Wheel Drive,Regular,Automatic 10-spd,8.0,5.3,15,19,16,546.0,18.594,3850,3,-8250
GMC,Sierra Mud Terrain Tires 4WD,2024,Standard Pickup Trucks 4WD,4-Wheel Drive,Regular,Automatic 10-spd,8.0,5.3,15,19,16,546.0,18.594,3850,3,-8250
GMC,Sierra 4WD,2024,Standard Pickup Trucks 4WD,4-Wheel Drive,Regular,Automatic 10-spd,8.0,5.3,15,19,17,533.0,17.501,3600,3,-7000
GMC,Sierra Mud Terrain Tires 4WD,2024,Standard Pickup Trucks 4WD,4-Wheel Drive,Regular,Automatic 10-spd,8.0,5.3,15,18,16,553.0,18.594,3850,3,-8250
GMC,Sierra 4WD,2024,Standard Pickup Trucks 4WD,4-Wheel Drive,Regular,Automatic 10-spd,8.0,5.3,15,20,17,511.0,17.501,3600,3,-7000
GMC,Sierra Mud Terrain Tires 4WD,2024,Standard Pickup Trucks 4WD,4-Wheel Drive,Regular,Automatic 10-spd,8.0,5.3,15,18,16,558.0,18.594,3850,3,-8250
GMC,Sierra 4WD AT4X,2024,Standard Pickup Trucks 4WD,4-Wheel Drive,Diesel,Automatic 10-spd,6.0,3.0,19,20,19,524.0,18.8,4200,3,-10000
GMC,Sierra 4WD,2024,Standard Pickup Trucks 4WD,4-Wheel Drive,Diesel,Automatic 10-spd,6.0,3.0,23,27,24,416.0,14.883,3300,4,-5500
GMC,Sierra Mud Terrain Tires 4WD,2024,Standard Pickup Trucks 4WD,4-Wheel Drive,Diesel,Automatic 10-spd,6.0,3.0,21,23,22,471.0,16.236,3600,4,-7000
Ram,1500 4WD,2024,Standard Pickup Trucks 4WD,4-Wheel Drive,Regular,Automatic 8-spd,6.0,3.6,19,24,21,417.0,14.167,2950,4,-3750
Ram,1500 4WD,2024,Standard Pickup Trucks 4WD,4-Wheel Drive,Midgrade,Automatic 8-spd,8.0,5.7,18,22,19,456.0,15.658,3700,4,-7500
Ram,1500 TRX 4WD,2024,Standard Pickup Trucks 4WD,4-Wheel Drive,Premium,Automatic 8-spd,8.0,6.2,10,14,12,748.0,24.792,6350,1,-20750
Chevrolet,Silverado Cab Chassis 2WD,2024,Special Purpose Vehicle 2WD,Rear-Wheel Drive,Regular,Automatic 10-spd,8.0,5.3,15,18,16,545.0,18.594,3850,3,-8250
Chevrolet,Silverado Cab Chassis 4WD,2024,Special Purpose Vehicle 4WD,4-Wheel Drive,Regular,Automatic 10-spd,8.0,5.3,14,17,15,577.0,19.834,4100,2,-9500
GMC,Sierra Cab Chassis 2WD,2024,Special Purpose Vehicle 2WD,Rear-Wheel Drive,Regular,Automatic 10-spd,8.0,5.3,14,17,15,580.0,19.834,4100,2,-9500
GMC,Sierra Cab Chassis 4WD,2024,Special Purpose Vehicle 4WD,4-Wheel Drive,Regular,Automatic 10-spd,8.0,5.3,14,17,15,580.0,19.834,4100,2,-9500
Honda,Odyssey,2024,Minivan - 2WD,Front-Wheel Drive,Regular,Automatic (S10),6.0,3.5,19,28,22,394.0,13.523,2800,5,-3000
Chevrolet,Blazer FWD,2024,Small Sport Utility Vehicle 2WD,Front-Wheel Drive,Regular,Automatic 9-spd,4.0,2.0,22,29,25,358.0,11.9,2450,5,-1250
Chevrolet,Blazer FWD,2024,Small Sport Utility Vehicle 2WD,Front-Wheel Drive,Regular,Automatic 9-spd,6.0,3.6,19,26,22,411.0,13.523,2800,5,-3000
Hyundai,Kona FWD,2024,Small Sport Utility Vehicle 2WD,Front-Wheel Drive,Regular,Automatic (AV-S1),4.0,2.0,28,35,31,288.0,9.597,2000,6,1000
Hyundai,Venue,2024,Small Sport Utility Vehicle 2WD,Front-Wheel Drive,Regular,Automatic (AV-S1),4.0,1.6,29,33,31,291.0,9.597,2000,6,1000
Hyundai,Kona FWD,2024,Small Sport Utility Vehicle 2WD,Front-Wheel Drive,Regular,Automatic (AV-S1),4.0,2.0,29,34,31,284.0,9.597,2000,6,1000
Kia,Sportage FWD,2024,Small Sport Utility Vehicle 2WD,Front-Wheel Drive,Regular,Automatic (S8),4.0,2.5,25,33,28,315.0,10.625,2200,6,0
Kia,Niro,2024,Small Sport Utility Vehicle 2WD,Front-Wheel Drive,Regular,Automatic (AM-S6),4.0,1.6,53,45,49,181.0,6.072,1250,8,4750
Kia,Niro FE,2024,Small Sport Utility Vehicle 2WD,Front-Wheel Drive,Regular,Automatic (AM-S6),4.0,1.6,53,54,53,167.0,5.613,1150,8,5250
Mitsubishi,Outlander 2WD,2024,Small Sport Utility Vehicle 2WD,Front-Wheel Drive,Regular,Automatic (AV-S8),4.0,2.5,24,31,27,331.0,11.019,2300,5,-500
Alfa Romeo,Stelvio AWD,2024,Small Sport Utility Vehicle 4WD,All-Wheel Drive,Premium,Automatic 8-spd,6.0,2.9,17,23,19,463.0,15.658,4000,4,-9000
BMW,X1 M35i,2024,Small Sport Utility Vehicle 4WD,All-Wheel Drive,Premium,Automatic (AM-S7),4.0,2.0,23,31,26,334.0,11.443,2900,5,-3500
BMW,X3 M40i,2024,Small Sport Utility Vehicle 4WD,All-Wheel Drive,Premium,Automatic (S8),6.0,3.0,21,26,23,378.0,12.935,3300,5,-5500
BMW,X3 M,2024,Small Sport Utility Vehicle 4WD,All-Wheel Drive,Premium,Automatic (S8),6.0,3.0,15,20,17,519.0,17.501,4450,3,-11250
BMW,X3 M Competition,2024,Small Sport Utility Vehicle 4WD,All-Wheel Drive,Premium,Automatic (S8),6.0,3.0,15,20,17,519.0,17.501,4450,3,-11250
BMW,X4 M40i,2024,Small Sport Utility Vehicle 4WD,All-Wheel Drive,Premium,Automatic (S8),6.0,3.0,21,26,23,378.0,12.935,3300,5,-5500
BMW,X4 M,2024,Small Sport Utility Vehicle 4WD,All-Wheel Drive,Premium,Automatic (S8),6.0,3.0,15,20,17,519.0,17.501,4450,3,-11250
BMW,X4 M Competition,2024,Small Sport Utility Vehicle 4WD,All-Wheel Drive,Premium,Automatic (S8),6.0,3.0,15,20,17,519.0,17.501,4450,3,-11250
Chevrolet,Blazer AWD,2024,Small Sport Utility Vehicle 4WD,All-Wheel Drive,Regular,Automatic 9-spd,4.0,2.0,22,27,24,368.0,12.396,2550,5,-1750
Chevrolet,Blazer AWD,2024,Small Sport Utility Vehicle 4WD,All-Wheel Drive,Regular,Automatic 9-spd,6.0,3.6,18,26,21,422.0,14.167,2950,4,-3750
Ford,Edge AWD,2024,Small Sport Utility Vehicle 4WD,All-Wheel Drive,Regular,Automatic (S8),6.0,2.7,19,25,21,418.0,14.167,2950,4,-3750
Ford,Edge AWD,2024,Small Sport Utility Vehicle 4WD,All-Wheel Drive,Regular,Automatic (S8),4.0,2.0,21,28,23,380.0,12.935,2650,5,-2250
Ford,Edge AWD,2024,Small Sport Utility Vehicle 4WD,All-Wheel Drive,Regular,Automatic 8-spd,4.0,2.0,21,28,23,380.0,12.935,2650,5,-2250
Hyundai,Kona AWD,2024,Small Sport Utility Vehicle 4WD,All-Wheel Drive,Regular,Automatic (AV-S1),4.0,2.0,26,29,27,323.0,11.019,2300,5,-500
Hyundai,Kona AWD,2024,Small Sport Utility Vehicle 4WD,All-Wheel Drive,Regular,Automatic (AV-S1),4.0,2.0,27,29,28,319.0,10.625,2200,6,0
Jeep,Wrangler 4dr 4WD,2024,Small Sport Utility Vehicle 4WD,4-Wheel Drive,Regular,Manual 6-spd,6.0,3.6,16,22,19,476.0,15.658,3250,4,-5250
Jeep,Wrangler 2dr 4WD,2024,Small Sport Utility Vehicle 4WD,4-Wheel Drive,Regular,Manual 6-spd,6.0,3.6,17,23,19,462.0,15.658,3250,4,-5250
Jeep,Wrangler Rubicon 4dr 4WD,2024,Small Sport Utility Vehicle 4WD,4-Wheel Drive,Regular,Automatic 8-spd,6.0,3.6,16,19,17,518.0,17.501,3600,3,-7000
Jeep,Wrangler Rubicon 2dr 4WD,2024,Small Sport Utility Vehicle 4WD,4-Wheel Drive,Regular,Automatic 8-spd,6.0,3.6,16,20,18,501.0,16.528,3400,4,-6000
Kia,Sportage AWD,2024,Small Sport Utility Vehicle 4WD,All-Wheel Drive,Regular,Automatic (S8),4.0,2.5,23,26,25,363.0,11.9,2450,5,-1250
Kia,Sportage X-pro,2024,Small Sport Utility Vehicle 4WD,All-Wheel Drive,Regular,Automatic (S8),4.0,2.5,23,30,26,344.0,11.443,2350,5,-750
Land Rover,Range Rover Velar P340 MHEV,2024,Small Sport Utility Vehicle 4WD,4-Wheel Drive,Premium,Automatic (S8),6.0,3.0,19,26,22,407.0,13.523,3450,5,-6250
Mazda,CX-50 4WD,2024,Small Sport Utility Vehicle 4WD,4-Wheel Drive,Regular,Automatic (S6),4.0,2.5,24,30,27,335.0,11.019,2300,5,-500
Mazda,CX-50 4WD,2024,Small Sport Utility Vehicle 4WD,4-Wheel Drive,Regular,Automatic (S6),4.0,2.5,23,29,25,356.0,11.9,2450,5,-1250
Mitsubishi,Outlander 4WD,2024,Small Sport Utility Vehicle 4WD,4-Wheel Drive,Regular,Automatic (AV-S8),4.0,2.5,24,30,26,342.0,11.443,2350,5,-750
Porsche,Macan,2024,Small Sport Utility Vehicle 4WD,All-Wheel Drive,Premium,Automatic (AM-S7),4.0,2.0,19,25,21,424.0,14.167,3600,4,-7000
Infiniti,QX80 2WD,2024,Standard Sport Utility Vehicle 2WD,Rear-Wheel Drive,Premium,Automatic (S7),8.0,5.6,14,20,16,552.0,18.594,4750,3,-12750
Infiniti,QX80 4WD,2024,Standard Sport Utility Vehicle 4WD,4-Wheel Drive,Premium,Automatic (S7),8.0,5.6,13,19,15,593.0,19.834,5050,2,-14250
Jeep,Grand Wagoneer 4WD,2024,Standard Sport Utility Vehicle 4WD,All-Wheel Drive,Premium,Automatic 8-spd,8.0,6.4,13,18,15,602.0,19.834,5050,2,-14250
Land Rover,Discovery,2024,Standard Sport Utility Vehicle 4WD,4-Wheel Drive,Premium,Automatic (S8),4.0,2.0,19,24,21,421.0,14.167,3600,4,-7000
Mercedes-Benz,AMG GLS63 4matic Plus,2024,Standard Sport Utility Vehicle 4WD,All-Wheel Drive,Premium,Automatic 9-spd,8.0,4.0,14,18,16,564.0,18.594,4750,3,-12750
Mercedes-Benz,GLE580 4matic,2024,Standard Sport Utility Vehicle 4WD,All-Wheel Drive,Premium,Automatic 9-spd,8.0,4.0,15,20,17,534.0,17.501,4450,3,-11250
Mercedes-Benz,GLS580 4matic,2024,Standard Sport Utility Vehicle 4WD,All-Wheel Drive,Premium,Automatic 9-spd,8.0,4.0,14,20,16,554.0,18.594,4750,3,-12750
Mercedes-Benz,GLS450 4matic,2024,Standard Sport Utility Vehicle 4WD,All-Wheel Drive,Premium,Automatic 9-spd,6.0,3.0,19,24,21,428.0,14.167,3600,4,-7000
Porsche,Cayenne,2024,Standard Sport Utility Vehicle 4WD,All-Wheel Drive,Premium,Automatic (S8),6.0,3.0,17,23,19,469.0,15.658,4000,4,-9000
Porsche,Cayenne Coupe,2024,Standard Sport Utility Vehicle 4WD,All-Wheel Drive,Premium,Automatic (S8),6.0,3.0,17,23,19,469.0,15.658,4000,4,-9000
Porsche,Cayenne S,2024,Standard Sport Utility Vehicle 4WD,All-Wheel Drive,Premium,Automatic (S8),8.0,4.0,15,21,17,521.0,17.501,4450,3,-11250
Porsche,Cayenne S Coupe,2024,Standard Sport Utility Vehicle 4WD,All-Wheel Drive,Premium,Automatic (S8),8.0,4.0,15,21,17,521.0,17.501,4450,3,-11250
Bugatti,Chiron Super Sport,2024,Two Seaters,All-Wheel Drive,Premium,Automatic (AM-S7),16.0,8.0,8,11,9,979.0,33.057,8450,1,-31250
Chevrolet,Corvette,2024,Two Seaters,Rear-Wheel Drive,Premium,Automatic (S8),8.0,6.2,16,25,19,472.0,15.658,4000,4,-9000
Ferrari,812 Competizione,2024,Two Seaters,Rear-Wheel Drive,Premium,Automatic (AM7),12.0,6.5,12,16,14,652.0,21.251,5450,2,-16250
Ferrari,812 Competizione A,2024,Two Seaters,Rear-Wheel Drive,Premium,Automatic (AM7),12.0,6.5,12,16,14,648.0,21.251,5450,2,-16250
Ferrari,Daytona SP3,2024,Two Seaters,Rear-Wheel Drive,Premium,Automatic (AM7),12.0,6.5,12,16,13,660.0,22.885,5850,1,-18250
Nissan,Z,2024,Two Seaters,Rear-Wheel Drive,Premium,Manual 6-spd,6.0,3.0,18,24,20,435.0,14.876,3800,4,-8000
Nissan,Z,2024,Two Seaters,Rear-Wheel Drive,Premium,Automatic (S9),6.0,3.0,19,28,22,405.0,13.523,3450,5,-6250
Nissan,Z NISMO,2024,Two Seaters,Rear-Wheel Drive,Premium,Automatic (S9),6.0,3.0,17,24,19,469.0,15.658,4000,4,-9000
Porsche,911 GT3,2024,Two Seaters,Rear-Wheel Drive,Premium,Automatic (AM-S7),6.0,4.0,14,18,16,571.0,18.594,4750,3,-12750
Porsche,911 GT3,2024,Two Seaters,Rear-Wheel Drive,Premium,Manual 6-spd,6.0,4.0,13,19,15,573.0,19.834,5050,2,-14250
Porsche,911 GT3 Touring,2024,Two Seaters,Rear-Wheel Drive,Premium,Automatic (AM-S7),6.0,4.0,14,18,16,571.0,18.594,4750,3,-12750
Porsche,911 GT3 Touring,2024,Two Seaters,Rear-Wheel Drive,Premium,Manual 6-spd,6.0,4.0,13,19,15,573.0,19.834,5050,2,-14250
Porsche,911 GT3 RS,2024,Two Seaters,Rear-Wheel Drive,Premium,Automatic (AM-S7),6.0,4.0,14,18,16,570.0,18.594,4750,3,-12750
Porsche,718 Boxster,2024,Two Seaters,Rear-Wheel Drive,Premium,Manual 6-spd,4.0,2.0,20,25,22,409.0,13.523,3450,5,-6250
Porsche,718 Boxster,2024,Two Seaters,Rear-Wheel Drive,Premium,Automatic (AM-S7),4.0,2.0,21,27,24,375.0,12.396,3150,5,-4750
Porsche,718 Cayman,2024,Two Seaters,Rear-Wheel Drive,Premium,Manual 6-spd,4.0,2.0,20,25,22,409.0,13.523,3450,5,-6250
Porsche,718 Cayman,2024,Two Seaters,Rear-Wheel Drive,Premium,Automatic (AM-S7),4.0,2.0,21,27,24,375.0,12.396,3150,5,-4750
Porsche,718 Boxster S,2024,Two Seaters,Rear-Wheel Drive,Premium,Manual 6-spd,4.0,2.5,19,24,21,423.0,14.167,3600,4,-7000
Porsche,718 Boxster S,2024,Two Seaters,Rear-Wheel Drive,Premium,Automatic (AM-S7),4.0,2.5,19,25,22,410.0,13.523,3450,5,-6250
Porsche,718 Boxster GTS,2024,Two Seaters,Rear-Wheel Drive,Premium,Manual 6-spd,6.0,4.0,17,24,19,458.0,15.658,4000,4,-9000
Porsche,718 Boxster GTS,2024,Two Seaters,Rear-Wheel Drive,Premium,Automatic (AM-S7),6.0,4.0,19,24,21,418.0,14.167,3600,4,-7000
Porsche,718 Cayman GTS,2024,Two Seaters,Rear-Wheel Drive,Premium,Manual 6-spd,6.0,4.0,17,24,19,458.0,15.658,4000,4,-9000
Porsche,718 Cayman GTS,2024,Two Seaters,Rear-Wheel Drive,Premium,Automatic (AM-S7),6.0,4.0,19,24,21,418.0,14.167,3600,4,-7000
Porsche,718 Cayman S,2024,Two Seaters,Rear-Wheel Drive,Premium,Manual 6-spd,4.0,2.5,19,24,21,423.0,14.167,3600,4,-7000
Porsche,718 Cayman S,2024,Two Seaters,Rear-Wheel Drive,Premium,Automatic (AM-S7),4.0,2.5,19,25,22,410.0,13.523,3450,5,-6250
Porsche,718 GT4 RS,2024,Two Seaters,Rear-Wheel Drive,Premium,Automatic (AM-S7),6.0,4.0,15,19,16,544.0,18.594,4750,3,-12750
Porsche,911 Turbo,2024,Minicompact Cars,All-Wheel Drive,Premium,Automatic (AM-S8),6.0,3.7,14,21,17,534.0,17.501,4450,3,-11250
Porsche,911 Turbo Cabriolet,2024,Minicompact Cars,All-Wheel Drive,Premium,Automatic (AM-S8),6.0,3.7,14,20,16,546.0,18.594,4750,3,-12750
Porsche,911 Turbo S,2024,Minicompact Cars,All-Wheel Drive,Premium,Automatic (AM-S8),6.0,3.7,14,20,16,556.0,18.594,4750,3,-12750
Porsche,911 Turbo S Cabriolet,2024,Minicompact Cars,All-Wheel Drive,Premium,Automatic (AM-S8),6.0,3.7,14,20,16,549.0,18.594,4750,3,-12750
Audi,A5 Coupe quattro,2024,Subcompact Cars,All-Wheel Drive,Premium,Automatic (AM-S7),4.0,2.0,24,32,27,330.0,11.019,2800,5,-3000
Audi,A5 Cabriolet quattro,2024,Subcompact Cars,All-Wheel Drive,Premium,Automatic (AM-S7),4.0,2.0,24,33,27,324.0,11.019,2800,5,-3000
Audi,A3,2024,Subcompact Cars,Front-Wheel Drive,Regular,Automatic (AM-S7),4.0,2.0,29,37,32,279.0,9.297,1900,6,1500
Audi,A3 quattro,2024,Subcompact Cars,4-Wheel Drive,Regular,Automatic (AM-S7),4.0,2.0,27,34,30,299.0,9.917,2050,6,750
Audi,S5 Coupe,2024,Subcompact Cars,All-Wheel Drive,Premium,Automatic (S8),6.0,3.0,21,29,24,376.0,12.396,3150,5,-4750
Audi,S5 Cabriolet,2024,Subcompact Cars,All-Wheel Drive,Premium,Automatic (S8),6.0,3.0,20,27,22,397.0,13.523,3450,5,-6250
Chevrolet,Camaro,2024,Subcompact Cars,Rear-Wheel Drive,Regular,Manual 6-spd,6.0,3.6,16,26,20,451.0,14.876,3100,4,-4500
Chevrolet,Camaro,2024,Subcompact Cars,Rear-Wheel Drive,Premium,Automatic (S10),8.0,6.2,13,21,16,571.0,18.594,4750,3,-12750
Chevrolet,Camaro,2024,Subcompact Cars,Rear-Wheel Drive,Premium,Manual 6-spd,8.0,6.2,14,20,16,561.0,18.594,4750,3,-12750
Chevrolet,Camaro,2024,Subcompact Cars,Rear-Wheel Drive,Premium,Automatic (S10),8.0,6.2,16,26,20,452.0,14.876,3800,4,-8000
Chevrolet,Camaro,2024,Subcompact Cars,Rear-Wheel Drive,Premium,Manual 6-spd,8.0,6.2,16,24,19,477.0,15.658,4000,4,-9000
Chevrolet,Camaro,2024,Subcompact Cars,Rear-Wheel Drive,Regular,Automatic (S10),6.0,3.6,18,29,22,407.0,13.523,2800,5,-3000
Ferrari,Roma,2024,Subcompact Cars,Rear-Wheel Drive,Premium,Automatic (AM8),8.0,3.9,17,22,19,472.0,15.658,4000,4,-9000
Audi,A4 S line quattro,2024,Compact Cars,All-Wheel Drive,Premium,Automatic (AM-S7),4.0,2.0,24,32,27,330.0,11.019,2800,5,-3000
Audi,S4,2024,Compact Cars,All-Wheel Drive,Premium,Automatic (S8),6.0,3.0,21,29,24,376.0,12.396,3150,5,-4750
Mercedes-Benz,AMG GT 43 4matic Plus,2024,Compact Cars,All-Wheel Drive,Premium,Automatic 9-spd,6.0,3.0,19,24,21,421.0,14.167,3600,4,-7000
Mercedes-Benz,AMG GT 53 4matic Plus,2024,Compact Cars,All-Wheel Drive,Premium,Automatic 9-spd,6.0,3.0,19,24,21,421.0,14.167,3600,4,-7000
Volkswagen,Golf R,2024,Compact Cars,All-Wheel Drive,Premium,Automatic (AM-S7),4.0,2.0,22,31,25,349.0,11.9,3050,5,-4250
Volkswagen,Golf R,2024,Compact Cars,All-Wheel Drive,Premium,Manual 6-spd,4.0,2.0,20,28,23,382.0,12.935,3300,5,-5500
Volkswagen,Jetta,2024,Compact Cars,Front-Wheel Drive,Regular,Automatic (S8),4.0,1.5,30,41,34,263.0,8.75,1800,7,2000
Volkswagen,Jetta Sport/SE/SEL,2024,Compact Cars,Front-Wheel Drive,Regular,Automatic (S8),4.0,1.5,29,40,33,272.0,9.015,1850,6,1750
Volkswagen,GLI,2024,Compact Cars,Front-Wheel Drive,Regular,Manual 6-spd,4.0,2.0,24,35,28,319.0,10.625,2200,6,0
Audi,A5 Sportback S line quattro,2024,Midsize Cars,All-Wheel Drive,Premium,Automatic (AM-S7),4.0,2.0,24,32,27,330.0,11.019,2800,5,-3000
Audi,A6 quattro,2024,Midsize Cars,All-Wheel Drive,Premium,Automatic (AM-S7),4.0,2.0,23,33,26,337.0,11.443,2900,5,-3500
Audi,S5 Sportback,2024,Midsize Cars,All-Wheel Drive,Premium,Automatic (S8),6.0,3.0,20,29,23,384.0,12.935,3300,5,-5500
Audi,A7 quattro,2024,Midsize Cars,All-Wheel Drive,Premium,Automatic (AM-S7),6.0,3.0,22,30,25,359.0,11.9,3050,5,-4250
Audi,A6 quattro,2024,Midsize Cars,All-Wheel Drive,Premium,Automatic (AM-S7),6.0,3.0,22,30,25,359.0,11.9,3050,5,-4250
Audi,RS 7,2024,Midsize Cars,All-Wheel Drive,Premium,Automatic (S8),8.0,4.0,14,22,17,533.0,17.501,4450,3,-11250
Audi,S6,2024,Midsize Cars,All-Wheel Drive,Premium,Automatic (S8),6.0,2.9,19,26,22,410.0,13.523,3450,5,-6250
Audi,S7,2024,Midsize Cars,All-Wheel Drive,Premium,Automatic (S8),6.0,2.9,19,26,22,410.0,13.523,3450,5,-6250
BMW,530i Sedan,2024,Midsize Cars,Rear-Wheel Drive,Premium,Automatic (S8),4.0,2.0,27,35,30,292.0,9.917,2550,6,-1750
BMW,530i xDrive Sedan,2024,Midsize Cars,All-Wheel Drive,Premium,Automatic (S8),4.0,2.0,27,35,30,292.0,9.917,2550,6,-1750
Honda,Civic 4Dr,2024,Midsize Cars,Front-Wheel Drive,Regular,Automatic (variable gear ratios),4.0,1.5,33,42,36,243.0,8.264,1700,7,2500
Honda,Civic 4Dr,2024,Midsize Cars,Front-Wheel Drive,Regular,Automatic (AV-S7),4.0,1.5,31,38,34,260.0,8.75,1800,7,2000
Honda,Civic 4Dr,2024,Midsize Cars,Front-Wheel Drive,Premium,Manual 6-spd,4.0,1.5,27,37,31,285.0,9.597,2450,6,-1250
Honda,Civic 4Dr,2024,Midsize Cars,Front-Wheel Drive,Regular,Automatic (variable gear ratios),4.0,2.0,31,40,35,254.0,8.5,1750,7,2250
Honda,Civic 4Dr,2024,Midsize Cars,Front-Wheel Drive,Regular,Automatic (AV-S7),4.0,2.0,30,37,33,266.0,9.015,1850,6,1750
Honda,Accord Hybrid Sport/Touring,2024,Midsize Cars,Front-Wheel Drive,Regular,Automatic (variable gear ratios),4.0,2.0,46,41,44,201.0,6.762,1400,8,4000
Hyundai,Elantra,2024,Midsize Cars,Front-Wheel Drive,Regular,Automatic (AV-S1),4.0,2.0,31,40,34,257.0,8.75,1800,7,2000
Hyundai,Elantra,2024,Midsize Cars,Front-Wheel Drive,Regular,Automatic (AV-S1),4.0,2.0,32,41,36,246.0,8.264,1700,7,2500
Jaguar,XF P300 AWD,2024,Midsize Cars,All-Wheel Drive,Premium,Automatic (S8),4.0,2.0,21,28,24,372.0,12.396,3150,5,-4750
Kia,Forte,2024,Midsize Cars,Front-Wheel Drive,Regular,Manual 6-spd,4.0,1.6,22,31,26,348.0,11.443,2350,5,-750
Kia,Forte,2024,Midsize Cars,Front-Wheel Drive,Regular,Automatic (AM-S7),4.0,1.6,27,35,30,296.0,9.917,2050,6,750
Kia,Forte FE,2024,Midsize Cars,Front-Wheel Drive,Regular,Automatic (variable gear ratios),4.0,2.0,30,41,34,261.0,8.75,1800,7,2000
Kia,Forte,2024,Midsize Cars,Front-Wheel Drive,Regular,Automatic (variable gear ratios),4.0,2.0,28,39,32,277.0,9.297,1900,6,1500
Nissan,Altima,2024,Midsize Cars,Front-Wheel Drive,Regular,Automatic (variable gear ratios),4.0,2.5,27,38,31,282.0,9.597,2000,6,1000
Nissan,Altima AWD,2024,Midsize Cars,All-Wheel Drive,Regular,Automatic (variable gear ratios),4.0,2.5,26,34,29,300.0,10.259,2100,6,500
Nissan,Altima SL/SR,2024,Midsize Cars,Front-Wheel Drive,Regular,Automatic (variable gear ratios),4.0,2.5,27,36,30,287.0,9.917,2050,6,750
Nissan,Altima SR,2024,Midsize Cars,Front-Wheel Drive,Regular,Automatic (AV-S8),4.0,2.0,25,34,29,311.0,10.259,2100,6,500
Toyota,Camry,2024,Midsize Cars,Front-Wheel Drive,Regular,Automatic (S8),6.0,3.5,22,33,26,338.0,11.443,2350,5,-750
Toyota,Camry TRD,2024,Midsize Cars,Front-Wheel Drive,Regular,Automatic (S8),6.0,3.5,22,31,25,354.0,11.9,2450,5,-1250
Toyota,Camry XSE,2024,Midsize Cars,Front-Wheel Drive,Regular,Automatic (S8),6.0,3.5,22,32,26,345.0,11.443,2350,5,-750
Toyota,Camry AWD LE/SE,2024,Midsize Cars,All-Wheel Drive,Regular,Automatic (S8),4.0,2.5,25,34,29,310.0,10.259,2100,6,500
Toyota,Camry AWD XLE/XSE,2024,Midsize Cars,All-Wheel Drive,Regular,Automatic (S8),4.0,2.5,25,34,28,315.0,10.625,2200,6,0
Toyota,Camry LE/SE,2024,Midsize Cars,Front-Wheel Drive,Regular,Automatic (S8),4.0,2.5,28,39,32,280.0,9.297,1900,6,1500
Toyota,Camry XLE/XSE,2024,Midsize Cars,Front-Wheel Drive,Regular,Automatic (S8),4.0,2.5,27,38,31,286.0,9.597,2000,6,1000
Toyota,Camry Hybrid LE,2024,Midsize Cars,Front-Wheel Drive,Regular,Automatic (AV-S6),4.0,2.5,51,53,52,170.0,5.721,1200,8,5000
Toyota,Camry Hybrid SE/XLE/XSE,2024,Midsize Cars,Front-Wheel Drive,Regular,Automatic (AV-S6),4.0,2.5,44,47,46,195.0,6.468,1350,8,4250
Audi,A8 quattro,2024,Large Cars,All-Wheel Drive,Premium,Automatic (S8),6.0,3.0,19,28,22,400.0,13.523,3450,5,-6250
Audi,S8,2024,Large Cars,All-Wheel Drive,Premium,Automatic (S8),8.0,4.0,15,24,18,502.0,16.528,4200,4,-10000
BMW,740i xDrive Sedan,2024,Large Cars,All-Wheel Drive,Premium,Automatic (S8),6.0,3.0,24,31,27,326.0,11.019,2800,5,-3000
Honda,Civic 5Dr,2024,Large Cars,Front-Wheel Drive,Regular,Automatic (variable gear ratios),4.0,1.5,31,39,35,258.0,8.5,1750,7,2250
Honda,Civic 5Dr,2024,Large Cars,Front-Wheel Drive,Regular,Automatic (AV-S7),4.0,1.5,30,37,33,267.0,9.015,1850,6,1750
Honda,Civic 5Dr,2024,Large Cars,Front-Wheel Drive,Regular,Manual 6-spd,4.0,1.5,28,37,31,282.0,9.597,2000,6,1000
Honda,Civic 5Dr,2024,Large Cars,Front-Wheel Drive,Regular,Automatic (variable gear ratios),4.0,2.0,30,38,33,269.0,9.015,1850,6,1750
Honda,Civic 5Dr,2024,Large Cars,Front-Wheel Drive,Regular,Automatic (AV-S7),4.0,2.0,29,37,32,277.0,9.297,1900,6,1500
Honda,Civic 5Dr,2024,Large Cars,Front-Wheel Drive,Regular,Manual 6-spd,4.0,2.0,26,36,29,304.0,10.259,2100,6,500
Honda,Accord,2024,Large Cars,Front-Wheel Drive,Regular,Automatic (variable gear ratios),4.0,1.5,29,37,32,277.0,9.297,1900,6,1500
Honda,Accord Hybrid,2024,Large Cars,Front-Wheel Drive,Regular,Automatic (variable gear ratios),4.0,2.0,51,44,48,184.0,6.198,1300,8,4500
Audi,A4 allroad quattro,2024,Small Station Wagons,All-Wheel Drive,Premium,Automatic (AM-S7),4.0,2.0,23,30,26,346.0,11.443,2900,5,-3500
Audi,A6 Allroad quattro,2024,Midsize Station Wagons,All-Wheel Drive,Premium,Automatic (AM-S7),6.0,3.0,22,30,25,359.0,11.9,3050,5,-4250
Audi,RS 6 Avant,2024,Midsize Station Wagons,All-Wheel Drive,Premium,Automatic (S8),8.0,4.0,14,22,17,533.0,17.501,4450,3,-11250
Nissan,Murano FWD,2024,Midsize Station Wagons,Front-Wheel Drive,Regular,Automatic (AV-S7),6.0,3.5,20,28,23,388.0,12.935,2650,5,-2250
Nissan,Murano AWD,2024,Midsize Station Wagons,All-Wheel Drive,Regular,Automatic (AV-S7),6.0,3.5,19,27,22,393.0,13.523,2800,5,-3000
GMC,Canyon 4WD,2024,Small Pickup Trucks 4WD,4-Wheel Drive,Regular,Automatic 8-spd,4.0,2.7,18,22,19,468.0,15.658,3250,4,-5250
Chevrolet,Silverado 2WD,2024,Standard Pickup Trucks 2WD,Rear-Wheel Drive,Regular,Automatic 8-spd,4.0,2.7,18,22,20,453.0,14.876,3100,4,-4500
Chevrolet,Silverado 2WD,2024,Standard Pickup Trucks 2WD,Rear-Wheel Drive,Regular,Automatic 8-spd,4.0,2.7,17,21,19,470.0,15.658,3250,4,-5250
GMC,Sierra 2WD,2024,Standard Pickup Trucks 2WD,Rear-Wheel Drive,Regular,Automatic 8-spd,4.0,2.7,18,22,20,450.0,14.876,3100,4,-4500
GMC,Sierra 2WD,2024,Standard Pickup Trucks 2WD,Rear-Wheel Drive,Regular,Automatic 8-spd,4.0,2.7,17,21,19,470.0,15.658,3250,4,-5250
Nissan,Titan 2WD,2024,Standard Pickup Trucks 2WD,Rear-Wheel Drive,Premium,Automatic (S9),8.0,5.6,15,21,17,510.0,17.501,4450,3,-11250
Toyota,Tundra 2WD,2024,Standard Pickup Trucks 2WD,Rear-Wheel Drive,Regular,Automatic (S10),6.0,3.4,18,23,20,449.0,14.876,3100,4,-4500
Toyota,Tundra 2WD,2024,Standard Pickup Trucks 2WD,Rear-Wheel Drive,Regular,Automatic (S10),6.0,3.4,18,23,20,442.0,14.876,3100,4,-4500
Toyota,Tundra 2WD,2024,Standard Pickup Trucks 2WD,Rear-Wheel Drive,Regular,Automatic (S10),6.0,3.4,20,24,22,408.0,13.523,2800,5,-3000
Chevrolet,Silverado Mud Terrain Tires 4WD,2024,Standard Pickup Trucks 4WD,4-Wheel Drive,Regular,Automatic 8-spd,4.0,2.7,16,17,17,534.0,17.501,3600,3,-7000
Chevrolet,Silverado 4WD,2024,Standard Pickup Trucks 4WD,4-Wheel Drive,Regular,Automatic 8-spd,4.0,2.7,17,19,18,506.0,16.528,3400,4,-6000
Chevrolet,Silverado 4WD,2024,Standard Pickup Trucks 4WD,4-Wheel Drive,Regular,Automatic 8-spd,4.0,2.7,18,21,19,468.0,15.658,3250,4,-5250
Chevrolet,Silverado Mud Terrain Tires 4WD,2024,Standard Pickup Trucks 4WD,4-Wheel Drive,Regular,Automatic 8-spd,4.0,2.7,16,17,16,542.0,18.594,3850,3,-8250
GMC,Sierra 4WD,2024,Standard Pickup Trucks 4WD,4-Wheel Drive,Regular,Automatic 8-spd,4.0,2.7,17,18,17,513.0,17.501,3600,3,-7000
GMC,Sierra 4WD,2024,Standard Pickup Trucks 4WD,4-Wheel Drive,Regular,Automatic 8-spd,4.0,2.7,17,20,18,488.0,16.528,3400,4,-6000
GMC,Sierra Mud Terrain Tires 4WD,2024,Standard Pickup Trucks 4WD,4-Wheel Drive,Regular,Automatic 8-spd,4.0,2.7,16,17,16,542.0,18.594,3850,3,-8250
Nissan,Titan 4WD,2024,Standard Pickup Trucks 4WD,Part-time 4-Wheel Drive,Premium,Automatic (S9),8.0,5.6,15,21,17,519.0,17.501,4450,3,-11250
Nissan,Titan 4WD PRO4X,2024,Standard Pickup Trucks 4WD,Part-time 4-Wheel Drive,Premium,Automatic (S9),8.0,5.6,14,20,16,546.0,18.594,4750,3,-12750
Toyota,Tundra 4WD,2024,Standard Pickup Trucks 4WD,Part-time 4-Wheel Drive,Regular,Automatic (S10),6.0,3.4,17,23,19,459.0,15.658,3250,4,-5250
Toyota,Tundra 4WD,2024,Standard Pickup Trucks 4WD,Part-time 4-Wheel Drive,Regular,Automatic (S10),6.0,3.4,17,22,19,460.0,15.658,3250,4,-5250
Toyota,Tundra 4WD,2024,Standard Pickup Trucks 4WD,Part-time 4-Wheel Drive,Regular,Automatic (S10),6.0,3.4,19,22,20,439.0,14.876,3100,4,-4500
Toyota,Tundra 4WD PRO,2024,Standard Pickup Trucks 4WD,Part-time 4-Wheel Drive,Regular,Automatic (S10),6.0,3.4,18,20,19,461.0,15.658,3250,4,-5250
Chrysler,Pacifica,2024,Minivan - 2WD,Front-Wheel Drive,Regular,Automatic 9-spd,6.0,3.6,19,28,22,401.0,13.523,2800,5,-3000
Chrysler,Voyager,2024,Minivan - 2WD,Front-Wheel Drive,Regular,Automatic 9-spd,6.0,3.6,19,28,22,401.0,13.523,2800,5,-3000
Honda,Pilot FWD,2024,Small Sport Utility Vehicle 2WD,Front-Wheel Drive,Regular,Automatic (S10),6.0,3.5,19,27,22,402.0,13.523,2800,5,-3000
Kia,Sorento Hybrid FWD,2024,Small Sport Utility Vehicle 2WD,Front-Wheel Drive,Regular,Automatic (AM-S6),4.0,1.6,39,35,37,242.0,8.041,1650,7,2750
Lexus,RX 350,2024,Small Sport Utility Vehicle 2WD,Front-Wheel Drive,Premium,Automatic (S8),4.0,2.4,22,29,25,353.0,11.9,3050,5,-4250
Mitsubishi,Outlander Sport 2WD,2024,Small Sport Utility Vehicle 2WD,Front-Wheel Drive,Regular,Automatic (AV-S6),4.0,2.0,24,30,27,333.0,11.019,2300,5,-500
Nissan,Pathfinder 2WD,2024,Small Sport Utility Vehicle 2WD,Front-Wheel Drive,Regular,Automatic (S9),6.0,3.5,20,27,23,388.0,12.935,2650,5,-2250
Volkswagen,Tiguan S,2024,Small Sport Utility Vehicle 2WD,Front-Wheel Drive,Regular,Automatic (S8),4.0,2.0,24,31,27,331.0,11.019,2300,5,-500
Volkswagen,Tiguan,2024,Small Sport Utility Vehicle 2WD,Front-Wheel Drive,Regular,Automatic (S8),4.0,2.0,23,30,26,345.0,11.443,2350,5,-750
Volkswagen,Taos,2024,Small Sport Utility Vehicle 2WD,Front-Wheel Drive,Regular,Automatic (S8),4.0,1.5,28,36,31,286.0,9.597,2000,6,1000
Audi,Q3 S line quattro,2024,Small Sport Utility Vehicle 4WD,All-Wheel Drive,Regular,Automatic (S8),4.0,2.0,20,28,23,384.0,12.935,2650,5,-2250
Audi,Q5 S line quattro,2024,Small Sport Utility Vehicle 4WD,All-Wheel Drive,Premium,Automatic (AM-S7),4.0,2.0,22,28,24,366.0,12.396,3150,5,-4750
Audi,Q5 Sportback S line quattro,2024,Small Sport Utility Vehicle 4WD,All-Wheel Drive,Premium,Automatic (AM-S7),4.0,2.0,22,28,24,366.0,12.396,3150,5,-4750
Audi,Q3 quattro,2024,Small Sport Utility Vehicle 4WD,All-Wheel Drive,Regular,Automatic (S8),4.0,2.0,22,29,25,360.0,11.9,2450,5,-1250
Jeep,Compass 4WD,2024,Small Sport Utility Vehicle 4WD,All-Wheel Drive,Regular,Automatic 8-spd,4.0,2.0,24,32,27,330.0,11.019,2300,5,-500
Kia,Sorento Hybrid AWD,2024,Small Sport Utility Vehicle 4WD,All-Wheel Drive,Regular,Automatic (AM-S6),4.0,1.6,36,33,34,262.0,8.75,1800,7,2000
Lexus,RX 350h AWD,2024,Small Sport Utility Vehicle 4WD,All-Wheel Drive,Premium,Automatic (AV-S6),4.0,2.5,37,34,36,243.0,8.264,2100,7,500
Lexus,RX 350 AWD,2024,Small Sport Utility Vehicle 4WD,All-Wheel Drive,Premium,Automatic (S8),4.0,2.4,21,28,24,371.0,12.396,3150,5,-4750
Lexus,RX 500h AWD,2024,Small Sport Utility Vehicle 4WD,All-Wheel Drive,Premium,Automatic (AV-S6),4.0,2.4,27,28,27,320.0,11.019,2800,5,-3000
Mazda,CX-5 4WD,2024,Small Sport Utility Vehicle 4WD,4-Wheel Drive,Regular,Automatic (S6),4.0,2.5,26,31,28,320.0,10.625,2200,6,0
Mazda,CX-5 4WD,2024,Small Sport Utility Vehicle 4WD,4-Wheel Drive,Regular,Automatic (S6),4.0,2.5,22,27,24,370.0,12.396,2550,5,-1750
Mitsubishi,Outlander Sport 4WD,2024,Small Sport Utility Vehicle 4WD,4-Wheel Drive,Regular,Automatic (AV-S6),4.0,2.0,23,29,26,343.0,11.443,2350,5,-750
Mitsubishi,Outlander Sport 4WD,2024,Small Sport Utility Vehicle 4WD,4-Wheel Drive,Regular,Automatic (AV-S6),4.0,2.4,23,28,25,350.0,11.9,2450,5,-1250
Nissan,Pathfinder 4WD,2024,Small Sport Utility Vehicle 4WD,4-Wheel Drive,Regular,Automatic (S9),6.0,3.5,21,27,23,379.0,12.935,2650,5,-2250
Nissan,Pathfinder 4WD Rock Creek,2024,Small Sport Utility Vehicle 4WD,4-Wheel Drive,Premium,Automatic (S9),6.0,3.5,20,23,21,418.0,14.167,3600,4,-7000
Porsche,Macan S,2024,Small Sport Utility Vehicle 4WD,All-Wheel Drive,Premium,Automatic (AM-S7),6.0,2.9,17,23,19,466.0,15.658,4000,4,-9000
Porsche,Macan T,2024,Small Sport Utility Vehicle 4WD,All-Wheel Drive,Premium,Automatic (AM-S7),4.0,2.0,19,25,21,417.0,14.167,3600,4,-7000
Porsche,Macan GTS,2024,Small Sport Utility Vehicle 4WD,All-Wheel Drive,Premium,Automatic (AM-S7),6.0,2.9,17,22,19,466.0,15.658,4000,4,-9000
Subaru,Forester AWD,2024,Small Sport Utility Vehicle 4WD,All-Wheel Drive,Regular,Automatic (AV-S8),4.0,2.5,26,33,29,310.0,10.259,2100,6,500
Subaru,Crosstrek Wilderness AWD,2024,Small Sport Utility Vehicle 4WD,All-Wheel Drive,Regular,Automatic (AV-S8),4.0,2.5,25,29,27,332.0,11.019,2300,5,-500
Subaru,Forester Wilderness AWD,2024,Small Sport Utility Vehicle 4WD,All-Wheel Drive,Regular,Automatic (AV-S8),4.0,2.5,25,28,26,338.0,11.443,2350,5,-750
Volkswagen,Tiguan 4motion,2024,Small Sport Utility Vehicle 4WD,All-Wheel Drive,Regular,Automatic (S8),4.0,2.0,22,29,25,357.0,11.9,2450,5,-1250
Volkswagen,Tiguan R-Line 4motion,2024,Small Sport Utility Vehicle 4WD,All-Wheel Drive,Regular,Automatic (S8),4.0,2.0,22,29,24,367.0,12.396,2550,5,-1750
Volkswagen,Taos 4motion,2024,Small Sport Utility Vehicle 4WD,All-Wheel Drive,Regular,Automatic (AM-S7),4.0,1.5,24,32,27,329.0,11.019,2300,5,-500
Ford,Expedition 2WD,2024,Standard Sport Utility Vehicle 2WD,Rear-Wheel Drive,Regular,Automatic (S10),6.0,3.5,17,23,19,462.0,15.658,3250,4,-5250
Infiniti,QX60 FWD,2024,Standard Sport Utility Vehicle 2WD,Front-Wheel Drive,Premium,Automatic (S9),6.0,3.5,21,26,23,387.0,12.935,3300,5,-5500
Jeep,Wagoneer L 2WD,2024,Standard Sport Utility Vehicle 2WD,Rear-Wheel Drive,Regular,Automatic 8-spd,6.0,3.0,17,24,20,453.0,14.876,3100,4,-4500
Jeep,Wagoneer 2WD,2024,Standard Sport Utility Vehicle 2WD,Rear-Wheel Drive,Regular,Automatic 8-spd,6.0,3.0,17,24,20,453.0,14.876,3100,4,-4500
Jeep,Grand Cherokee 2WD,2024,Standard Sport Utility Vehicle 2WD,Rear-Wheel Drive,Regular,Automatic 8-spd,6.0,3.6,19,26,22,407.0,13.523,2800,5,-3000
Jeep,Grand Cherokee L 2WD,2024,Standard Sport Utility Vehicle 2WD,Rear-Wheel Drive,Regular,Automatic 8-spd,6.0,3.6,19,26,21,416.0,14.167,2950,4,-3750
Toyota,Sequoia 2WD,2024,Standard Sport Utility Vehicle 2WD,Rear-Wheel Drive,Regular,Automatic (S10),6.0,3.4,21,24,22,395.0,13.523,2800,5,-3000
Audi,Q7 quattro,2024,Standard Sport Utility Vehicle 4WD,All-Wheel Drive,Premium,Automatic (S8),6.0,3.0,19,24,21,431.0,14.167,3600,4,-7000
Audi,SQ7,2024,Standard Sport Utility Vehicle 4WD,4-Wheel Drive,Premium,Automatic (S8),8.0,4.0,15,21,17,525.0,17.501,4450,3,-11250
Audi,RS Q8,2024,Standard Sport Utility Vehicle 4WD,All-Wheel Drive,Premium,Automatic (S8),8.0,4.0,13,19,15,574.0,19.834,5050,2,-14250
Audi,Q7 quattro,2024,Standard Sport Utility Vehicle 4WD,All-Wheel Drive,Premium,Automatic (S8),4.0,2.0,19,25,21,416.0,14.167,3600,4,-7000
Audi,SQ8,2024,Standard Sport Utility Vehicle 4WD,All-Wheel Drive,Premium,Automatic (S8),8.0,4.0,15,21,17,518.0,17.501,4450,3,-11250
Cadillac,Escalade V AWD,2024,Standard Sport Utility Vehicle 4WD,4-Wheel Drive,Premium,Automatic (S10),8.0,6.2,11,16,13,682.0,22.885,5850,1,-18250
Ford,Expedition 4WD,2024,Standard Sport Utility Vehicle 4WD,Part-time 4-Wheel Drive,Regular,Automatic (S10),6.0,3.5,16,22,18,485.0,16.528,3400,4,-6000
Ford,Expedition Timberline AWD,2024,Standard Sport Utility Vehicle 4WD,Part-time 4-Wheel Drive,Regular,Automatic (S10),6.0,3.5,16,19,17,523.0,17.501,3600,3,-7000
Honda,Pilot AWD,2024,Standard Sport Utility Vehicle 4WD,All-Wheel Drive,Regular,Automatic (S10),6.0,3.5,19,25,21,415.0,14.167,2950,4,-3750
Honda,Pilot AWD Touring/Elite/Black,2024,Standard Sport Utility Vehicle 4WD,All-Wheel Drive,Regular,Automatic (S10),6.0,3.5,19,25,21,422.0,14.167,2950,4,-3750
Honda,Pilot AWD TrailSport,2024,Standard Sport Utility Vehicle 4WD,All-Wheel Drive,Regular,Automatic (S10),6.0,3.5,18,23,20,442.0,14.876,3100,4,-4500
Infiniti,QX60 AWD,2024,Standard Sport Utility Vehicle 4WD,All-Wheel Drive,Premium,Automatic (S9),6.0,3.5,20,25,22,405.0,13.523,3450,5,-6250
Jeep,Wagoneer 4WD,2024,Standard Sport Utility Vehicle 4WD,All-Wheel Drive,Regular,Automatic 8-spd,6.0,3.0,16,23,19,472.0,15.658,3250,4,-5250
Jeep,Wagoneer L 4WD,2024,Standard Sport Utility Vehicle 4WD,All-Wheel Drive,Regular,Automatic 8-spd,6.0,3.0,16,23,19,476.0,15.658,3250,4,-5250
Jeep,Grand Wagoneer 4WD,2024,Standard Sport Utility Vehicle 4WD,All-Wheel Drive,Premium,Automatic 8-spd,6.0,3.0,14,20,17,537.0,17.501,4450,3,-11250
Jeep,Grand Wagoneer L 4WD,2024,Standard Sport Utility Vehicle 4WD,All-Wheel Drive,Premium,Automatic 8-spd,6.0,3.0,14,20,17,537.0,17.501,4450,3,-11250
Jeep,Grand Cherokee L 4WD,2024,Standard Sport Utility Vehicle 4WD,All-Wheel Drive,Regular,Automatic 8-spd,6.0,3.6,18,25,21,430.0,14.167,2950,4,-3750
Jeep,Grand Cherokee 4WD,2024,Standard Sport Utility Vehicle 4WD,All-Wheel Drive,Regular,Automatic 8-spd,6.0,3.6,19,26,22,413.0,13.523,2800,5,-3000
Land Rover,Range Rover MHEV,2024,Standard Sport Utility Vehicle 4WD,4-Wheel Drive,Premium,Automatic (S8),8.0,4.4,16,23,19,477.0,15.658,4000,4,-9000
Land Rover,Range Rover LWB MHEV,2024,Standard Sport Utility Vehicle 4WD,4-Wheel Drive,Premium,Automatic (S8),8.0,4.4,16,22,18,501.0,16.528,4200,4,-10000
Land Rover,Range Rover Sport MHEV,2024,Standard Sport Utility Vehicle 4WD,4-Wheel Drive,Premium,Automatic (S8),8.0,4.4,16,23,19,477.0,15.658,4000,4,-9000
Land Rover,Range Rover Sport SVR MHEV,2024,Standard Sport Utility Vehicle 4WD,4-Wheel Drive,Premium,Automatic (S8),8.0,4.4,16,22,18,497.0,16.528,4200,4,-10000
Land Rover,Range Rover SV MHEV,2024,Standard Sport Utility Vehicle 4WD,4-Wheel Drive,Premium,Automatic (S8),8.0,4.4,16,22,18,501.0,16.528,4200,4,-10000
Land Rover,Range Rover SV LWB MHEV,2024,Standard Sport Utility Vehicle 4WD,4-Wheel Drive,Premium,Automatic (S8),8.0,4.4,16,22,18,501.0,16.528,4200,4,-10000
Land Rover,Defender 110,2024,Standard Sport Utility Vehicle 4WD,4-Wheel Drive,Premium,Automatic (S8),4.0,2.0,18,20,19,474.0,15.658,4000,4,-9000
Land Rover,Defender 110 MHEV,2024,Standard Sport Utility Vehicle 4WD,4-Wheel Drive,Premium,Automatic (S8),6.0,3.0,17,20,18,484.0,16.528,4200,4,-10000
Land Rover,Defender 90,2024,Standard Sport Utility Vehicle 4WD,4-Wheel Drive,Premium,Automatic (S8),4.0,2.0,18,21,19,465.0,15.658,4000,4,-9000
Land Rover,Defender 90 MHEV,2024,Standard Sport Utility Vehicle 4WD,4-Wheel Drive,Premium,Automatic (S8),6.0,3.0,18,22,20,453.0,14.876,3800,4,-8000
Land Rover,Defender 90,2024,Standard Sport Utility Vehicle 4WD,4-Wheel Drive,Premium,Automatic (S8),8.0,5.0,15,19,16,545.0,18.594,4750,3,-12750
Land Rover,Defender 110,2024,Standard Sport Utility Vehicle 4WD,4-Wheel Drive,Premium,Automatic (S8),8.0,5.0,14,19,16,563.0,18.594,4750,3,-12750
Land Rover,Defender 130 P300 MHEV,2024,Standard Sport Utility Vehicle 4WD,4-Wheel Drive,Premium,Automatic (S8),6.0,3.0,17,20,18,489.0,16.528,4200,4,-10000
Land Rover,Defender 130 P400 MHEV,2024,Standard Sport Utility Vehicle 4WD,4-Wheel Drive,Premium,Automatic (S8),6.0,3.0,17,20,18,491.0,16.528,4200,4,-10000
Land Rover,Defender 130 Outbound,2024,Standard Sport Utility Vehicle 4WD,4-Wheel Drive,Premium,Automatic (S8),6.0,3.0,16,18,17,529.0,17.501,4450,3,-11250
Lincoln,Navigator 4WD,2024,Standard Sport Utility Vehicle 4WD,Part-time 4-Wheel Drive,Regular,Automatic (S10),6.0,3.5,16,22,18,498.0,16.528,3400,4,-6000
Mercedes-Benz,GLS600 4matic Maybach,2024,Standard Sport Utility Vehicle 4WD,All-Wheel Drive,Premium,Automatic 9-spd,8.0,4.0,14,19,16,574.0,18.594,4750,3,-12750
Nissan,Pathfinder 4WD Platinum,2024,Standard Sport Utility Vehicle 4WD,4-Wheel Drive,Regular,Automatic (S9),6.0,3.5,20,25,22,400.0,13.523,2800,5,-3000
Subaru,Ascent,2024,Standard Sport Utility Vehicle 4WD,All-Wheel Drive,Regular,Automatic (AV-S8),4.0,2.4,20,26,22,398.0,13.523,2800,5,-3000
Subaru,Ascent Limited/Touring/Onyx AWD,2024,Standard Sport Utility Vehicle 4WD,All-Wheel Drive,Regular,Automatic (AV-S8),4.0,2.4,19,25,21,419.0,14.167,2950,4,-3750
Toyota,Sequoia 4WD,2024,Standard Sport Utility Vehicle 4WD,Part-time 4-Wheel Drive,Regular,Automatic (S10),6.0,3.4,19,22,20,439.0,14.876,3100,4,-4500
Chevrolet,Corvette E-RAY,2024,Two Seaters,All-Wheel Drive,Premium,Automatic (S8),8.0,6.2,16,24,19,480.0,15.658,4000,4,-9000
Bentley,Continental GTC,2024,Minicompact Cars,All-Wheel Drive,Premium,Automatic (AM-S8),12.0,6.0,12,19,14,624.0,21.251,5450,2,-16250
Ferrari,Roma Spider,2024,Minicompact Cars,Rear-Wheel Drive,Premium,Automatic (AM8),8.0,3.9,17,22,19,467.0,15.658,4000,4,-9000
Toyota,GR Corolla,2024,Subcompact Cars,All-Wheel Drive,Premium,Manual 6-spd,3.0,1.6,21,28,24,368.0,12.396,3150,5,-4750
Mercedes-Benz,C300,2024,Compact Cars,Rear-Wheel Drive,Premium,Automatic 9-spd,4.0,2.0,26,36,30,300.0,9.917,2550,6,-1750
Nissan,Versa,2024,Compact Cars,Front-Wheel Drive,Regular,Automatic (variable gear ratios),4.0,1.6,32,40,35,254.0,8.5,1750,7,2250
Nissan,Versa,2024,Compact Cars,Front-Wheel Drive,Regular,Manual 5-spd,4.0,1.6,27,35,30,296.0,9.917,2050,6,750
Bentley,Flying Spur,2024,Midsize Cars,All-Wheel Drive,Premium,Automatic (AM-S8),12.0,6.0,12,19,15,608.0,19.834,5050,2,-14250
Maserati,Ghibli Modena AWD,2024,Midsize Cars,All-Wheel Drive,Premium,Automatic 8-spd,6.0,3.0,17,25,20,457.0,14.876,3800,4,-8000
Nissan,Kicks,2024,Midsize Cars,Front-Wheel Drive,Regular,Automatic (variable gear ratios),4.0,1.6,31,36,33,269.0,9.015,1850,6,1750
Nissan,Sentra,2024,Midsize Cars,Front-Wheel Drive,Regular,Automatic (variable gear ratios),4.0,2.0,30,40,34,262.0,8.75,1800,7,2000
Nissan,Sentra SR,2024,Midsize Cars,Front-Wheel Drive,Regular,Automatic (variable gear ratios),4.0,2.0,30,38,33,270.0,9.015,1850,6,1750
Toyota,Prius,2024,Midsize Cars,Front-Wheel Drive,Regular,Automatic (variable gear ratios),4.0,2.0,57,56,57,155.0,5.219,1100,8,5500
Toyota,Prius AWD,2024,Midsize Cars,Part-time 4-Wheel Drive,Regular,Automatic (variable gear ratios),4.0,2.0,53,54,54,163.0,5.509,1150,8,5250
Toyota,Prius AWD XLE/LTD,2024,Midsize Cars,Part-time 4-Wheel Drive,Regular,Automatic (variable gear ratios),4.0,2.0,49,50,49,179.0,6.072,1250,8,4750
Toyota,Prius XLE/LTD,2024,Midsize Cars,Front-Wheel Drive,Regular,Automatic (variable gear ratios),4.0,2.0,52,52,52,169.0,5.721,1200,8,5000
Mercedes-Benz,S580 4matic Maybach,2024,Large Cars,All-Wheel Drive,Premium,Automatic 9-spd,8.0,4.0,18,26,21,428.0,14.167,3600,4,-7000
Mercedes-Benz,S580 4matic,2024,Large Cars,All-Wheel Drive,Premium,Automatic 9-spd,8.0,4.0,18,27,21,418.0,14.167,3600,4,-7000
Nissan,Frontier 2WD,2024,Standard Pickup Trucks 2WD,Rear-Wheel Drive,Regular,Automatic (S9),6.0,3.8,18,24,21,437.0,14.167,2950,4,-3750
Nissan,Frontier 4WD,2024,Standard Pickup Trucks 4WD,Part-time 4-Wheel Drive,Regular,Automatic (S9),6.0,3.8,18,22,20,438.0,14.876,3100,4,-4500
Nissan,Frontier 4WD PRO4X,2024,Standard Pickup Trucks 4WD,Part-time 4-Wheel Drive,Regular,Automatic (S9),6.0,3.8,18,21,19,469.0,15.658,3250,4,-5250
Toyota,Sienna 2WD,2024,Minivan - 2WD,Front-Wheel Drive,Regular,Automatic (AV-S6),4.0,2.5,36,36,36,246.0,8.264,1700,7,2500
Chrysler,Pacifica AWD,2024,Minivan - 4WD,All-Wheel Drive,Regular,Automatic 9-spd,6.0,3.6,17,25,20,450.0,14.876,3100,4,-4500
Toyota,Sienna AWD,2024,Minivan - 4WD,All-Wheel Drive,Regular,Automatic (AV-S6),4.0,2.5,35,36,35,253.0,8.5,1750,7,2250
Infiniti,QX50,2024,Small Sport Utility Vehicle 2WD,Front-Wheel Drive,Premium,Automatic (AV-S8),4.0,2.0,23,29,26,343.0,11.443,2900,5,-3500
Mercedes-Benz,GLC300,2024,Small Sport Utility Vehicle 2WD,Rear-Wheel Drive,Premium,Automatic 9-spd,4.0,2.0,26,33,29,311.0,10.259,2600,6,-2000
Acura,RDX AWD,2024,Small Sport Utility Vehicle 4WD,All-Wheel Drive,Premium,Automatic (S10),4.0,2.0,21,27,23,385.0,12.935,3300,5,-5500
Acura,RDX AWD A-SPEC,2024,Small Sport Utility Vehicle 4WD,All-Wheel Drive,Premium,Automatic (S10),4.0,2.0,21,26,23,386.0,12.935,3300,5,-5500
Infiniti,QX50 AWD,2024,Small Sport Utility Vehicle 4WD,All-Wheel Drive,Premium,Automatic (AV-S8),4.0,2.0,22,28,25,357.0,11.9,3050,5,-4250
Infiniti,QX55 AWD,2024,Small Sport Utility Vehicle 4WD,All-Wheel Drive,Premium,Automatic (AV-S8),4.0,2.0,22,28,25,364.0,11.9,3050,5,-4250
Mercedes-Benz,GLC300 4matic,2024,Small Sport Utility Vehicle 4WD,All-Wheel Drive,Premium,Automatic 9-spd,4.0,2.0,24,32,27,331.0,11.019,2800,5,-3000
Mercedes-Benz,GLC300 4matic Coupe,2024,Small Sport Utility Vehicle 4WD,All-Wheel Drive,Premium,Automatic 9-spd,4.0,2.0,24,30,26,340.0,11.443,2900,5,-3500
Lexus,TX 350,2024,Standard Sport Utility Vehicle 2WD,Front-Wheel Drive,Premium,Automatic (S8),4.0,2.4,21,27,23,378.0,12.935,3300,5,-5500
Ferrari,Purosangue,2024,Standard Sport Utility Vehicle 4WD,All-Wheel Drive,Premium,Automatic (AM8),12.0,6.5,11,15,12,711.0,24.792,6350,1,-20750
Land Rover,Discovery MHEV,2024,Standard Sport Utility Vehicle 4WD,4-Wheel Drive,Premium,Automatic (S8),6.0,3.0,17,23,19,457.0,15.658,4000,4,-9000
Land Rover,Range Rover P360 MHEV,2024,Standard Sport Utility Vehicle 4WD,4-Wheel Drive,Premium,Automatic (S8),6.0,3.0,17,24,20,445.0,14.876,3800,4,-8000
Land Rover,Range Rover P400 MHEV,2024,Standard Sport Utility Vehicle 4WD,4-Wheel Drive,Premium,Automatic (S8),6.0,3.0,18,24,20,445.0,14.876,3800,4,-8000
Land Rover,Range Rover P400 LWB MHEV,2024,Standard Sport Utility Vehicle 4WD,4-Wheel Drive,Premium,Automatic (S8),6.0,3.0,18,24,20,445.0,14.876,3800,4,-8000
Land Rover,Range Rover P360 LWB MHEV,2024,Standard Sport Utility Vehicle 4WD,4-Wheel Drive,Premium,Automatic (S8),6.0,3.0,17,24,20,445.0,14.876,3800,4,-8000
Land Rover,Range Rover Sport P360 MHEV,2024,Standard Sport Utility Vehicle 4WD,4-Wheel Drive,Premium,Automatic (S8),6.0,3.0,18,24,21,434.0,14.167,3600,4,-7000
Land Rover,Range Rover Sport P400 MHEV,2024,Standard Sport Utility Vehicle 4WD,4-Wheel Drive,Premium,Automatic (S8),6.0,3.0,19,25,21,421.0,14.167,3600,4,-7000
Lexus,TX 500h AWD,2024,Standard Sport Utility Vehicle 4WD,All-Wheel Drive,Premium,Automatic (S6),4.0,2.4,27,28,27,322.0,11.019,2800,5,-3000
Lexus,TX 350 AWD,2024,Standard Sport Utility Vehicle 4WD,All-Wheel Drive,Premium,Automatic (S8),4.0,2.4,20,26,23,387.0,12.935,3300,5,-5500
Alfa Romeo,Tonale eAWD,2024,Small Sport Utility Vehicle 4WD,All-Wheel Drive,Regular Gas and Electricity,Automatic 6-spd,4.0,1.3,29,29,29,120.0,4.039,2100,9,4000
Dodge,Hornet PHEV AWD,2024,Small Sport Utility Vehicle 4WD,All-Wheel Drive,Regular Gas and Electricity,Automatic 6-spd,4.0,1.3,29,29,29,120.0,4.039,2100,9,4000
Chrysler,Pacifica Hybrid,2024,Minivan - 2WD,Front-Wheel Drive,Regular Gas and Electricity,Automatic (variable gear ratios),6.0,3.6,29,30,30,119.0,4.023,2050,9,4000
Jeep,Grand Cherokee 4xe,2024,Standard Sport Utility Vehicle 4WD,4-Wheel Drive,Regular Gas and Electricity,Automatic 8-spd,4.0,2.0,23,24,23,177.0,5.961,2650,8,1500
Jeep,Wrangler 4dr 4xe,2024,Small Sport Utility Vehicle 4WD,4-Wheel Drive,Regular Gas and Electricity,Automatic 8-spd,4.0,2.0,20,20,20,230.0,7.72,3100,7,-500
Maserati,MC20,2024,Two Seaters,Rear-Wheel Drive,Premium,Automatic (S8),6.0,3.0,15,25,18,474.0,16.528,4200,4,-10000
Maserati,MC20 Spyder,2024,Two Seaters,Rear-Wheel Drive,Premium,Automatic (S8),6.0,3.0,15,25,18,482.0,16.528,4200,4,-10000
Aston Martin,DB12 V8,2024,Minicompact Cars,Rear-Wheel Drive,Premium,Automatic 8-spd,8.0,4.0,15,22,17,507.0,17.501,4450,3,-11250
Bentley,Continental GTC,2024,Minicompact Cars,All-Wheel Drive,Premium,Automatic (AM-S8),8.0,4.0,14,21,16,542.0,18.594,4750,3,-12750
Porsche,911 Carrera,2024,Minicompact Cars,Rear-Wheel Drive,Premium,Automatic (AM-S8),6.0,3.0,18,24,20,443.0,14.876,3800,4,-8000
Porsche,911 Carrera Cabriolet,2024,Minicompact Cars,Rear-Wheel Drive,Premium,Automatic (AM-S8),6.0,3.0,18,24,20,443.0,14.876,3800,4,-8000
Porsche,911 Carrera S,2024,Minicompact Cars,Rear-Wheel Drive,Premium,Manual 7-spd,6.0,3.0,18,25,21,425.0,14.167,3600,4,-7000
Porsche,911 Carrera S,2024,Minicompact Cars,Rear-Wheel Drive,Premium,Automatic (AM-S8),6.0,3.0,18,23,20,441.0,14.876,3800,4,-8000
Porsche,911 Carrera S Cabriolet,2024,Minicompact Cars,Rear-Wheel Drive,Premium,Manual 7-spd,6.0,3.0,17,25,20,443.0,14.876,3800,4,-8000
Porsche,911 Carrera S Cabriolet,2024,Minicompact Cars,Rear-Wheel Drive,Premium,Automatic (AM-S8),6.0,3.0,18,23,20,439.0,14.876,3800,4,-8000
Porsche,911 Carrera 4S,2024,Minicompact Cars,All-Wheel Drive,Premium,Manual 7-spd,6.0,3.0,17,25,20,442.0,14.876,3800,4,-8000
Porsche,911 Carrera 4S,2024,Minicompact Cars,All-Wheel Drive,Premium,Automatic (AM-S8),6.0,3.0,18,23,20,443.0,14.876,3800,4,-8000
Porsche,911 Carrera 4S Cabriolet,2024,Minicompact Cars,All-Wheel Drive,Premium,Manual 7-spd,6.0,3.0,17,24,20,452.0,14.876,3800,4,-8000
Porsche,911 Carrera 4S Cabriolet,2024,Minicompact Cars,All-Wheel Drive,Premium,Automatic (AM-S8),6.0,3.0,18,23,20,439.0,14.876,3800,4,-8000
Porsche,911 Carrera 4,2024,Minicompact Cars,All-Wheel Drive,Premium,Automatic (AM-S8),6.0,3.0,18,24,20,442.0,14.876,3800,4,-8000
Porsche,911 Carrera 4 Cabriolet,2024,Minicompact Cars,All-Wheel Drive,Premium,Automatic (AM-S8),6.0,3.0,18,24,20,443.0,14.876,3800,4,-8000
Porsche,911 Dakar,2024,Minicompact Cars,All-Wheel Drive,Premium,Automatic (AM-S8),6.0,3.0,16,24,19,472.0,15.658,4000,4,-9000
Porsche,911 Targa 4S,2024,Minicompact Cars,All-Wheel Drive,Premium,Automatic (AM-S8),6.0,3.0,18,23,20,442.0,14.876,3800,4,-8000
Porsche,911 Targa 4S,2024,Minicompact Cars,All-Wheel Drive,Premium,Manual 7-spd,6.0,3.0,17,24,20,447.0,14.876,3800,4,-8000
Porsche,911 Targa 4,2024,Minicompact Cars,All-Wheel Drive,Premium,Automatic (AM-S8),6.0,3.0,18,24,20,442.0,14.876,3800,4,-8000
Porsche,911 Carrera GTS,2024,Minicompact Cars,Rear-Wheel Drive,Premium,Automatic (AM-S8),6.0,3.0,17,23,19,465.0,15.658,4000,4,-9000
Porsche,911 Carrera GTS,2024,Minicompact Cars,Rear-Wheel Drive,Premium,Manual 7-spd,6.0,3.0,17,24,20,444.0,14.876,3800,4,-8000
Porsche,911 Carrera GTS Cabriolet,2024,Minicompact Cars,Rear-Wheel Drive,Premium,Automatic (AM-S8),6.0,3.0,17,23,19,465.0,15.658,4000,4,-9000
Porsche,911 Carrera GTS Cabriolet,2024,Minicompact Cars,Rear-Wheel Drive,Premium,Manual 7-spd,6.0,3.0,17,24,20,448.0,14.876,3800,4,-8000
Porsche,911 Carrera 4 GTS,2024,Minicompact Cars,All-Wheel Drive,Premium,Automatic (AM-S8),6.0,3.0,17,23,19,464.0,15.658,4000,4,-9000
Porsche,911 Carrera 4 GTS,2024,Minicompact Cars,All-Wheel Drive,Premium,Manual 7-spd,6.0,3.0,17,23,19,465.0,15.658,4000,4,-9000
Porsche,911 Carrera 4 GTS Cabriolet,2024,Minicompact Cars,All-Wheel Drive,Premium,Automatic (AM-S8),6.0,3.0,17,22,19,463.0,15.658,4000,4,-9000
Porsche,911 Carrera 4 GTS Cabriolet,2024,Minicompact Cars,All-Wheel Drive,Premium,Manual 7-spd,6.0,3.0,16,23,19,477.0,15.658,4000,4,-9000
Porsche,911 Targa 4 GTS,2024,Minicompact Cars,All-Wheel Drive,Premium,Automatic (AM-S8),6.0,3.0,17,22,19,461.0,15.658,4000,4,-9000
Porsche,911 Targa 4 GTS,2024,Minicompact Cars,All-Wheel Drive,Premium,Manual 7-spd,6.0,3.0,16,23,19,477.0,15.658,4000,4,-9000
Bentley,Continental GT,2024,Subcompact Cars,All-Wheel Drive,Premium,Automatic (AM-S8),12.0,6.0,12,20,15,591.0,19.834,5050,2,-14250
Bentley,Continental GT,2024,Subcompact Cars,All-Wheel Drive,Premium,Automatic (AM-S8),8.0,4.0,14,22,17,519.0,17.501,4450,3,-11250
Lexus,RC 300 AWD,2024,Subcompact Cars,All-Wheel Drive,Premium,Automatic (S6),6.0,3.5,19,26,22,407.0,13.523,3450,5,-6250
Lexus,RC 350,2024,Subcompact Cars,Rear-Wheel Drive,Premium,Automatic (S8),6.0,3.5,20,28,23,385.0,12.935,3300,5,-5500
Lexus,RC 350 AWD,2024,Subcompact Cars,All-Wheel Drive,Premium,Automatic (S6),6.0,3.5,19,26,22,407.0,13.523,3450,5,-6250
Lexus,RC 300,2024,Subcompact Cars,Rear-Wheel Drive,Premium,Automatic (S8),4.0,2.0,21,31,25,355.0,11.9,3050,5,-4250
Lexus,RC F,2024,Subcompact Cars,Rear-Wheel Drive,Premium,Automatic (S8),8.0,5.0,16,24,19,459.0,15.658,4000,4,-9000
Genesis,G70 AWD,2024,Compact Cars,All-Wheel Drive,Premium,Automatic (S8),4.0,2.5,20,28,23,385.0,12.935,3300,5,-5500
Genesis,G70 RWD,2024,Compact Cars,Rear-Wheel Drive,Premium,Automatic (S8),4.0,2.5,21,29,24,373.0,12.396,3150,5,-4750
Lexus,IS 300 AWD,2024,Compact Cars,All-Wheel Drive,Premium,Automatic (S6),6.0,3.5,19,26,22,407.0,13.523,3450,5,-6250
Lexus,IS 350,2024,Compact Cars,Rear-Wheel Drive,Premium,Automatic (S8),6.0,3.5,20,28,23,385.0,12.935,3300,5,-5500
Lexus,IS 350 AWD,2024,Compact Cars,All-Wheel Drive,Premium,Automatic (S6),6.0,3.5,19,26,22,407.0,13.523,3450,5,-6250
Lexus,IS 500,2024,Compact Cars,Rear-Wheel Drive,Premium,Automatic (S8),8.0,5.0,17,25,20,451.0,14.876,3800,4,-8000
Lexus,IS 300,2024,Compact Cars,Rear-Wheel Drive,Premium,Automatic (S8),4.0,2.0,21,31,25,355.0,11.9,3050,5,-4250
Mazda,3 4-Door 2WD,2024,Compact Cars,Front-Wheel Drive,Regular,Automatic (S6),4.0,2.5,27,37,31,287.0,9.597,2000,6,1000
Mazda,3 4-Door 4WD,2024,Compact Cars,4-Wheel Drive,Regular,Automatic (S6),4.0,2.5,26,35,30,301.0,9.917,2050,6,750
Mazda,3 4-Door 4WD,2024,Compact Cars,4-Wheel Drive,Regular,Automatic (S6),4.0,2.5,23,32,27,334.0,11.019,2300,5,-500
Mercedes-Benz,C300 4matic,2024,Compact Cars,All-Wheel Drive,Premium,Automatic 9-spd,4.0,2.0,23,33,27,332.0,11.019,2800,5,-3000
Mercedes-Benz,AMG CLA35 4matic,2024,Compact Cars,All-Wheel Drive,Premium,Automatic (AM8),4.0,2.0,22,29,25,362.0,11.9,3050,5,-4250
Mercedes-Benz,AMG CLA45 S 4matic,2024,Compact Cars,All-Wheel Drive,Premium,Automatic (AM8),4.0,2.0,20,28,23,389.0,12.935,3300,5,-5500
Mercedes-Benz,CLA250 4matic,2024,Compact Cars,All-Wheel Drive,Premium,Automatic (AM8),4.0,2.0,25,35,28,313.0,10.625,2700,6,-2500
Mercedes-Benz,CLA250,2024,Compact Cars,Front-Wheel Drive,Premium,Automatic (AM8),4.0,2.0,26,36,30,296.0,9.917,2550,6,-1750
Mercedes-Benz,AMG GT 63 4matic Plus,2024,Compact Cars,All-Wheel Drive,Premium,Automatic 9-spd,8.0,4.0,15,21,17,512.0,17.501,4450,3,-11250
Toyota,Corolla Hybrid,2024,Compact Cars,Front-Wheel Drive,Regular,Automatic (variable gear ratios),4.0,1.8,53,46,50,176.0,5.95,1250,8,4750
Toyota,Corolla Hybrid,2024,Compact Cars,Front-Wheel Drive,Regular,Automatic (variable gear ratios),4.0,1.8,50,43,47,186.0,6.33,1300,8,4500
Toyota,Corolla Hybrid AWD,2024,Compact Cars,All-Wheel Drive,Regular,Automatic (variable gear ratios),4.0,1.8,51,44,48,183.0,6.198,1300,8,4500
Toyota,Corolla Hybrid AWD,2024,Compact Cars,All-Wheel Drive,Regular,Automatic (variable gear ratios),4.0,1.8,47,41,44,199.0,6.762,1400,8,4000
Toyota,Corolla,2024,Compact Cars,Front-Wheel Drive,Regular,Automatic (AV-S10),4.0,2.0,32,41,35,254.0,8.5,1750,7,2250
Toyota,Corolla,2024,Compact Cars,Front-Wheel Drive,Regular,Automatic (AV-S10),4.0,2.0,31,40,34,258.0,8.75,1800,7,2000
Toyota,Corolla Hatchback,2024,Compact Cars,Front-Wheel Drive,Regular,Automatic (AV-S10),4.0,2.0,32,41,35,254.0,8.5,1750,7,2250
Toyota,Corolla Hatchback XSE,2024,Compact Cars,Front-Wheel Drive,Regular,Automatic (AV-S10),4.0,2.0,30,38,33,266.0,9.015,1850,6,1750
Bentley,Flying Spur,2024,Midsize Cars,All-Wheel Drive,Premium,Automatic (AM-S8),8.0,4.0,15,20,17,535.0,17.501,4450,3,-11250
BMW,540i xDrive Sedan,2024,Midsize Cars,All-Wheel Drive,Premium,Automatic (S8),6.0,3.0,26,33,28,307.0,10.625,2700,6,-2500
Hyundai,Elantra Hybrid,2024,Midsize Cars,Front-Wheel Drive,Regular,Automatic (AM-S6),4.0,1.6,49,52,50,177.0,5.95,1250,8,4750
Hyundai,Elantra Hybrid Blue,2024,Midsize Cars,Front-Wheel Drive,Regular,Automatic (AM-S6),4.0,1.6,51,58,54,165.0,5.509,1150,8,5250
Lexus,LS 500h AWD,2024,Midsize Cars,All-Wheel Drive,Premium,Automatic (AV-S10),6.0,3.5,22,29,25,358.0,11.9,3050,5,-4250
Lexus,LS 500,2024,Midsize Cars,Rear-Wheel Drive,Premium,Automatic (S10),6.0,3.4,18,29,22,404.0,13.523,3450,5,-6250
Lexus,LS 500 AWD,2024,Midsize Cars,All-Wheel Drive,Premium,Automatic (S10),6.0,3.4,17,27,21,432.0,14.167,3600,4,-7000
Toyota,Crown AWD,2024,Midsize Cars,All-Wheel Drive,Regular,Automatic (variable gear ratios),4.0,2.5,42,41,41,214.0,7.256,1500,7,3500
Toyota,Crown AWD,2024,Midsize Cars,All-Wheel Drive,Regular,Automatic (AV-S6),4.0,2.4,29,32,30,293.0,9.917,2050,6,750
Hyundai,Sonata AWD,2024,Large Cars,All-Wheel Drive,Regular,Automatic (S8),4.0,2.5,25,34,28,316.0,10.625,2200,6,0
Hyundai,Sonata FWD,2024,Large Cars,Front-Wheel Drive,Regular,Automatic (S8),4.0,2.5,25,36,29,305.0,10.259,2100,6,500
Hyundai,Sonata FWD,2024,Large Cars,Front-Wheel Drive,Regular,Automatic (AM-S8),4.0,2.5,23,32,27,333.0,11.019,2300,5,-500
Volkswagen,Arteon 4motion,2024,Large Cars,All-Wheel Drive,Premium,Automatic (AM-S7),4.0,2.0,22,30,25,361.0,11.9,3050,5,-4250
Mercedes-Benz,AMG GLA35 4matic,2024,Small Station Wagons,All-Wheel Drive,Premium,Automatic (AM8),4.0,2.0,22,28,24,370.0,12.396,3150,5,-4750
Mercedes-Benz,AMG GLB35 4matic,2024,Midsize Station Wagons,All-Wheel Drive,Premium,Automatic (AM8),4.0,2.0,21,26,23,390.0,12.935,3300,5,-5500
Ford,Maverick FWD,2024,Small Pickup Trucks 2WD,Front-Wheel Drive,Regular,Automatic 8-spd,4.0,2.0,23,30,26,342.0,11.443,2350,5,-750
Ford,Maverick HEV FWD,2024,Small Pickup Trucks 2WD,Front-Wheel Drive,Regular,Automatic (variable gear ratios),4.0,2.5,42,33,37,237.0,8.041,1650,7,2750
GMC,Canyon 2WD,2024,Small Pickup Trucks 2WD,Rear-Wheel Drive,Regular,Automatic 8-spd,4.0,2.7,19,23,20,443.0,14.876,3100,4,-4500
Ford,Maverick AWD,2024,Small Pickup Trucks 4WD,All-Wheel Drive,Regular,Automatic 8-spd,4.0,2.0,22,29,25,356.0,11.9,2450,5,-1250
Ford,Maverick Tremor AWD,2024,Small Pickup Trucks 4WD,All-Wheel Drive,Regular,Automatic 8-spd,4.0,2.0,20,24,21,414.0,14.167,2950,4,-3750
Ford,Ranger 2WD,2024,Standard Pickup Trucks 2WD,Rear-Wheel Drive,Regular,Automatic (S10),4.0,2.3,21,25,22,402.0,13.523,2800,5,-3000
Ram,1500 HFE 2WD,2024,Standard Pickup Trucks 2WD,Rear-Wheel Drive,Regular,Automatic 8-spd,6.0,3.6,20,26,23,394.0,12.935,2650,5,-2250
Ford,Ranger 4WD,2024,Standard Pickup Trucks 4WD,Part-time 4-Wheel Drive,Regular,Automatic (S10),4.0,2.3,20,24,22,402.0,13.523,2800,5,-3000
Ford,Ranger RAPTOR 4WD,2024,Standard Pickup Trucks 4WD,Part-time 4-Wheel Drive,Regular,Automatic (S10),6.0,3.0,16,18,17,525.0,17.501,3600,3,-7000
Mercedes-Benz,GLA250,2024,Special Purpose Vehicle 2WD,Front-Wheel Drive,Premium,Automatic (AM8),4.0,2.0,25,34,28,313.0,10.625,2700,6,-2500
Mercedes-Benz,GLB250,2024,Special Purpose Vehicle 2WD,Front-Wheel Drive,Premium,Automatic (AM8),4.0,2.0,25,33,28,319.0,10.625,2700,6,-2500
Toyota,RAV4,2024,Small Sport Utility Vehicle 2WD,Front-Wheel Drive,Regular,Automatic (S8),4.0,2.5,27,35,30,292.0,9.917,2050,6,750
Ford,Bronco Sport 4WD,2024,Small Sport Utility Vehicle 4WD,All-Wheel Drive,Regular,Automatic 8-spd,3.0,1.5,25,29,26,342.0,11.443,2350,5,-750
Ford,Bronco Sport 4WD,2024,Small Sport Utility Vehicle 4WD,Part-time 4-Wheel Drive,Regular,Automatic (S8),4.0,2.0,21,26,23,386.0,12.935,2650,5,-2250
Honda,Passport AWD,2024,Small Sport Utility Vehicle 4WD,All-Wheel Drive,Regular,Automatic (S9),6.0,3.5,19,24,21,416.0,14.167,2950,4,-3750
Jeep,Wrangler 4dr 4WD,2024,Small Sport Utility Vehicle 4WD,4-Wheel Drive,Regular,Automatic 8-spd,6.0,3.6,18,23,20,451.0,14.876,3100,4,-4500
Jeep,Wrangler 2dr 4WD,2024,Small Sport Utility Vehicle 4WD,4-Wheel Drive,Regular,Automatic 8-spd,6.0,3.6,18,24,20,437.0,14.876,3100,4,-4500
Kia,Sportage Hybrid AWD,2024,Small Sport Utility Vehicle 4WD,All-Wheel Drive,Regular,Automatic (AM-S6),4.0,1.6,38,38,38,235.0,7.829,1600,7,3000
Kia,Sportage Hybrid FWD,2024,Small Sport Utility Vehicle 4WD,Front-Wheel Drive,Regular,Automatic (AM-S6),4.0,1.6,42,44,43,206.0,6.919,1450,8,3750
Mazda,CX-5 4WD,2024,Small Sport Utility Vehicle 4WD,4-Wheel Drive,Regular,Automatic (S6),4.0,2.5,23,29,25,349.0,11.9,2450,5,-1250
Mazda,CX-30 4WD,2024,Small Sport Utility Vehicle 4WD,4-Wheel Drive,Regular,Automatic (S6),4.0,2.5,26,33,29,309.0,10.259,2100,6,500
Mazda,CX-30 4WD,2024,Small Sport Utility Vehicle 4WD,4-Wheel Drive,Regular,Automatic (S6),4.0,2.5,22,30,25,353.0,11.9,2450,5,-1250
Mercedes-Benz,GLA250 4matic,2024,Small Sport Utility Vehicle 4WD,All-Wheel Drive,Premium,Automatic (AM8),4.0,2.0,24,32,27,325.0,11.019,2800,5,-3000
Mercedes-Benz,GLB250 4matic,2024,Small Sport Utility Vehicle 4WD,All-Wheel Drive,Premium,Automatic (AM8),4.0,2.0,24,32,27,330.0,11.019,2800,5,-3000
Toyota,RAV4 AWD,2024,Small Sport Utility Vehicle 4WD,All-Wheel Drive,Regular,Automatic (S8),4.0,2.5,27,33,29,301.0,10.259,2100,6,500
Toyota,RAV4 AWD,2024,Small Sport Utility Vehicle 4WD,All-Wheel Drive,Regular,Automatic (S8),4.0,2.5,25,33,28,319.0,10.625,2200,6,0
Toyota,RAV4 AWD TRD OFFROAD,2024,Small Sport Utility Vehicle 4WD,All-Wheel Drive,Regular,Automatic (S8),4.0,2.5,25,32,28,323.0,10.625,2200,6,0
Toyota,RAV4 AWD LE,2024,Small Sport Utility Vehicle 4WD,All-Wheel Drive,Regular,Automatic (S8),4.0,2.5,27,34,30,296.0,9.917,2050,6,750
Toyota,RAV4 Hybrid AWD Woodland Edition,2024,Small Sport Utility Vehicle 4WD,All-Wheel Drive,Regular,Automatic (AV-S6),4.0,2.5,38,35,37,240.0,8.041,1650,7,2750
Toyota,RAV4 Hybrid AWD,2024,Small Sport Utility Vehicle 4WD,All-Wheel Drive,Regular,Automatic (AV-S6),4.0,2.5,41,38,39,224.0,7.628,1600,7,3000
Toyota,Venza AWD,2024,Small Sport Utility Vehicle 4WD,All-Wheel Drive,Regular,Automatic (AV-S6),4.0,2.5,40,37,39,227.0,7.628,1600,7,3000
Cadillac,Escalade 2WD,2024,Standard Sport Utility Vehicle 2WD,Rear-Wheel Drive,Premium,Automatic 10-spd,8.0,6.2,14,19,16,555.0,18.594,4750,3,-12750
Cadillac,Escalade 2WD,2024,Standard Sport Utility Vehicle 2WD,Rear-Wheel Drive,Diesel,Automatic 10-spd,6.0,3.0,21,27,23,442.0,15.53,3450,4,-6250
Chevrolet,Tahoe 2WD,2024,Standard Sport Utility Vehicle 2WD,Rear-Wheel Drive,Regular,Automatic 10-spd,8.0,5.3,15,20,17,527.0,17.501,3600,3,-7000
Chevrolet,Suburban 2WD,2024,Standard Sport Utility Vehicle 2WD,Rear-Wheel Drive,Regular,Automatic 10-spd,8.0,5.3,15,20,17,527.0,17.501,3600,3,-7000
Chevrolet,Tahoe 2WD,2024,Standard Sport Utility Vehicle 2WD,Rear-Wheel Drive,Premium,Automatic 10-spd,8.0,6.2,14,20,16,555.0,18.594,4750,3,-12750
Chevrolet,Suburban 2WD,2024,Standard Sport Utility Vehicle 2WD,Rear-Wheel Drive,Premium,Automatic 10-spd,8.0,6.2,14,20,16,555.0,18.594,4750,3,-12750
Chevrolet,Tahoe 2WD,2024,Standard Sport Utility Vehicle 2WD,Rear-Wheel Drive,Diesel,Automatic 10-spd,6.0,3.0,21,28,24,425.0,14.883,3300,4,-5500
Chevrolet,Suburban 2WD,2024,Standard Sport Utility Vehicle 2WD,Rear-Wheel Drive,Diesel,Automatic 10-spd,6.0,3.0,21,27,23,442.0,15.53,3450,4,-6250
Dodge,Durango RWD,2024,Standard Sport Utility Vehicle 2WD,Rear-Wheel Drive,Regular,Automatic 8-spd,6.0,3.6,19,26,21,416.0,14.167,2950,4,-3750
Dodge,Durango RWD,2024,Standard Sport Utility Vehicle 2WD,Rear-Wheel Drive,Midgrade,Automatic 8-spd,8.0,5.7,14,22,17,525.0,17.501,4150,3,-9750
GMC,Yukon 2WD,2024,Standard Sport Utility Vehicle 2WD,Rear-Wheel Drive,Regular,Automatic 10-spd,8.0,5.3,15,20,17,527.0,17.501,3600,3,-7000
GMC,Yukon XL 2WD,2024,Standard Sport Utility Vehicle 2WD,Rear-Wheel Drive,Regular,Automatic 10-spd,8.0,5.3,15,20,17,527.0,17.501,3600,3,-7000
GMC,Yukon 2WD,2024,Standard Sport Utility Vehicle 2WD,Rear-Wheel Drive,Premium,Automatic 10-spd,8.0,6.2,14,20,16,555.0,18.594,4750,3,-12750
GMC,Yukon XL 2WD,2024,Standard Sport Utility Vehicle 2WD,Rear-Wheel Drive,Premium,Automatic 10-spd,8.0,6.2,14,19,16,555.0,18.594,4750,3,-12750
GMC,Yukon 2WD,2024,Standard Sport Utility Vehicle 2WD,Rear-Wheel Drive,Diesel,Automatic 10-spd,6.0,3.0,21,27,23,442.0,15.53,3450,4,-6250
GMC,Yukon XL 2WD,2024,Standard Sport Utility Vehicle 2WD,Rear-Wheel Drive,Diesel,Automatic 10-spd,6.0,3.0,21,27,23,442.0,15.53,3450,4,-6250
Nissan,Armada 2WD,2024,Standard Sport Utility Vehicle 2WD,Rear-Wheel Drive,Premium,Automatic (S7),8.0,5.6,14,19,16,558.0,18.594,4750,3,-12750
Toyota,4Runner 2WD,2024,Standard Sport Utility Vehicle 2WD,Rear-Wheel Drive,Regular,Automatic (S5),6.0,4.0,16,19,17,503.0,17.501,3600,3,-7000
Aston Martin,DBX V8,2024,Standard Sport Utility Vehicle 4WD,4-Wheel Drive,Premium,Automatic 9-spd,8.0,4.0,14,20,16,556.0,18.594,4750,3,-12750
Aston Martin,DBX 707,2024,Standard Sport Utility Vehicle 4WD,4-Wheel Drive,Premium,Automatic 9-spd,8.0,4.0,15,20,17,536.0,17.501,4450,3,-11250
Audi,Q8 quattro,2024,Standard Sport Utility Vehicle 4WD,All-Wheel Drive,Premium,Automatic (S8),6.0,3.0,17,23,19,459.0,15.658,4000,4,-9000
Cadillac,Escalade 4WD,2024,Standard Sport Utility Vehicle 4WD,4-Wheel Drive,Premium,Automatic 10-spd,8.0,6.2,14,18,16,564.0,18.594,4750,3,-12750
Cadillac,Escalade 4WD,2024,Standard Sport Utility Vehicle 4WD,4-Wheel Drive,Diesel,Automatic 10-spd,6.0,3.0,20,26,22,462.0,16.236,3600,4,-7000
Chevrolet,Tahoe 4WD,2024,Standard Sport Utility Vehicle 4WD,4-Wheel Drive,Regular,Automatic 10-spd,8.0,5.3,15,20,17,527.0,17.501,3600,3,-7000
Chevrolet,Suburban 4WD,2024,Standard Sport Utility Vehicle 4WD,4-Wheel Drive,Regular,Automatic 10-spd,8.0,5.3,15,18,16,557.0,18.594,3850,3,-8250
Chevrolet,Tahoe 4WD,2024,Standard Sport Utility Vehicle 4WD,4-Wheel Drive,Regular,Automatic 10-spd,8.0,5.3,14,18,16,566.0,18.594,3850,3,-8250
Chevrolet,Tahoe 4WD,2024,Standard Sport Utility Vehicle 4WD,4-Wheel Drive,Premium,Automatic 10-spd,8.0,6.2,14,18,16,564.0,18.594,4750,3,-12750
Chevrolet,Suburban 4WD,2024,Standard Sport Utility Vehicle 4WD,4-Wheel Drive,Premium,Automatic 10-spd,8.0,6.2,14,18,16,564.0,18.594,4750,3,-12750
Chevrolet,Tahoe 4WD,2024,Standard Sport Utility Vehicle 4WD,4-Wheel Drive,Diesel,Automatic 10-spd,6.0,3.0,20,26,22,462.0,16.236,3600,4,-7000
Chevrolet,Suburban 4WD,2024,Standard Sport Utility Vehicle 4WD,4-Wheel Drive,Diesel,Automatic 10-spd,6.0,3.0,20,26,22,462.0,16.236,3600,4,-7000
Dodge,Durango AWD,2024,Standard Sport Utility Vehicle 4WD,All-Wheel Drive,Regular,Automatic 8-spd,6.0,3.6,18,25,21,430.0,14.167,2950,4,-3750
Dodge,Durango AWD,2024,Standard Sport Utility Vehicle 4WD,All-Wheel Drive,Midgrade,Automatic 8-spd,8.0,5.7,14,22,17,533.0,17.501,4150,3,-9750
Dodge,Durango SRT AWD,2024,Standard Sport Utility Vehicle 4WD,All-Wheel Drive,Premium,Automatic 8-spd,8.0,6.2,12,17,13,659.0,22.885,5850,1,-18250
Dodge,Durango SRT AWD,2024,Standard Sport Utility Vehicle 4WD,All-Wheel Drive,Premium,Automatic 8-spd,8.0,6.4,13,19,15,584.0,19.834,5050,2,-14250
GMC,Yukon 4WD,2024,Standard Sport Utility Vehicle 4WD,4-Wheel Drive,Regular,Automatic 10-spd,8.0,5.3,15,20,17,527.0,17.501,3600,3,-7000
GMC,Yukon XL 4WD,2024,Standard Sport Utility Vehicle 4WD,4-Wheel Drive,Regular,Automatic 10-spd,8.0,5.3,15,18,16,557.0,18.594,3850,3,-8250
GMC,Yukon 4WD,2024,Standard Sport Utility Vehicle 4WD,4-Wheel Drive,Premium,Automatic 10-spd,8.0,6.2,14,18,16,564.0,18.594,4750,3,-12750
GMC,Yukon XL 4WD,2024,Standard Sport Utility Vehicle 4WD,4-Wheel Drive,Premium,Automatic 10-spd,8.0,6.2,14,18,16,564.0,18.594,4750,3,-12750
GMC,Yukon XL 4WD,2024,Standard Sport Utility Vehicle 4WD,4-Wheel Drive,Diesel,Automatic 10-spd,6.0,3.0,20,26,22,462.0,16.236,3600,4,-7000
GMC,Yukon 4WD,2024,Standard Sport Utility Vehicle 4WD,4-Wheel Drive,Diesel,Automatic 10-spd,6.0,3.0,20,26,22,462.0,16.236,3600,4,-7000
Jeep,Grand Cherokee L 4WD,2024,Standard Sport Utility Vehicle 4WD,All-Wheel Drive,Midgrade,Automatic 8-spd,8.0,5.7,14,22,17,533.0,17.501,4150,3,-9750
Lexus,LX 600,2024,Standard Sport Utility Vehicle 4WD,All-Wheel Drive,Premium,Automatic (S10),6.0,3.4,17,22,19,479.0,15.658,4000,4,-9000
Mercedes-Benz,G550,2024,Standard Sport Utility Vehicle 4WD,4-Wheel Drive,Premium,Automatic 9-spd,8.0,4.0,13,16,14,617.0,21.251,5450,2,-16250
Nissan,Armada 4WD,2024,Standard Sport Utility Vehicle 4WD,4-Wheel Drive,Premium,Automatic (S7),8.0,5.6,13,18,15,594.0,19.834,5050,2,-14250
Toyota,4Runner 4WD,2024,Standard Sport Utility Vehicle 4WD,Part-time 4-Wheel Drive,Regular,Automatic (S5),6.0,4.0,16,19,17,514.0,17.501,3600,3,-7000
Toyota,4Runner 4WD,2024,Standard Sport Utility Vehicle 4WD,All-Wheel Drive,Regular,Automatic (S5),6.0,4.0,16,19,17,519.0,17.501,3600,3,-7000
Bentley,Flying Spur Hybrid,2024,Midsize Cars,All-Wheel Drive,Premium and Electricity,Automatic (AM-S8),6.0,2.9,17,22,19,251.0,8.391,4000,7,-3500
BMW,330e Sedan,2024,Compact Cars,Rear-Wheel Drive,Premium and Electricity,Automatic (S8),4.0,2.0,24,32,27,158.0,5.69,2800,8,1250
BMW,330e xDrive Sedan,2024,Compact Cars,All-Wheel Drive,Premium and Electricity,Automatic (S8),4.0,2.0,22,32,26,172.0,6.169,2900,8,750
BMW,XM,2024,Standard Sport Utility Vehicle 4WD,All-Wheel Drive,Premium and Electricity,Automatic (S8),8.0,4.4,12,17,14,244.0,8.721,5450,7,-5000
Ferrari,SF90 Spider,2024,Two Seaters,All-Wheel Drive,Premium and Electricity,Automatic (AM8),8.0,3.9,16,19,17,413.0,13.415,4450,5,-8000
Ferrari,SF90 Stradale,2024,Two Seaters,All-Wheel Drive,Premium and Electricity,Automatic (AM8),8.0,3.9,16,20,18,403.0,12.938,4200,5,-7250
Hyundai,Tucson Plug-in Hybrid,2024,Small Sport Utility Vehicle 4WD,All-Wheel Drive,Regular Gas and Electricity,Automatic (AM-S6),4.0,1.6,35,35,35,100.0,3.359,1750,9,4750
Kia,Sorento Plug-in Hybrid,2024,Small Sport Utility Vehicle 4WD,All-Wheel Drive,Regular Gas and Electricity,Automatic (AM-S6),4.0,1.6,35,33,34,105.0,3.503,1800,9,4500
Kia,Sportage Plug-in Hybrid,2024,Small Sport Utility Vehicle 4WD,All-Wheel Drive,Regular Gas and Electricity,Automatic (AM-S6),4.0,1.6,36,35,35,96.0,3.234,1750,10,5000
Lexus,NX 450h Plus AWD,2024,Small Sport Utility Vehicle 4WD,All-Wheel Drive,Premium and Electricity,Automatic (AV-S6),4.0,2.5,38,33,36,87.0,2.964,2100,10,4250
Mitsubishi,Outlander PHEV,2024,Standard Sport Utility Vehicle 4WD,All-Wheel Drive,Regular Gas and Electricity,Automatic (A1),4.0,2.4,25,27,26,115.0,3.981,2350,9,3000
Toyota,Prius Prime,2024,Midsize Cars,Front-Wheel Drive,Regular Gas and Electricity,Automatic (variable gear ratios),4.0,2.0,50,47,48,60.0,2.041,1300,10,6750
Toyota,Prius Prime SE,2024,Midsize Cars,Front-Wheel Drive,Regular Gas and Electricity,Automatic (variable gear ratios),4.0,2.0,53,51,52,50.0,1.719,1200,10,7250
Toyota,RAV4 Prime 4WD,2024,Small Sport Utility Vehicle 4WD,All-Wheel Drive,Regular Gas and Electricity,Automatic (AV-S6),4.0,2.5,40,36,38,72.0,2.487,1600,10,5750
Volvo,S60 T8 AWD Recharge,2024,Compact Cars,All-Wheel Drive,Premium and Electricity,Automatic (S8),4.0,2.0,30,33,31,99.0,3.106,2450,10,3500
Volvo,XC60 T8 AWD Recharge,2024,Small Sport Utility Vehicle 4WD,All-Wheel Drive,Premium and Electricity,Automatic (S8),4.0,2.0,28,28,28,122.0,3.9,2700,9,2250
Volvo,XC90 T8 AWD Recharge,2024,Standard Sport Utility Vehicle 4WD,All-Wheel Drive,Premium and Electricity,Automatic (S8),4.0,2.0,26,27,27,137.0,4.443,2800,9,1500
Aston Martin,Valour,2024,Two Seaters,Rear-Wheel Drive,Premium,Manual 6-spd,12.0,5.2,12,18,14,619.0,21.251,5450,2,-16250
Lotus,Emira,2024,Two Seaters,Rear-Wheel Drive,Regular,Manual 6-spd,6.0,3.5,16,24,19,460.0,15.658,3250,4,-5250
Mercedes-Benz,AMG SL43,2024,Two Seaters,Rear-Wheel Drive,Premium,Automatic 9-spd,4.0,2.0,20,27,22,398.0,13.523,3450,5,-6250
Mercedes-Benz,AMG SL63 4matic Plus,2024,Minicompact Cars,All-Wheel Drive,Premium,Automatic 9-spd,8.0,4.0,14,21,16,548.0,18.594,4750,3,-12750
Mercedes-Benz,AMG SL55 4matic Plus,2024,Minicompact Cars,All-Wheel Drive,Premium,Automatic 9-spd,8.0,4.0,14,21,16,548.0,18.594,4750,3,-12750
Subaru,BRZ,2024,Minicompact Cars,Rear-Wheel Drive,Premium,Manual 6-spd,4.0,2.4,20,27,22,398.0,13.523,3450,5,-6250
Subaru,BRZ,2024,Minicompact Cars,Rear-Wheel Drive,Premium,Automatic (S6),4.0,2.4,21,30,25,361.0,11.9,3050,5,-4250
Toyota,GR 86,2024,Minicompact Cars,Rear-Wheel Drive,Premium,Manual 6-spd,4.0,2.4,20,26,22,401.0,13.523,3450,5,-6250
Toyota,GR 86,2024,Minicompact Cars,Rear-Wheel Drive,Premium,Automatic (S6),4.0,2.4,21,30,24,366.0,12.396,3150,5,-4750
Ford,Mustang,2024,Subcompact Cars,Rear-Wheel Drive,Regular,Manual 6-spd,8.0,5.0,15,23,18,494.0,16.528,3400,4,-6000
Ford,Mustang,2024,Subcompact Cars,Rear-Wheel Drive,Regular,Automatic (S10),8.0,5.0,16,24,19,467.0,15.658,3250,4,-5250
Maserati,Grancabrio Trofeo,2024,Subcompact Cars,All-Wheel Drive,Premium,Automatic 8-spd,6.0,3.0,17,26,20,430.0,14.876,3800,4,-8000
Mercedes-Benz,CLE300 4matic (Convertible),2024,Subcompact Cars,All-Wheel Drive,Premium,Automatic 9-spd,4.0,2.0,23,32,26,336.0,11.443,2900,5,-3500
Mercedes-Benz,CLE450 4matic (Convertible),2024,Subcompact Cars,All-Wheel Drive,Premium,Automatic 9-spd,6.0,3.0,23,32,26,338.0,11.443,2900,5,-3500
Mercedes-Benz,CLE450 4matic (Coupe),2024,Subcompact Cars,All-Wheel Drive,Premium,Automatic 9-spd,6.0,3.0,23,33,26,339.0,11.443,2900,5,-3500
Mercedes-Benz,AMG GT 55 4matic Plus (coupe),2024,Subcompact Cars,All-Wheel Drive,Premium,Automatic 9-spd,8.0,4.0,13,20,16,568.0,18.594,4750,3,-12750
Mercedes-Benz,AMG GT 63 4matic Plus (coupe),2024,Subcompact Cars,All-Wheel Drive,Premium,Automatic 9-spd,8.0,4.0,13,20,16,568.0,18.594,4750,3,-12750
Acura,TLX FWD,2024,Compact Cars,Front-Wheel Drive,Premium,Automatic (S10),4.0,2.0,22,31,25,352.0,11.9,3050,5,-4250
Acura,TLX AWD A-SPEC,2024,Compact Cars,All-Wheel Drive,Premium,Automatic (S10),4.0,2.0,21,29,24,371.0,12.396,3150,5,-4750
Acura,TLX Type-S,2024,Compact Cars,All-Wheel Drive,Premium,Automatic (S10),6.0,3.0,19,25,21,420.0,14.167,3600,4,-7000
Mercedes-Benz,AMG C43 4matic,2024,Compact Cars,All-Wheel Drive,Premium,Automatic 9-spd,4.0,2.0,20,28,23,389.0,12.935,3300,5,-5500
Hyundai,Elantra,2024,Midsize Cars,Front-Wheel Drive,Regular,Automatic (AM-S7),4.0,1.6,28,35,31,288.0,9.597,2000,6,1000
Hyundai,Elantra N,2024,Midsize Cars,Front-Wheel Drive,Premium,Automatic (AM-S8),4.0,2.0,20,27,23,392.0,12.935,3300,5,-5500
Hyundai,Elantra N,2024,Midsize Cars,Front-Wheel Drive,Premium,Manual 6-spd,4.0,2.0,21,29,24,366.0,12.396,3150,5,-4750
Infiniti,Q50,2024,Midsize Cars,Rear-Wheel Drive,Premium,Automatic (S7),6.0,3.0,20,29,23,388.0,12.935,3300,5,-5500
Infiniti,Q50 AWD,2024,Midsize Cars,All-Wheel Drive,Premium,Automatic (S7),6.0,3.0,19,27,22,403.0,13.523,3450,5,-6250
Infiniti,Q50 Red Sport,2024,Midsize Cars,Rear-Wheel Drive,Premium,Automatic (S7),6.0,3.0,20,26,22,403.0,13.523,3450,5,-6250
Infiniti,Q50 Red Sport  AWD,2024,Midsize Cars,All-Wheel Drive,Premium,Automatic (S7),6.0,3.0,19,26,22,411.0,13.523,3450,5,-6250
Lexus,LS 500h AWD,2024,Midsize Cars,All-Wheel Drive,Premium,Automatic (AV-S10),6.0,3.5,22,29,25,358.0,11.9,3050,5,-4250
Mercedes-Benz,E450 4matic,2024,Midsize Cars,All-Wheel Drive,Premium,Automatic 9-spd,6.0,3.0,22,31,25,355.0,11.9,3050,5,-4250
Mercedes-Benz,E350 4matic,2024,Midsize Cars,All-Wheel Drive,Premium,Automatic 9-spd,4.0,2.0,24,33,27,327.0,11.019,2800,5,-3000
Subaru,WRX,2024,Midsize Cars,All-Wheel Drive,Premium,Manual 6-spd,4.0,2.4,19,26,22,408.0,13.523,3450,5,-6250
Subaru,WRX,2024,Midsize Cars,All-Wheel Drive,Premium,Automatic (AV-S8),4.0,2.4,18,25,21,422.0,14.167,3600,4,-7000
Honda,Civic 5Dr,2024,Large Cars,Front-Wheel Drive,Premium,Manual 6-spd,4.0,2.0,22,28,24,364.0,12.396,3150,5,-4750
Hyundai,Sonata Hybrid,2024,Large Cars,Front-Wheel Drive,Regular,Automatic (AM-S6),4.0,2.0,44,51,47,188.0,6.33,1300,8,4500
Mercedes-Benz,S500 4matic,2024,Large Cars,All-Wheel Drive,Premium,Automatic 9-spd,6.0,3.0,21,31,24,364.0,12.396,3150,5,-4750
Mercedes-Benz,Maybach S680 4matic,2024,Large Cars,All-Wheel Drive,Premium,Automatic 9-spd,12.0,6.0,12,20,15,610.0,19.834,5050,2,-14250
Mercedes-Benz,E450 4matic All-Terrain (wagon),2024,Midsize Station Wagons,All-Wheel Drive,Premium,Automatic 9-spd,6.0,3.0,22,31,25,351.0,11.9,3050,5,-4250
Chevrolet,Colorado 2WD,2024,Small Pickup Trucks 2WD,Rear-Wheel Drive,Regular,Automatic 8-spd,4.0,2.7,20,24,22,412.0,13.523,2800,5,-3000
Toyota,Tacoma SR5/Sport/PreRunner 2WD,2024,Small Pickup Trucks 2WD,Rear-Wheel Drive,Regular,Automatic (S8),4.0,2.4,20,24,22,405.0,13.523,2800,5,-3000
Toyota,Tacoma SR5/Sport/PreRunner 2WD,2024,Small Pickup Trucks 2WD,Rear-Wheel Drive,Regular,Automatic (S8),4.0,2.4,21,26,23,393.0,12.935,2650,5,-2250
Toyota,Tacoma 2WD,2024,Small Pickup Trucks 2WD,Rear-Wheel Drive,Regular,Automatic (S8),4.0,2.4,20,26,23,394.0,12.935,2650,5,-2250
Chevrolet,Colorado ZR2 Bison 4WD,2024,Small Pickup Trucks 4WD,4-Wheel Drive,Regular,Automatic 8-spd,4.0,2.7,16,16,16,564.0,18.594,3850,3,-8250
Chevrolet,Colorado Mud Terrain Tires 4WD,2024,Small Pickup Trucks 4WD,4-Wheel Drive,Regular,Automatic 8-spd,4.0,2.7,17,20,18,494.0,16.528,3400,4,-6000
Chevrolet,Colorado ZR2 4WD,2024,Small Pickup Trucks 4WD,4-Wheel Drive,Regular,Automatic 8-spd,4.0,2.7,17,17,17,527.0,17.501,3600,3,-7000
Chevrolet,Colorado 4WD,2024,Small Pickup Trucks 4WD,4-Wheel Drive,Regular,Automatic 8-spd,4.0,2.7,18,22,20,447.0,14.876,3100,4,-4500
GMC,Canyon AT4X AEV 4WD,2024,Small Pickup Trucks 4WD,4-Wheel Drive,Regular,Automatic 8-spd,4.0,2.7,16,16,16,564.0,18.594,3850,3,-8250
GMC,Canyon Mud Terrain Tires 4WD,2024,Small Pickup Trucks 4WD,4-Wheel Drive,Regular,Automatic 8-spd,4.0,2.7,17,20,18,494.0,16.528,3400,4,-6000
GMC,Canyon AT4X 4WD,2024,Small Pickup Trucks 4WD,4-Wheel Drive,Regular,Automatic 8-spd,4.0,2.7,17,17,17,527.0,17.501,3600,3,-7000
Toyota,Tacoma 4WD MT,2024,Small Pickup Trucks 4WD,Part-time 4-Wheel Drive,Regular,Manual 6-spd,4.0,2.4,18,23,20,452.0,14.876,3100,4,-4500
Toyota,Tacoma SR5/Sport/Off-Road/Limited 4WD,2024,Small Pickup Trucks 4WD,Part-time 4-Wheel Drive,Regular,Automatic (S8),4.0,2.4,19,23,21,433.0,14.167,2950,4,-3750
Toyota,Tacoma SR5/Sport/Off-Road/Limited 4WD,2024,Small Pickup Trucks 4WD,Part-time 4-Wheel Drive,Regular,Automatic (S8),4.0,2.4,20,23,21,420.0,14.167,2950,4,-3750
Toyota,Tacoma SR5/Sport/Off-Road/Limited 4WD,2024,Small Pickup Trucks 4WD,Part-time 4-Wheel Drive,Regular,Automatic (S8),4.0,2.4,19,24,21,424.0,14.167,2950,4,-3750
Toyota,Tacoma 4WD,2024,Small Pickup Trucks 4WD,Part-time 4-Wheel Drive,Regular,Automatic (S8),4.0,2.4,19,24,21,424.0,14.167,2950,4,-3750
Ford,F150 Pickup 2WD,2024,Standard Pickup Trucks 2WD,Rear-Wheel Drive,Regular,Automatic (S10),8.0,5.0,16,24,19,468.0,15.658,3250,4,-5250
Ford,F150 Pickup 2WD,2024,Standard Pickup Trucks 2WD,Rear-Wheel Drive,Regular,Automatic (S10),6.0,3.5,17,25,20,455.0,14.876,3100,4,-4500
Ford,F150 Pickup 2WD,2024,Standard Pickup Trucks 2WD,Rear-Wheel Drive,Regular,Automatic (S10),6.0,2.7,19,25,21,425.0,14.167,2950,4,-3750
Ram,1500 Classic 2WD,2024,Standard Pickup Trucks 2WD,Rear-Wheel Drive,Regular,Automatic 8-spd,6.0,3.6,17,25,20,450.0,14.876,3100,4,-4500
Ram,1500 Classic 2WD,2024,Standard Pickup Trucks 2WD,Rear-Wheel Drive,Midgrade,Automatic 8-spd,8.0,5.7,15,21,17,523.0,17.501,4150,3,-9750
Toyota,Tundra 2WD,2024,Standard Pickup Trucks 2WD,Rear-Wheel Drive,Premium,Automatic (S10),6.0,3.4,18,23,20,449.0,14.876,3800,4,-8000
Toyota,Tundra 2WD,2024,Standard Pickup Trucks 2WD,Rear-Wheel Drive,Premium,Automatic (S10),6.0,3.4,18,23,20,442.0,14.876,3800,4,-8000
Toyota,Tundra 2WD,2024,Standard Pickup Trucks 2WD,Rear-Wheel Drive,Premium,Automatic (S10),6.0,3.4,20,24,22,408.0,13.523,3450,5,-6250
Ford,F150 Pickup 4WD,2024,Standard Pickup Trucks 4WD,Part-time 4-Wheel Drive,Regular,Automatic (S10),6.0,2.7,18,23,20,444.0,14.876,3100,4,-4500
Ford,F150 Pickup 4WD HEV,2024,Standard Pickup Trucks 4WD,Part-time 4-Wheel Drive,Regular,Automatic (S10),6.0,3.5,22,24,23,387.0,12.935,2650,5,-2250
Ford,Ranger 4WD,2024,Standard Pickup Trucks 4WD,Part-time 4-Wheel Drive,Regular,Automatic (S10),6.0,2.7,19,23,20,445.0,14.876,3100,4,-4500
Ford,F150 Pickup 4WD,2024,Standard Pickup Trucks 4WD,Part-time 4-Wheel Drive,Regular,Automatic (S10),8.0,5.0,16,24,19,472.0,15.658,3250,4,-5250
Ford,F150 RAPTOR 4WD,2024,Standard Pickup Trucks 4WD,Part-time 4-Wheel Drive,Regular,Automatic (S10),6.0,3.5,14,18,16,555.0,18.594,3850,3,-8250
Ford,F150 Pickup 4WD,2024,Standard Pickup Trucks 4WD,Part-time 4-Wheel Drive,Regular,Automatic (S10),6.0,3.5,16,24,19,467.0,15.658,3250,4,-5250
Ford,F150 RAPTOR R 4WD,2024,Standard Pickup Trucks 4WD,Part-time 4-Wheel Drive,Regular,Automatic (S10),8.0,5.2,10,15,12,741.0,24.792,5100,1,-14500
Honda,Ridgeline AWD,2024,Standard Pickup Trucks 4WD,All-Wheel Drive,Regular,Automatic (S9),6.0,3.5,18,24,21,441.0,14.167,2950,4,-3750
Honda,Ridgeline AWD TrailSport,2024,Standard Pickup Trucks 4WD,All-Wheel Drive,Regular,Automatic (S9),6.0,3.5,18,23,20,446.0,14.876,3100,4,-4500
Jeep,Gladiator 4WD,2024,Standard Pickup Trucks 4WD,4-Wheel Drive,Regular,Automatic 8-spd,6.0,3.6,17,22,19,466.0,15.658,3250,4,-5250
Jeep,Gladiator 4WD,2024,Standard Pickup Trucks 4WD,4-Wheel Drive,Regular,Manual 6-spd,6.0,3.6,16,21,18,500.0,16.528,3400,4,-6000
Ram,1500 Classic 4WD,2024,Standard Pickup Trucks 4WD,4-Wheel Drive,Regular,Automatic 8-spd,6.0,3.6,16,23,19,473.0,15.658,3250,4,-5250
Ram,1500 Classic 4WD,2024,Standard Pickup Trucks 4WD,4-Wheel Drive,Midgrade,Automatic 8-spd,8.0,5.7,15,20,17,528.0,17.501,4150,3,-9750
Toyota,Tundra 4WD,2024,Standard Pickup Trucks 4WD,Part-time 4-Wheel Drive,Premium,Automatic (S10),6.0,3.4,17,23,19,459.0,15.658,4000,4,-9000
Toyota,Tundra 4WD,2024,Standard Pickup Trucks 4WD,Part-time 4-Wheel Drive,Premium,Automatic (S10),6.0,3.4,19,22,20,439.0,14.876,3800,4,-8000
Toyota,Tundra 4WD PRO,2024,Standard Pickup Trucks 4WD,Part-time 4-Wheel Drive,Premium,Automatic (S10),6.0,3.4,18,20,19,461.0,15.658,4000,4,-9000
Ford,Escape FWD,2024,Small Sport Utility Vehicle 2WD,Front-Wheel Drive,Regular,Automatic 8-spd,3.0,1.5,27,34,30,299.0,9.917,2050,6,750
Ford,Escape FWD HEV,2024,Small Sport Utility Vehicle 2WD,Front-Wheel Drive,Regular,Automatic (variable gear ratios),4.0,2.5,42,36,39,225.0,7.628,1600,7,3000
Hyundai,Santa Fe FWD,2024,Small Sport Utility Vehicle 2WD,Front-Wheel Drive,Regular,Automatic (AM-S8),4.0,2.5,20,29,24,377.0,12.396,2550,5,-1750
Kia,Sorento FWD,2024,Small Sport Utility Vehicle 2WD,Front-Wheel Drive,Regular,Automatic (S8),4.0,2.5,23,31,26,339.0,11.443,2350,5,-750
Kia,Sorento FWD,2024,Small Sport Utility Vehicle 2WD,Front-Wheel Drive,Regular,Automatic (AM-S8),4.0,2.5,20,29,23,382.0,12.935,2650,5,-2250
Lincoln,Corsair FWD,2024,Small Sport Utility Vehicle 2WD,Front-Wheel Drive,Regular,Automatic (S8),4.0,2.0,22,30,25,356.0,11.9,2450,5,-1250
Nissan,Rogue FWD,2024,Small Sport Utility Vehicle 2WD,Front-Wheel Drive,Regular,Automatic (AV-S8),3.0,1.5,30,37,33,269.0,9.015,1850,6,1750
Nissan,Rogue FWD SL/Platinum,2024,Small Sport Utility Vehicle 2WD,Front-Wheel Drive,Regular,Automatic (AV-S8),3.0,1.5,29,36,32,278.0,9.297,1900,6,1500
Toyota,Corolla Cross,2024,Small Sport Utility Vehicle 2WD,Front-Wheel Drive,Regular,Automatic (AV-S10),4.0,2.0,31,33,32,276.0,9.297,1900,6,1500
Toyota,Highlander Hybrid,2024,Small Sport Utility Vehicle 2WD,Front-Wheel Drive,Regular,Automatic (AV-S6),4.0,2.5,36,35,36,245.0,8.264,1700,7,2500
Toyota,Highlander,2024,Small Sport Utility Vehicle 2WD,Front-Wheel Drive,Regular,Automatic (S8),4.0,2.4,22,29,25,359.0,11.9,2450,5,-1250
Toyota,Highlander,2024,Small Sport Utility Vehicle 2WD,Front-Wheel Drive,Regular,Automatic (S8),4.0,2.4,21,28,24,370.0,12.396,2550,5,-1750
BMW,X1 xDrive28i,2024,Small Sport Utility Vehicle 4WD,All-Wheel Drive,Premium,Automatic (AM-S7),4.0,2.0,25,34,28,314.0,10.625,2700,6,-2500
BMW,X2 xDrive28i,2024,Small Sport Utility Vehicle 4WD,All-Wheel Drive,Premium,Automatic (AM-S7),4.0,2.0,24,33,28,318.0,10.625,2700,6,-2500
BMW,X2 M35i,2024,Small Sport Utility Vehicle 4WD,All-Wheel Drive,Premium,Automatic (AM-S7),4.0,2.0,23,32,26,333.0,11.443,2900,5,-3500
Ford,Escape AWD,2024,Small Sport Utility Vehicle 4WD,All-Wheel Drive,Regular,Automatic 8-spd,3.0,1.5,26,32,28,317.0,10.625,2200,6,0
Ford,Escape AWD HEV,2024,Small Sport Utility Vehicle 4WD,Part-time 4-Wheel Drive,Regular,Automatic (variable gear ratios),4.0,2.5,42,36,39,225.0,7.628,1600,7,3000
Ford,Bronco 4WD,2024,Small Sport Utility Vehicle 4WD,Part-time 4-Wheel Drive,Regular,Manual 7-spd,4.0,2.3,20,21,20,438.0,14.876,3100,4,-4500
Ford,Bronco 4WD,2024,Small Sport Utility Vehicle 4WD,Part-time 4-Wheel Drive,Regular,Automatic (S10),4.0,2.3,20,21,20,444.0,14.876,3100,4,-4500
Ford,Bronco Badlands 4WD,2024,Small Sport Utility Vehicle 4WD,Part-time 4-Wheel Drive,Regular,Manual 7-spd,4.0,2.3,16,18,17,526.0,17.501,3600,3,-7000
Ford,Bronco Black Diamond 4WD,2024,Small Sport Utility Vehicle 4WD,Part-time 4-Wheel Drive,Regular,Manual 7-spd,4.0,2.3,16,18,17,523.0,17.501,3600,3,-7000
Ford,Bronco Black Diamond 4WD,2024,Small Sport Utility Vehicle 4WD,Part-time 4-Wheel Drive,Regular,Automatic (S10),4.0,2.3,18,18,18,494.0,16.528,3400,4,-6000
Ford,Bronco Sasquatch 4WD,2024,Small Sport Utility Vehicle 4WD,Part-time 4-Wheel Drive,Regular,Manual 7-spd,4.0,2.3,16,18,17,523.0,17.501,3600,3,-7000
Ford,Bronco Sasquatch 4WD,2024,Small Sport Utility Vehicle 4WD,Part-time 4-Wheel Drive,Regular,Automatic (S10),4.0,2.3,18,17,18,494.0,16.528,3400,4,-6000
Ford,Bronco 4WD,2024,Small Sport Utility Vehicle 4WD,Part-time 4-Wheel Drive,Regular,Automatic (S10),6.0,2.7,19,21,20,452.0,14.876,3100,4,-4500
Ford,Bronco Badlands 4WD,2024,Small Sport Utility Vehicle 4WD,Part-time 4-Wheel Drive,Regular,Automatic (S10),6.0,2.7,17,17,17,523.0,17.501,3600,3,-7000
Ford,Bronco Black Diamond 4WD,2024,Small Sport Utility Vehicle 4WD,Part-time 4-Wheel Drive,Regular,Automatic (S10),6.0,2.7,18,18,18,495.0,16.528,3400,4,-6000
Ford,Bronco Sasquatch 4WD,2024,Small Sport Utility Vehicle 4WD,Part-time 4-Wheel Drive,Regular,Automatic (S10),6.0,2.7,17,17,17,522.0,17.501,3600,3,-7000
Ford,Escape AWD,2024,Small Sport Utility Vehicle 4WD,All-Wheel Drive,Regular,Automatic 8-spd,4.0,2.0,23,31,26,341.0,11.443,2350,5,-750
Hyundai,Santa Fe AWD XRT,2024,Small Sport Utility Vehicle 4WD,All-Wheel Drive,Regular,Automatic (AM-S8),4.0,2.5,19,26,22,409.0,13.523,2800,5,-3000
Hyundai,Santa Fe AWD,2024,Small Sport Utility Vehicle 4WD,All-Wheel Drive,Regular,Automatic (AM-S8),4.0,2.5,20,28,23,392.0,12.935,2650,5,-2250
Kia,Sorento AWD,2024,Small Sport Utility Vehicle 4WD,All-Wheel Drive,Regular,Automatic (S8),4.0,2.5,23,28,25,357.0,11.9,2450,5,-1250
Kia,Sorento AWD,2024,Small Sport Utility Vehicle 4WD,All-Wheel Drive,Regular,Automatic (AM-S8),4.0,2.5,20,27,23,389.0,12.935,2650,5,-2250
Lincoln,Corsair AWD,2024,Small Sport Utility Vehicle 4WD,All-Wheel Drive,Regular,Automatic (S8),4.0,2.0,21,28,24,374.0,12.396,2550,5,-1750
Lincoln,Nautilus AWD,2024,Small Sport Utility Vehicle 4WD,All-Wheel Drive,Regular,Automatic 8-spd,4.0,2.0,21,29,24,371.0,12.396,2550,5,-1750
Lincoln,Nautilus HEV AWD,2024,Small Sport Utility Vehicle 4WD,Part-time 4-Wheel Drive,Regular,Automatic (variable gear ratios),4.0,2.0,30,31,30,290.0,9.917,2050,6,750
Mercedes-Benz,AMG GLC43 4matic,2024,Small Sport Utility Vehicle 4WD,All-Wheel Drive,Premium,Automatic 9-spd,4.0,2.0,19,25,21,423.0,14.167,3600,4,-7000
Mercedes-Benz,AMG GLC43 4matic Coupe,2024,Small Sport Utility Vehicle 4WD,All-Wheel Drive,Premium,Automatic 9-spd,4.0,2.0,18,24,21,433.0,14.167,3600,4,-7000
Nissan,Rogue AWD,2024,Small Sport Utility Vehicle 4WD,All-Wheel Drive,Regular,Automatic (AV-S8),3.0,1.5,28,35,31,287.0,9.597,2000,6,1000
Nissan,Rogue AWD SL/Platinum,2024,Small Sport Utility Vehicle 4WD,All-Wheel Drive,Regular,Automatic (AV-S8),3.0,1.5,28,34,31,287.0,9.597,2000,6,1000
Toyota,Corolla Cross AWD,2024,Small Sport Utility Vehicle 4WD,All-Wheel Drive,Regular,Automatic (AV-S10),4.0,2.0,29,31,30,294.0,9.917,2050,6,750
Toyota,Corolla Cross Hybrid AWD,2024,Small Sport Utility Vehicle 4WD,All-Wheel Drive,Regular,Automatic (AV-S6),4.0,2.0,45,38,42,209.0,7.084,1450,7,3750
Toyota,Highlander AWD,2024,Small Sport Utility Vehicle 4WD,All-Wheel Drive,Regular,Automatic (S8),4.0,2.4,21,28,24,371.0,12.396,2550,5,-1750
Chevrolet,Traverse Limited FWD,2024,Standard Sport Utility Vehicle 2WD,Front-Wheel Drive,Regular,Automatic 9-spd,6.0,3.6,18,26,21,433.0,14.167,2950,4,-3750
Ford,Explorer RWD,2024,Standard Sport Utility Vehicle 2WD,Rear-Wheel Drive,Regular,Automatic 10-spd,4.0,2.3,21,28,24,370.0,12.396,2550,5,-1750
Ford,Explorer RWD,2024,Standard Sport Utility Vehicle 2WD,Rear-Wheel Drive,Regular,Automatic 10-spd,6.0,3.0,18,26,21,426.0,14.167,2950,4,-3750
Ford,Explorer RWD,2024,Standard Sport Utility Vehicle 2WD,Rear-Wheel Drive,Regular,Automatic (S10),6.0,3.0,18,25,20,437.0,14.876,3100,4,-4500
Lincoln,Aviator RWD,2024,Standard Sport Utility Vehicle 2WD,Rear-Wheel Drive,Regular,Automatic (S10),6.0,3.0,18,26,21,424.0,14.167,2950,4,-3750
Bentley,Bentayga,2024,Standard Sport Utility Vehicle 4WD,All-Wheel Drive,Premium,Automatic (S8),8.0,4.0,14,21,16,553.0,18.594,4750,3,-12750
Bentley,Bentayga EWB,2024,Standard Sport Utility Vehicle 4WD,All-Wheel Drive,Premium,Automatic (S8),8.0,4.0,14,21,16,553.0,18.594,4750,3,-12750
Chevrolet,Traverse Limited AWD,2024,Standard Sport Utility Vehicle 4WD,All-Wheel Drive,Regular,Automatic 9-spd,6.0,3.6,17,25,20,450.0,14.876,3100,4,-4500
Ford,Explorer AWD,2024,Standard Sport Utility Vehicle 4WD,Part-time 4-Wheel Drive,Regular,Automatic 10-spd,4.0,2.3,20,27,23,387.0,12.935,2650,5,-2250
Ford,Explorer AWD,2024,Standard Sport Utility Vehicle 4WD,Part-time 4-Wheel Drive,Regular,Automatic 10-spd,6.0,3.0,18,24,20,444.0,14.876,3100,4,-4500
Ford,Explorer AWD,2024,Standard Sport Utility Vehicle 4WD,Part-time 4-Wheel Drive,Regular,Automatic (S10),6.0,3.0,18,24,20,445.0,14.876,3100,4,-4500
Ford,Explorer Timberline AWD,2024,Standard Sport Utility Vehicle 4WD,Part-time 4-Wheel Drive,Regular,Automatic (S10),4.0,2.3,19,22,21,433.0,14.167,2950,4,-3750
Ford,Bronco Raptor 4WD,2024,Standard Sport Utility Vehicle 4WD,Part-time 4-Wheel Drive,Regular,Automatic (S10),6.0,3.0,15,16,15,577.0,19.834,4100,2,-9500
Ford,Explorer FFV AWD,2024,Standard Sport Utility Vehicle 4WD,Part-time 4-Wheel Drive,Gasoline or E85,Automatic 10-spd,6.0,3.3,17,24,20,444.0,14.876,3100,4,-4500
INEOS Automotive,Grenadier,2024,Standard Sport Utility Vehicle 4WD,4-Wheel Drive,Premium,Automatic (S8),6.0,3.0,15,15,15,592.0,19.834,5050,2,-14250
INEOS Automotive,Grenadier Trialmaster Edition,2024,Standard Sport Utility Vehicle 4WD,4-Wheel Drive,Premium,Automatic (S8),6.0,3.0,14,14,14,633.0,21.251,5450,2,-16250
Lexus,GX 550,2024,Standard Sport Utility Vehicle 4WD,4-Wheel Drive,Premium,Automatic (S10),6.0,3.4,15,21,17,504.0,17.501,4450,3,-11250
Lincoln,Aviator AWD,2024,Standard Sport Utility Vehicle 4WD,Part-time 4-Wheel Drive,Regular,Automatic (S10),6.0,3.0,17,24,20,451.0,14.876,3100,4,-4500
Mercedes-Benz,AMG G63,2024,Standard Sport Utility Vehicle 4WD,4-Wheel Drive,Premium,Automatic 9-spd,8.0,4.0,13,16,14,621.0,21.251,5450,2,-16250
Mercedes-Benz,AMG G63 4x4 Squared,2024,Standard Sport Utility Vehicle 4WD,4-Wheel Drive,Premium,Automatic 9-spd,8.0,4.0,10,12,11,817.0,27.046,6900,1,-23500
Toyota,Highlander Hybrid AWD LTD/PLAT,2024,Standard Sport Utility Vehicle 4WD,All-Wheel Drive,Regular,Automatic (AV-S6),4.0,2.5,35,34,35,253.0,8.5,1750,7,2250
Toyota,Highlander Hybrid AWD,2024,Standard Sport Utility Vehicle 4WD,All-Wheel Drive,Regular,Automatic (AV-S6),4.0,2.5,35,35,35,254.0,8.5,1750,7,2250
BMW,Z4 sDrive30i,2025,Two Seaters,Rear-Wheel Drive,Premium,Automatic (S8),4.0,2.0,25,33,28,312.0,10.625,2700,6,-2500
BMW,840i Coupe,2025,Subcompact Cars,Rear-Wheel Drive,Premium,Automatic (S8),6.0,3.0,21,29,24,368.0,12.396,3150,5,-4750
BMW,840i xDrive Coupe,2025,Subcompact Cars,All-Wheel Drive,Premium,Automatic (S8),6.0,3.0,21,29,24,373.0,12.396,3150,5,-4750
BMW,840i Convertible,2025,Subcompact Cars,Rear-Wheel Drive,Premium,Automatic (S8),6.0,3.0,21,29,24,368.0,12.396,3150,5,-4750
BMW,840i xDrive Convertible,2025,Subcompact Cars,All-Wheel Drive,Premium,Automatic (S8),6.0,3.0,21,29,24,373.0,12.396,3150,5,-4750
BMW,M850i xDrive Coupe,2025,Subcompact Cars,All-Wheel Drive,Premium,Automatic (S8),8.0,4.4,17,24,19,456.0,15.658,4000,4,-9000
BMW,M850i xDrive Convertible,2025,Subcompact Cars,All-Wheel Drive,Premium,Automatic (S8),8.0,4.4,17,24,19,458.0,15.658,4000,4,-9000
BMW,M8 Competition Coupe,2025,Subcompact Cars,All-Wheel Drive,Premium,Automatic (S8),8.0,4.4,15,22,17,517.0,17.501,4450,3,-11250
BMW,M8 Competition Convertible,2025,Subcompact Cars,All-Wheel Drive,Premium,Automatic (S8),8.0,4.4,15,22,17,517.0,17.501,4450,3,-11250
Genesis,G70 AWD,2025,Compact Cars,All-Wheel Drive,Premium,Automatic (S8),6.0,3.3,17,23,19,466.0,15.658,4000,4,-9000
Genesis,G70 RWD,2025,Compact Cars,Rear-Wheel Drive,Premium,Automatic (S8),6.0,3.3,17,25,20,449.0,14.876,3800,4,-8000
Genesis,G70 AWD,2025,Compact Cars,All-Wheel Drive,Premium,Automatic (S8),4.0,2.5,20,28,23,385.0,12.935,3300,5,-5500
Genesis,G70 RWD,2025,Compact Cars,Rear-Wheel Drive,Premium,Automatic (S8),4.0,2.5,21,29,24,373.0,12.396,3150,5,-4750
Lexus,UX 300h,2025,Compact Cars,Front-Wheel Drive,Regular,Automatic (AV-S6),4.0,2.0,45,41,43,204.0,6.919,1450,7,3750
Lexus,UX 300h AWD,2025,Compact Cars,All-Wheel Drive,Regular,Automatic (AV-S6),4.0,2.0,44,40,42,209.0,7.084,1450,7,3750
Lexus,UX 300h,2025,Compact Cars,Front-Wheel Drive,Regular,Automatic (variable gear ratios),4.0,2.0,45,41,43,204.0,6.919,1450,7,3750
Lexus,UX 300h AWD,2025,Compact Cars,All-Wheel Drive,Regular,Automatic (variable gear ratios),4.0,2.0,44,40,42,209.0,7.084,1450,7,3750
BMW,840i Gran Coupe,2025,Midsize Cars,Rear-Wheel Drive,Premium,Automatic (S8),6.0,3.0,21,29,24,368.0,12.396,3150,5,-4750
BMW,840i xDrive Gran Coupe,2025,Midsize Cars,All-Wheel Drive,Premium,Automatic (S8),6.0,3.0,21,29,24,373.0,12.396,3150,5,-4750
BMW,M850i xDrive Gran Coupe,2025,Midsize Cars,All-Wheel Drive,Premium,Automatic (S8),8.0,4.4,17,24,19,458.0,15.658,4000,4,-9000
BMW,Alpina B8 Gran Coupe,2025,Midsize Cars,All-Wheel Drive,Premium,Automatic (S8),8.0,4.4,17,24,19,458.0,15.658,4000,4,-9000
BMW,M8 Competition Gran Coupe,2025,Midsize Cars,All-Wheel Drive,Premium,Automatic (S8),8.0,4.4,15,22,17,517.0,17.501,4450,3,-11250
Kia,K5 AWD,2025,Large Cars,All-Wheel Drive,Regular,Automatic (S8),4.0,2.5,24,33,27,329.0,11.019,2300,5,-500
Kia,K5,2025,Large Cars,Front-Wheel Drive,Regular,Automatic (S8),4.0,2.5,25,36,29,310.0,10.259,2100,6,500
Kia,K5,2025,Large Cars,Front-Wheel Drive,Regular,Automatic (S8),4.0,2.5,26,37,30,298.0,9.917,2050,6,750
Kia,K5,2025,Large Cars,Front-Wheel Drive,Regular,Automatic (AM-S8),4.0,2.5,23,33,27,331.0,11.019,2300,5,-500
Chevrolet,Trax,2025,Small Station Wagons,Front-Wheel Drive,Gasoline or E85,Automatic 6-spd,3.0,1.2,28,32,30,296.0,9.917,2050,6,750
Ram,1500 2WD,2025,Standard Pickup Trucks 2WD,Rear-Wheel Drive,Regular,Automatic 8-spd,6.0,3.0,18,25,21,433.0,14.167,2950,4,-3750
Ram,1500 2WD,2025,Standard Pickup Trucks 2WD,Rear-Wheel Drive,Regular,Automatic 8-spd,6.0,3.6,20,25,22,407.0,13.523,2800,5,-3000
Ram,1500 HFE 2WD,2025,Standard Pickup Trucks 2WD,Rear-Wheel Drive,Regular,Automatic 8-spd,6.0,3.6,20,26,23,394.0,12.935,2650,5,-2250
Ram,1500 4WD,2025,Standard Pickup Trucks 4WD,4-Wheel Drive,Regular,Automatic 8-spd,6.0,3.0,17,24,19,458.0,15.658,3250,4,-5250
Ram,1500 4WD,2025,Standard Pickup Trucks 4WD,4-Wheel Drive,Regular,Automatic 8-spd,6.0,3.6,19,24,21,417.0,14.167,2950,4,-3750
Ram,1500 HO 4WD,2025,Standard Pickup Trucks 4WD,4-Wheel Drive,Premium,Automatic 8-spd,6.0,3.0,15,21,17,521.0,17.501,4450,3,-11250
Honda,Pilot FWD,2025,Small Sport Utility Vehicle 2WD,Front-Wheel Drive,Regular,Automatic (S10),6.0,3.5,19,27,22,402.0,13.523,2800,5,-3000
Kia,Sorento Hybrid FWD,2025,Small Sport Utility Vehicle 2WD,Front-Wheel Drive,Regular,Automatic (AM-S6),4.0,1.6,36,36,36,246.0,8.264,1700,7,2500
Genesis,GV70 AWD,2025,Small Sport Utility Vehicle 4WD,All-Wheel Drive,Premium,Automatic (S8),4.0,2.5,19,26,22,408.0,13.523,3450,5,-6250
Genesis,GV70 AWD,2025,Small Sport Utility Vehicle 4WD,All-Wheel Drive,Premium,Automatic (S8),4.0,2.5,22,28,24,369.0,12.396,3150,5,-4750
Genesis,GV70 AWD,2025,Small Sport Utility Vehicle 4WD,All-Wheel Drive,Premium,Automatic (S8),6.0,3.5,18,24,20,441.0,14.876,3800,4,-8000
Jaguar,F-Pace,2025,Small Sport Utility Vehicle 4WD,All-Wheel Drive,Premium,Automatic (S8),4.0,2.0,22,27,24,376.0,12.396,3150,5,-4750
Jaguar,F-Pace SVR,2025,Small Sport Utility Vehicle 4WD,All-Wheel Drive,Premium,Automatic (S8),8.0,5.0,15,21,17,519.0,17.501,4450,3,-11250
Jaguar,F-Pace MHEV,2025,Small Sport Utility Vehicle 4WD,4-Wheel Drive,Premium,Automatic (S8),6.0,3.0,19,25,21,420.0,14.167,3600,4,-7000
Kia,Sorento Hybrid AWD,2025,Small Sport Utility Vehicle 4WD,All-Wheel Drive,Regular,Automatic (AM-S6),4.0,1.6,34,34,34,263.0,8.75,1800,7,2000
Land Rover,Range Rover Velar,2025,Small Sport Utility Vehicle 4WD,All-Wheel Drive,Premium,Automatic (S8),4.0,2.0,22,26,23,381.0,12.935,3300,5,-5500
Land Rover,Range Rover Velar P340 MHEV,2025,Small Sport Utility Vehicle 4WD,4-Wheel Drive,Premium,Automatic (S8),6.0,3.0,19,26,22,407.0,13.523,3450,5,-6250
Land Rover,Range Rover Velar P400 MHEV,2025,Small Sport Utility Vehicle 4WD,4-Wheel Drive,Premium,Automatic (S8),6.0,3.0,19,25,21,420.0,14.167,3600,4,-7000
Subaru,Forester AWD,2025,Small Sport Utility Vehicle 4WD,All-Wheel Drive,Regular,Automatic (AV-S8),4.0,2.5,26,33,29,310.0,10.259,2100,6,500
Subaru,Forester Sport/Touring AWD,2025,Small Sport Utility Vehicle 4WD,All-Wheel Drive,Regular,Automatic (AV-S8),4.0,2.5,25,32,28,317.0,10.625,2200,6,0
BMW,X5 sDrive40i,2025,Standard Sport Utility Vehicle 2WD,Rear-Wheel Drive,Premium,Automatic (S8),6.0,3.0,23,27,25,360.0,11.9,3050,5,-4250
BMW,X5 xDrive40i,2025,Standard Sport Utility Vehicle 4WD,All-Wheel Drive,Premium,Automatic (S8),6.0,3.0,23,27,25,352.0,11.9,3050,5,-4250
BMW,X5 M60i xDrive,2025,Standard Sport Utility Vehicle 4WD,All-Wheel Drive,Premium,Automatic (S8),8.0,4.4,17,22,19,458.0,15.658,4000,4,-9000
BMW,X5 M Competition,2025,Standard Sport Utility Vehicle 4WD,All-Wheel Drive,Premium,Automatic (S8),8.0,4.4,13,18,15,589.0,19.834,5050,2,-14250
BMW,X6 xDrive40i,2025,Standard Sport Utility Vehicle 4WD,All-Wheel Drive,Premium,Automatic (S8),6.0,3.0,23,26,24,359.0,12.396,3150,5,-4750
BMW,X6 M60i xDrive,2025,Standard Sport Utility Vehicle 4WD,All-Wheel Drive,Premium,Automatic (S8),8.0,4.4,17,22,19,458.0,15.658,4000,4,-9000
BMW,X6 M Competition,2025,Standard Sport Utility Vehicle 4WD,All-Wheel Drive,Premium,Automatic (S8),8.0,4.4,13,18,15,589.0,19.834,5050,2,-14250
BMW,X7 M60i xDrive,2025,Standard Sport Utility Vehicle 4WD,All-Wheel Drive,Premium,Automatic (S8),8.0,4.4,16,20,18,498.0,16.528,4200,4,-10000
BMW,Alpina XB7,2025,Standard Sport Utility Vehicle 4WD,All-Wheel Drive,Premium,Automatic (S8),8.0,4.4,16,20,17,506.0,17.501,4450,4,-11250
Genesis,GV80 AWD,2025,Standard Sport Utility Vehicle 4WD,All-Wheel Drive,Premium,Automatic (S8),4.0,2.5,19,24,21,427.0,14.167,3600,4,-7000
Genesis,GV80 AWD,2025,Standard Sport Utility Vehicle 4WD,All-Wheel Drive,Premium,Automatic (S8),6.0,3.5,16,22,19,480.0,15.658,4000,4,-9000
Honda,Pilot AWD,2025,Standard Sport Utility Vehicle 4WD,All-Wheel Drive,Regular,Automatic (S10),6.0,3.5,19,25,21,415.0,14.167,2950,4,-3750
Honda,Pilot AWD Touring/Elite/Black,2025,Standard Sport Utility Vehicle 4WD,All-Wheel Drive,Regular,Automatic (S10),6.0,3.5,19,25,21,422.0,14.167,2950,4,-3750
Honda,Pilot AWD TrailSport,2025,Standard Sport Utility Vehicle 4WD,All-Wheel Drive,Regular,Automatic (S10),6.0,3.5,18,23,20,444.0,14.876,3100,4,-4500
Mazda,MX-5,2024,Two Seaters,Rear-Wheel Drive,Premium,Manual 6-spd,4.0,2.0,26,34,29,305.0,10.259,2600,6,-2000
Mazda,MX-5,2024,Two Seaters,Rear-Wheel Drive,Premium,Automatic (S6),4.0,2.0,26,35,29,301.0,10.259,2600,6,-2000
Porsche,911 S/T,2024,Two Seaters,Rear-Wheel Drive,Premium,Manual 6-spd,6.0,4.0,13,19,15,584.0,19.834,5050,2,-14250
Porsche,718 Spyder RS,2024,Two Seaters,Rear-Wheel Drive,Premium,Automatic (AM-S7),6.0,4.0,14,19,16,551.0,18.594,4750,3,-12750
Mercedes-Benz,CLE300 4matic (Coupe),2024,Subcompact Cars,All-Wheel Drive,Premium,Automatic 9-spd,4.0,2.0,24,34,28,324.0,10.625,2700,6,-2500
Porsche,Panamera 4,2024,Large Cars,All-Wheel Drive,Premium,Automatic (AM-S8),6.0,2.9,18,25,21,425.0,14.167,3600,4,-7000
Toyota,Land Cruiser,2024,Standard Sport Utility Vehicle 4WD,4-Wheel Drive,Premium,Automatic (S8),4.0,2.4,22,25,23,380.0,12.935,3300,5,-5500
BMW,Z4 M40i,2025,Two Seaters,Rear-Wheel Drive,Premium,Automatic (S8),6.0,3.0,23,29,25,346.0,11.9,3050,5,-4250
BMW,Z4 M40i,2025,Two Seaters,Rear-Wheel Drive,Premium,Manual 6-spd,6.0,3.0,19,26,22,407.0,13.523,3450,5,-6250
BMW,430i Coupe,2025,Subcompact Cars,Rear-Wheel Drive,Premium,Automatic (S8),4.0,2.0,28,36,31,285.0,9.597,2450,6,-1250
BMW,430i xDrive Coupe,2025,Subcompact Cars,All-Wheel Drive,Premium,Automatic (S8),4.0,2.0,27,34,30,294.0,9.917,2550,6,-1750
BMW,430i Convertible,2025,Subcompact Cars,Rear-Wheel Drive,Premium,Automatic (S8),4.0,2.0,27,35,30,295.0,9.917,2550,6,-1750
BMW,430i xDrive Convertible,2025,Subcompact Cars,All-Wheel Drive,Premium,Automatic (S8),4.0,2.0,24,33,28,316.0,10.625,2700,6,-2500
BMW,M440i Coupe,2025,Subcompact Cars,Rear-Wheel Drive,Premium,Automatic (S8),4.0,3.0,27,34,30,296.0,9.917,2550,6,-1750
BMW,M440i xDrive Coupe,2025,Subcompact Cars,All-Wheel Drive,Premium,Automatic (S8),4.0,3.0,26,33,29,301.0,10.259,2600,6,-2000
BMW,M440i Convertible,2025,Subcompact Cars,Rear-Wheel Drive,Premium,Automatic (S8),4.0,3.0,27,33,29,301.0,10.259,2600,6,-2000
BMW,M440i xDrive Convertible,2025,Subcompact Cars,All-Wheel Drive,Premium,Automatic (S8),4.0,3.0,25,32,28,312.0,10.625,2700,6,-2500
BMW,M4 Coupe,2025,Subcompact Cars,Rear-Wheel Drive,Premium,Manual 6-spd,6.0,3.0,16,23,19,472.0,15.658,4000,4,-9000
BMW,M4 Competition Coupe,2025,Subcompact Cars,Rear-Wheel Drive,Premium,Automatic (S8),6.0,3.0,16,23,19,470.0,15.658,4000,4,-9000
BMW,M4 Competition M xDrive Coupe,2025,Subcompact Cars,All-Wheel Drive,Premium,Automatic (S8),6.0,3.0,16,23,18,472.0,16.528,4200,4,-10000
BMW,M4 Competition M xDrive Convertible,2025,Subcompact Cars,All-Wheel Drive,Premium,Automatic (S8),6.0,3.0,16,22,18,479.0,16.528,4200,4,-10000
MINI,Cooper S Hardtop 2 door,2025,Subcompact Cars,Front-Wheel Drive,Premium,Automatic (AM-S7),4.0,2.0,28,39,32,275.0,9.297,2400,6,-1000
Subaru,Legacy AWD,2025,Midsize Cars,All-Wheel Drive,Regular,Automatic (AV-S8),4.0,2.5,27,35,30,295.0,9.917,2050,6,750
Subaru,Legacy AWD,2025,Midsize Cars,All-Wheel Drive,Regular,Automatic (AV-S8),4.0,2.4,23,31,26,337.0,11.443,2350,5,-750
Buick,Envista,2025,Small Station Wagons,Front-Wheel Drive,Regular,Automatic 6-spd,3.0,1.2,28,32,30,296.0,9.917,2050,6,750
Chevrolet,Trax,2025,Small Station Wagons,Front-Wheel Drive,Regular,Automatic 6-spd,3.0,1.2,28,31,29,306.0,10.259,2100,6,500
Honda,HR-V AWD,2025,Small Station Wagons,All-Wheel Drive,Regular,Automatic (variable gear ratios),4.0,2.0,25,30,27,326.0,11.019,2300,5,-500
Honda,HR-V FWD,2025,Small Station Wagons,Front-Wheel Drive,Regular,Automatic (variable gear ratios),4.0,2.0,26,32,28,311.0,10.625,2200,6,0
Kia,Carnival,2025,Minivan - 2WD,Front-Wheel Drive,Regular,Automatic (S8),6.0,3.5,18,26,21,426.0,14.167,2950,4,-3750
Buick,Encore GX FWD,2025,Small Sport Utility Vehicle 2WD,Front-Wheel Drive,Regular,Automatic (variable gear ratios),3.0,1.3,29,31,30,297.0,9.917,2050,6,750
Buick,Encore GX FWD,2025,Small Sport Utility Vehicle 2WD,Front-Wheel Drive,Gasoline or E85,Automatic (variable gear ratios),3.0,1.2,30,31,30,297.0,9.917,2050,6,750
Chevrolet,Trailblazer FWD,2025,Small Sport Utility Vehicle 2WD,Front-Wheel Drive,Regular,Automatic (variable gear ratios),3.0,1.3,29,33,31,287.0,9.597,2000,6,1000
Chevrolet,Trailblazer FWD,2025,Small Sport Utility Vehicle 2WD,Front-Wheel Drive,Gasoline or E85,Automatic (variable gear ratios),3.0,1.2,30,31,30,297.0,9.917,2050,6,750
Hyundai,Tucson FWD,2025,Small Sport Utility Vehicle 2WD,Front-Wheel Drive,Regular,Automatic (S8),4.0,2.5,25,33,28,322.0,10.625,2200,6,0
Lexus,NX 250,2025,Small Sport Utility Vehicle 2WD,Front-Wheel Drive,Regular,Automatic (S8),4.0,2.5,26,33,28,311.0,10.625,2200,6,0
Buick,Encore GX AWD,2025,Small Sport Utility Vehicle 4WD,All-Wheel Drive,Regular,Automatic 9-spd,3.0,1.3,26,28,27,339.0,11.019,2300,5,-500
Chevrolet,Trailblazer AWD,2025,Small Sport Utility Vehicle 4WD,All-Wheel Drive,Regular,Automatic 9-spd,3.0,1.3,26,29,27,329.0,11.019,2300,5,-500
Hyundai,Tucson AWD,2025,Small Sport Utility Vehicle 4WD,All-Wheel Drive,Regular,Automatic (S8),4.0,2.5,24,30,26,339.0,11.443,2350,5,-750
Lexus,NX 250 AWD,2025,Small Sport Utility Vehicle 4WD,All-Wheel Drive,Regular,Automatic (S8),4.0,2.5,25,32,28,318.0,10.625,2200,6,0
Lexus,NX 350h AWD,2025,Small Sport Utility Vehicle 4WD,All-Wheel Drive,Premium,Automatic (AV-S6),4.0,2.5,41,37,39,225.0,7.628,1950,7,1250
Lexus,NX 350 AWD,2025,Small Sport Utility Vehicle 4WD,All-Wheel Drive,Premium,Automatic (S8),4.0,2.4,21,28,24,370.0,12.396,3150,5,-4750
Lexus,NX 350 AWD F Sport,2025,Small Sport Utility Vehicle 4WD,All-Wheel Drive,Premium,Automatic (S8),4.0,2.4,21,28,24,370.0,12.396,3150,5,-4750
MINI,Countryman S All4,2025,Small Sport Utility Vehicle 4WD,All-Wheel Drive,Premium,Automatic (AM-S7),4.0,2.0,24,32,27,323.0,11.019,2800,6,-3000
MINI,JCW Countryman All4,2025,Small Sport Utility Vehicle 4WD,All-Wheel Drive,Premium,Automatic (AM-S7),4.0,2.0,23,30,26,341.0,11.443,2900,5,-3500
Subaru,Outback AWD,2025,Small Sport Utility Vehicle 4WD,All-Wheel Drive,Regular,Automatic (AV-S8),4.0,2.5,26,32,28,314.0,10.625,2200,6,0
Subaru,Outback AWD,2025,Small Sport Utility Vehicle 4WD,All-Wheel Drive,Regular,Automatic (AV-S8),4.0,2.4,22,29,25,356.0,11.9,2450,5,-1250
Subaru,Outback Wilderness AWD,2025,Small Sport Utility Vehicle 4WD,All-Wheel Drive,Regular,Automatic (AV-S8),4.0,2.4,21,26,23,378.0,12.935,2650,5,-2250
Audi,Q7,2025,Standard Sport Utility Vehicle 4WD,All-Wheel Drive,Premium,Automatic (S8),4.0,2.0,20,26,22,405.0,13.523,3450,5,-6250
Audi,Q7,2025,Standard Sport Utility Vehicle 4WD,All-Wheel Drive,Premium,Automatic (S8),6.0,3.0,18,23,20,442.0,14.876,3800,4,-8000
Audi,SQ7,2025,Standard Sport Utility Vehicle 4WD,All-Wheel Drive,Premium,Automatic (S8),8.0,4.0,15,21,17,524.0,17.501,4450,3,-11250
BMW,X7 xDrive40i,2025,Standard Sport Utility Vehicle 4WD,All-Wheel Drive,Premium,Automatic (S8),6.0,3.0,20,24,22,397.0,13.523,3450,5,-6250
Aston Martin,Vantage,2025,Two Seaters,Rear-Wheel Drive,Premium,Automatic 8-spd,8.0,4.0,15,22,18,498.0,16.528,4200,4,-10000
Aston Martin,DB12 V8,2025,Minicompact Cars,Rear-Wheel Drive,Premium,Automatic 8-spd,8.0,4.0,15,22,17,507.0,17.501,4450,3,-11250
Mercedes-Benz,AMG CLA35 4matic,2025,Compact Cars,All-Wheel Drive,Premium,Automatic (AM8),4.0,2.0,22,29,25,362.0,11.9,3050,5,-4250
Mercedes-Benz,CLA250 4matic,2025,Compact Cars,All-Wheel Drive,Premium,Automatic (AM8),4.0,2.0,25,34,29,311.0,10.259,2600,6,-2000
Mercedes-Benz,CLA250,2025,Compact Cars,Front-Wheel Drive,Premium,Automatic (AM8),4.0,2.0,26,36,30,298.0,9.917,2550,6,-1750
Cadillac,CT5 V,2025,Midsize Cars,Rear-Wheel Drive,Premium,Automatic (S10),6.0,3.0,18,27,21,424.0,14.167,3600,4,-7000
Cadillac,CT5,2025,Midsize Cars,Rear-Wheel Drive,Premium,Automatic (S10),6.0,3.0,19,28,22,399.0,13.523,3450,5,-6250
Cadillac,CT5 V AWD,2025,Midsize Cars,All-Wheel Drive,Premium,Automatic (S10),6.0,3.0,17,26,20,445.0,14.876,3800,4,-8000
Cadillac,CT5 AWD,2025,Midsize Cars,All-Wheel Drive,Premium,Automatic (S10),6.0,3.0,18,26,21,422.0,14.167,3600,4,-7000
Cadillac,CT5,2025,Midsize Cars,Rear-Wheel Drive,Premium,Automatic (S10),4.0,2.0,23,32,26,341.0,11.443,2900,5,-3500
Cadillac,CT5 AWD,2025,Midsize Cars,All-Wheel Drive,Premium,Automatic (S10),4.0,2.0,21,30,25,361.0,11.9,3050,5,-4250
Toyota,Crown AWD,2025,Midsize Cars,All-Wheel Drive,Regular,Automatic (variable gear ratios),4.0,2.5,42,41,41,214.0,7.256,1500,7,3500
Toyota,Crown AWD,2025,Midsize Cars,All-Wheel Drive,Regular,Automatic (AV-S6),4.0,2.4,29,32,30,293.0,9.917,2050,6,750
Acura,Integra,2025,Large Cars,Front-Wheel Drive,Premium,Automatic (AV-S7),4.0,1.5,30,37,33,269.0,9.015,2300,6,-500
Acura,Integra A-Spec,2025,Large Cars,Front-Wheel Drive,Premium,Automatic (AV-S7),4.0,1.5,29,36,32,277.0,9.297,2400,6,-1000
Acura,Integra A-Spec,2025,Large Cars,Front-Wheel Drive,Premium,Manual 6-spd,4.0,1.5,26,36,30,293.0,9.917,2550,6,-1750
Buick,Envista,2025,Small Station Wagons,Front-Wheel Drive,Gasoline or E85,Automatic 6-spd,3.0,1.2,28,32,30,297.0,9.917,2050,6,750
Kia,Soul,2025,Small Station Wagons,Front-Wheel Drive,Regular,Automatic (variable gear ratios),4.0,2.0,27,33,30,302.0,9.917,2050,6,750
Kia,Soul Eco dynamics,2025,Small Station Wagons,Front-Wheel Drive,Regular,Automatic (variable gear ratios),4.0,2.0,29,35,31,287.0,9.597,2000,6,1000
Mercedes-Benz,AMG GLA35 4matic,2025,Small Station Wagons,All-Wheel Drive,Premium,Automatic (AM8),4.0,2.0,22,28,24,370.0,12.396,3150,5,-4750
Mercedes-Benz,AMG GLB35 4matic,2025,Midsize Station Wagons,All-Wheel Drive,Premium,Automatic (AM8),4.0,2.0,21,26,23,390.0,12.935,3300,5,-5500
Ram,1500 RHO 4WD,2025,Standard Pickup Trucks 4WD,4-Wheel Drive,Premium,Automatic 8-spd,6.0,3.0,14,16,15,602.0,19.834,5050,2,-14250
Mercedes-Benz,GLA250,2025,Special Purpose Vehicle 2WD,Front-Wheel Drive,Premium,Automatic (AM8),4.0,2.0,26,34,29,306.0,10.259,2600,6,-2000
Mercedes-Benz,GLB250,2025,Special Purpose Vehicle 2WD,Front-Wheel Drive,Premium,Automatic (AM8),4.0,2.0,25,33,28,311.0,10.625,2700,6,-2500
Honda,CR-V FWD,2025,Small Sport Utility Vehicle 2WD,Front-Wheel Drive,Regular,Automatic (variable gear ratios),4.0,1.5,28,34,30,290.0,9.917,2050,6,750
Honda,CR-V FWD,2025,Small Sport Utility Vehicle 2WD,Front-Wheel Drive,Regular,Automatic (variable gear ratios),4.0,2.0,43,36,40,223.0,7.438,1550,7,3250
Hyundai,Palisade FWD,2025,Small Sport Utility Vehicle 2WD,Front-Wheel Drive,Regular,Automatic (S8),6.0,3.8,19,26,22,403.0,13.523,2800,5,-3000
Hyundai,Kona FWD,2025,Small Sport Utility Vehicle 2WD,Front-Wheel Drive,Regular,Automatic (AV-S1),4.0,2.0,28,35,31,288.0,9.597,2000,6,1000
Hyundai,Kona FWD,2025,Small Sport Utility Vehicle 2WD,Front-Wheel Drive,Regular,Automatic (AV-S1),4.0,2.0,29,34,31,284.0,9.597,2000,6,1000
Kia,Seltos FWD,2025,Small Sport Utility Vehicle 2WD,Front-Wheel Drive,Regular,Automatic (AV-S8),4.0,2.0,28,34,31,288.0,9.597,2000,6,1000
Dodge,Hornet AWD,2025,Small Sport Utility Vehicle 4WD,All-Wheel Drive,Regular,Automatic 9-spd,4.0,2.0,21,29,24,372.0,12.396,2550,5,-1750
Honda,CR-V AWD,2025,Small Sport Utility Vehicle 4WD,All-Wheel Drive,Regular,Automatic (variable gear ratios),4.0,1.5,26,31,28,312.0,10.625,2200,6,0
Honda,CR-V AWD,2025,Small Sport Utility Vehicle 4WD,All-Wheel Drive,Regular,Automatic (variable gear ratios),4.0,2.0,40,34,37,237.0,8.041,1650,7,2750
Hyundai,Palisade AWD,2025,Small Sport Utility Vehicle 4WD,All-Wheel Drive,Regular,Automatic (S8),6.0,3.8,19,24,21,420.0,14.167,2950,4,-3750
Hyundai,Kona AWD,2025,Small Sport Utility Vehicle 4WD,All-Wheel Drive,Regular,Automatic (AV-S1),4.0,2.0,26,29,27,323.0,11.019,2300,5,-500
Hyundai,Kona AWD,2025,Small Sport Utility Vehicle 4WD,All-Wheel Drive,Regular,Automatic (AV-S1),4.0,2.0,27,29,28,319.0,10.625,2200,6,0
Kia,Seltos AWD,2025,Small Sport Utility Vehicle 4WD,All-Wheel Drive,Regular,Automatic (S8),4.0,1.6,24,27,25,350.0,11.9,2450,5,-1250
Kia,Seltos AWD,2025,Small Sport Utility Vehicle 4WD,All-Wheel Drive,Regular,Automatic (AV-S8),4.0,2.0,27,31,29,309.0,10.259,2100,6,500
Mercedes-Benz,GLA250 4matic,2025,Small Sport Utility Vehicle 4WD,All-Wheel Drive,Premium,Automatic (AM8),4.0,2.0,25,33,28,315.0,10.625,2700,6,-2500
Mercedes-Benz,GLB250 4matic,2025,Small Sport Utility Vehicle 4WD,All-Wheel Drive,Premium,Automatic (AM8),4.0,2.0,24,33,27,324.0,11.019,2800,5,-3000
Aston Martin,DBX 707,2025,Standard Sport Utility Vehicle 4WD,4-Wheel Drive,Premium,Automatic 9-spd,8.0,4.0,15,20,17,537.0,17.501,4450,3,-11250
Toyota,GR Supra,2025,Two Seaters,Rear-Wheel Drive,Premium,Automatic (S8),4.0,2.0,25,31,27,322.0,11.019,2800,5,-3000
Toyota,GR Supra,2025,Two Seaters,Rear-Wheel Drive,Premium,Automatic (S8),6.0,3.0,23,31,26,342.0,11.443,2900,5,-3500
Toyota,GR Supra,2025,Two Seaters,Rear-Wheel Drive,Premium,Manual 6-spd,6.0,3.0,19,27,21,411.0,14.167,3600,4,-7000
Audi,A3 quattro,2025,Subcompact Cars,All-Wheel Drive,Premium,Automatic (AM-S7),4.0,2.0,24,34,28,320.0,10.625,2700,6,-2500
BMW,M2 Coupe,2025,Subcompact Cars,Rear-Wheel Drive,Premium,Automatic (S8),6.0,3.0,16,23,19,466.0,15.658,4000,4,-9000
BMW,M4 CS Coupe,2025,Subcompact Cars,All-Wheel Drive,Premium,Automatic (S8),6.0,3.0,16,23,18,478.0,16.528,4200,4,-10000
MINI,Cooper Hardtop 2 door,2025,Subcompact Cars,Front-Wheel Drive,Premium,Automatic (AM-S7),4.0,2.0,28,39,32,274.0,9.297,2400,6,-1000
Audi,S4,2025,Compact Cars,All-Wheel Drive,Premium,Automatic (S8),6.0,3.0,20,29,24,377.0,12.396,3150,5,-4750
Audi,A4 S line quattro,2025,Compact Cars,All-Wheel Drive,Premium,Automatic (AM-S7),4.0,2.0,23,32,26,339.0,11.443,2900,5,-3500
Audi,A4 quattro,2025,Compact Cars,All-Wheel Drive,Premium,Automatic (AM-S7),4.0,2.0,26,36,29,301.0,10.259,2600,6,-2000
BMW,M3 Sedan,2025,Compact Cars,Rear-Wheel Drive,Premium,Manual 6-spd,6.0,3.0,16,23,19,472.0,15.658,4000,4,-9000
BMW,M3 Competition Sedan,2025,Compact Cars,Rear-Wheel Drive,Premium,Automatic (S8),6.0,3.0,16,23,19,470.0,15.658,4000,4,-9000
BMW,M3 Competition M xDrive Sedan,2025,Compact Cars,All-Wheel Drive,Premium,Automatic (S8),6.0,3.0,16,23,18,477.0,16.528,4200,4,-10000
Cadillac,CT4,2025,Compact Cars,Rear-Wheel Drive,Premium,Automatic (S8),4.0,2.0,22,32,26,345.0,11.443,2900,5,-3500
Cadillac,CT4 AWD,2025,Compact Cars,All-Wheel Drive,Premium,Automatic (S8),4.0,2.0,21,31,25,357.0,11.9,3050,5,-4250
Cadillac,CT4,2025,Compact Cars,Rear-Wheel Drive,Premium,Automatic (S10),4.0,2.7,21,31,25,356.0,11.9,3050,5,-4250
Cadillac,CT4 V,2025,Compact Cars,Rear-Wheel Drive,Premium,Automatic (S10),4.0,2.7,20,29,23,383.0,12.935,3300,5,-5500
Cadillac,CT4 AWD,2025,Compact Cars,All-Wheel Drive,Premium,Automatic (S10),4.0,2.7,21,29,24,371.0,12.396,3150,5,-4750
Cadillac,CT4 V AWD,2025,Compact Cars,All-Wheel Drive,Premium,Automatic (S10),4.0,2.7,20,28,23,387.0,12.935,3300,5,-5500
Cadillac,CT4 V,2025,Compact Cars,Rear-Wheel Drive,Premium,Automatic (S10),6.0,3.6,16,24,19,478.0,15.658,4000,4,-9000
Cadillac,CT4 V,2025,Compact Cars,Rear-Wheel Drive,Premium,Manual 6-spd,6.0,3.6,15,23,18,493.0,16.528,4200,4,-10000
Mazda,3 4-Door 2WD,2025,Compact Cars,Front-Wheel Drive,Regular,Automatic (S6),4.0,2.5,27,37,31,287.0,9.597,2000,6,1000
Mazda,3 4-Door 4WD,2025,Compact Cars,4-Wheel Drive,Regular,Automatic (S6),4.0,2.5,26,35,30,301.0,9.917,2050,6,750
Mazda,3 4-Door 4WD,2025,Compact Cars,4-Wheel Drive,Regular,Automatic (S6),4.0,2.5,23,32,27,334.0,11.019,2300,5,-500
Mercedes-Benz,C300,2025,Compact Cars,Rear-Wheel Drive,Premium,Automatic 9-spd,4.0,2.0,25,35,29,303.0,10.259,2600,6,-2000
Mercedes-Benz,C300 4matic,2025,Compact Cars,All-Wheel Drive,Premium,Automatic 9-spd,4.0,2.0,24,33,27,329.0,11.019,2800,5,-3000
Mercedes-Benz,AMG CLA45 S 4matic,2025,Compact Cars,All-Wheel Drive,Premium,Automatic (AM8),4.0,2.0,20,28,23,379.0,12.935,3300,5,-5500
MINI,Cooper S Hardtop 4 door,2025,Compact Cars,Front-Wheel Drive,Premium,Automatic (AM-S7),4.0,2.0,28,39,32,273.0,9.297,2400,6,-1000
Toyota,Corolla Hatchback,2025,Compact Cars,Front-Wheel Drive,Regular,Automatic (AV-S10),4.0,2.0,32,41,35,254.0,8.5,1750,7,2250
Toyota,Corolla Hatchback XSE,2025,Compact Cars,Front-Wheel Drive,Regular,Automatic (AV-S10),4.0,2.0,30,38,33,266.0,9.015,1850,6,1750
Volkswagen,GLI,2025,Compact Cars,Front-Wheel Drive,Regular,Automatic (AM-S7),4.0,2.0,25,35,29,311.0,10.259,2100,6,500
Volkswagen,GLI,2025,Compact Cars,Front-Wheel Drive,Regular,Manual 6-spd,4.0,2.0,26,36,30,301.0,9.917,2050,6,750
Volkswagen,Jetta Sport/SE/SEL,2025,Compact Cars,Front-Wheel Drive,Regular,Automatic (S8),4.0,1.5,29,40,33,271.0,9.015,1850,6,1750
Volvo,S60 B5,2025,Compact Cars,Front-Wheel Drive,Premium,Automatic (S8),4.0,2.0,27,36,30,295.0,9.917,2550,6,-1750
Volvo,S60 B5 AWD,2025,Compact Cars,All-Wheel Drive,Premium,Automatic (S8),4.0,2.0,25,34,28,313.0,10.625,2700,6,-2500
Alfa Romeo,Giulia,2025,Midsize Cars,Rear-Wheel Drive,Premium,Automatic 8-spd,4.0,2.0,24,33,27,330.0,11.019,2800,5,-3000
Alfa Romeo,Giulia AWD,2025,Midsize Cars,All-Wheel Drive,Premium,Automatic 8-spd,4.0,2.0,23,31,26,348.0,11.443,2900,5,-3500
Audi,S5 Sportback,2025,Midsize Cars,All-Wheel Drive,Premium,Automatic (S8),6.0,3.0,20,29,23,384.0,12.935,3300,5,-5500
Audi,RS 5 Sportback,2025,Midsize Cars,All-Wheel Drive,Premium,Automatic (S8),6.0,2.9,18,25,20,438.0,14.876,3800,4,-8000
Audi,RS 7,2025,Midsize Cars,All-Wheel Drive,Premium,Automatic (S8),8.0,4.0,14,21,17,538.0,17.501,4450,3,-11250
Audi,A5 Sportback S line quattro,2025,Midsize Cars,All-Wheel Drive,Premium,Automatic (AM-S7),4.0,2.0,23,32,26,339.0,11.443,2900,5,-3500
Audi,A6 quattro,2025,Midsize Cars,All-Wheel Drive,Premium,Automatic (AM-S7),4.0,2.0,24,31,26,339.0,11.443,2900,5,-3500
Audi,A5 Sportback quattro,2025,Midsize Cars,All-Wheel Drive,Premium,Automatic (AM-S7),4.0,2.0,26,36,29,301.0,10.259,2600,6,-2000
Audi,A7 quattro,2025,Midsize Cars,All-Wheel Drive,Premium,Automatic (AM-S7),6.0,3.0,22,30,25,356.0,11.9,3050,5,-4250
Audi,A6 quattro,2025,Midsize Cars,All-Wheel Drive,Premium,Automatic (AM-S7),6.0,3.0,22,30,25,356.0,11.9,3050,5,-4250
Cadillac,CT5 V,2025,Midsize Cars,Rear-Wheel Drive,Premium,Automatic (S10),8.0,6.2,13,20,15,579.0,19.834,5050,2,-14250
Cadillac,CT5 V,2025,Midsize Cars,Rear-Wheel Drive,Premium,Manual 6-spd,8.0,6.2,13,20,15,587.0,19.834,5050,2,-14250
Chevrolet,Malibu,2025,Midsize Cars,Front-Wheel Drive,Regular,Automatic (variable gear ratios),4.0,1.5,28,36,31,283.0,9.597,2000,6,1000
Honda,Civic 4Dr,2025,Midsize Cars,Front-Wheel Drive,Regular,Automatic (variable gear ratios),4.0,2.0,32,41,36,248.0,8.264,1700,7,2500
Honda,Civic 4Dr,2025,Midsize Cars,Front-Wheel Drive,Regular,Automatic (AV-S7),4.0,2.0,31,39,34,260.0,8.75,1800,7,2000
Honda,Civic 4Dr,2025,Midsize Cars,Front-Wheel Drive,Regular,Automatic (variable gear ratios),4.0,2.0,50,47,49,181.0,6.072,1250,8,4750
Hyundai,Elantra,2025,Midsize Cars,Front-Wheel Drive,Regular,Automatic (AV-S1),4.0,2.0,30,39,34,263.0,8.75,1800,7,2000
Hyundai,Elantra,2025,Midsize Cars,Front-Wheel Drive,Regular,Automatic (AV-S1),4.0,2.0,32,41,36,246.0,8.264,1700,7,2500
Hyundai,Elantra,2025,Midsize Cars,Front-Wheel Drive,Regular,Automatic (AM-S7),4.0,1.6,28,35,31,288.0,9.597,2000,6,1000
Hyundai,Elantra Hybrid,2025,Midsize Cars,Front-Wheel Drive,Regular,Automatic (AM-S6),4.0,1.6,49,52,50,177.0,5.95,1250,8,4750
Hyundai,Elantra Hybrid Blue,2025,Midsize Cars,Front-Wheel Drive,Regular,Automatic (AM-S6),4.0,1.6,51,58,54,165.0,5.509,1150,8,5250
Hyundai,Elantra N,2025,Midsize Cars,Front-Wheel Drive,Premium,Automatic (AM-S8),4.0,2.0,20,27,23,392.0,12.935,3300,5,-5500
Hyundai,Elantra N,2025,Midsize Cars,Front-Wheel Drive,Premium,Manual 6-spd,4.0,2.0,21,29,24,366.0,12.396,3150,5,-4750
Mazda,3 5-Door 2WD,2025,Midsize Cars,Front-Wheel Drive,Regular,Manual 6-spd,4.0,2.5,26,36,30,296.0,9.917,2050,6,750
Mazda,3 5-Door 2WD,2025,Midsize Cars,Front-Wheel Drive,Regular,Automatic (S6),4.0,2.5,27,35,30,294.0,9.917,2050,6,750
Mazda,3 5-Door 4WD,2025,Midsize Cars,4-Wheel Drive,Regular,Automatic (S6),4.0,2.5,26,33,29,311.0,10.259,2100,6,500
Mazda,3 5-Door 4WD,2025,Midsize Cars,4-Wheel Drive,Regular,Automatic (S6),4.0,2.5,23,31,26,337.0,11.443,2350,5,-750
Toyota,Camry HEV AWD SE/XLE,2025,Midsize Cars,All-Wheel Drive,Regular,Automatic (AV-S6),4.0,2.5,46,46,46,189.0,6.468,1350,8,4250
Toyota,Camry HEV AWD XSE,2025,Midsize Cars,All-Wheel Drive,Regular,Automatic (AV-S6),4.0,2.5,44,43,44,199.0,6.762,1400,7,4000
Toyota,Camry HEV FF LE,2025,Midsize Cars,Front-Wheel Drive,Regular,Automatic (AV-S6),4.0,2.5,53,50,51,173.0,5.834,1200,8,5000
Toyota,Camry HEV FF SE/XLE/XSE,2025,Midsize Cars,Front-Wheel Drive,Regular,Automatic (AV-S6),4.0,2.5,48,47,47,186.0,6.33,1300,8,4500
Toyota,Camry HEV AWD LE,2025,Midsize Cars,All-Wheel Drive,Regular,Automatic (AV-S6),4.0,2.5,51,49,50,177.0,5.95,1250,8,4750
Volvo,S90 B6 AWD,2025,Midsize Cars,All-Wheel Drive,Premium,Automatic (S8),4.0,2.0,23,31,26,341.0,11.443,2900,5,-3500
Audi,A8 quattro,2025,Large Cars,All-Wheel Drive,Premium,Automatic (S8),6.0,3.0,20,26,22,414.0,13.523,3450,5,-6250
Audi,S8,2025,Large Cars,All-Wheel Drive,Premium,Automatic (S8),8.0,4.0,15,24,18,502.0,16.528,4200,4,-10000
Genesis,G80 AWD,2025,Large Cars,All-Wheel Drive,Premium,Automatic (S8),4.0,2.5,20,29,24,377.0,12.396,3150,5,-4750
Genesis,G80 AWD,2025,Large Cars,All-Wheel Drive,Premium,Automatic (S8),6.0,3.5,16,24,19,474.0,15.658,4000,4,-9000
Genesis,G90 AWD,2025,Large Cars,All-Wheel Drive,Premium,Automatic (S8),6.0,3.5,18,26,21,426.0,14.167,3600,4,-7000
Genesis,G90 MHEV,2025,Large Cars,All-Wheel Drive,Premium,Automatic (S8),6.0,3.5,17,24,20,441.0,14.876,3800,4,-8000
Honda,Civic 5Dr,2025,Large Cars,Front-Wheel Drive,Premium,Manual 6-spd,4.0,2.0,22,28,24,364.0,12.396,3150,5,-4750
Hyundai,Sonata AWD,2025,Large Cars,All-Wheel Drive,Regular,Automatic (S8),4.0,2.5,25,34,28,316.0,10.625,2200,6,0
Hyundai,Sonata FWD,2025,Large Cars,Front-Wheel Drive,Regular,Automatic (S8),4.0,2.5,25,36,29,305.0,10.259,2100,6,500
Hyundai,Sonata FWD,2025,Large Cars,Front-Wheel Drive,Regular,Automatic (S8),4.0,2.5,28,38,32,281.0,9.297,1900,6,1500
Hyundai,Sonata FWD,2025,Large Cars,Front-Wheel Drive,Regular,Automatic (AM-S8),4.0,2.5,23,32,27,333.0,11.019,2300,5,-500
Hyundai,Sonata Hybrid,2025,Large Cars,Front-Wheel Drive,Regular,Automatic (AM-S6),4.0,2.0,44,51,47,188.0,6.33,1300,8,4500
Audi,A4 allroad quattro,2025,Small Station Wagons,All-Wheel Drive,Premium,Automatic (AM-S7),4.0,2.0,23,30,26,346.0,11.443,2900,5,-3500
Toyota,Crown Signia AWD,2025,Small Station Wagons,All-Wheel Drive,Regular,Automatic (AV-S6),4.0,2.5,39,37,38,231.0,7.829,1600,7,3000
Volvo,V60CC B5 AWD,2025,Small Station Wagons,All-Wheel Drive,Premium,Automatic (S8),4.0,2.0,24,31,27,331.0,11.019,2800,5,-3000
Audi,RS 6 Avant,2025,Midsize Station Wagons,All-Wheel Drive,Premium,Automatic (S8),8.0,4.0,14,21,17,538.0,17.501,4450,3,-11250
Audi,A6 Allroad quattro,2025,Midsize Station Wagons,All-Wheel Drive,Premium,Automatic (AM-S7),6.0,3.0,22,30,25,356.0,11.9,3050,5,-4250
Volvo,V90CC B6 AWD,2025,Midsize Station Wagons,All-Wheel Drive,Premium,Automatic (S8),4.0,2.0,22,29,25,358.0,11.9,3050,5,-4250
Kia,Carnival Hybrid,2025,Minivan - 2WD,Front-Wheel Drive,Regular,Automatic (AM-S6),4.0,1.6,34,31,33,274.0,9.015,1850,6,1750
Acura,MDX FWD,2025,Small Sport Utility Vehicle 2WD,Front-Wheel Drive,Premium,Automatic (S10),6.0,3.5,19,26,22,411.0,13.523,3450,5,-6250
Cadillac,XT4 FWD,2025,Small Sport Utility Vehicle 2WD,Front-Wheel Drive,Premium,Automatic (S9),4.0,2.0,24,29,26,343.0,11.443,2900,5,-3500
Cadillac,XT5 FWD,2025,Small Sport Utility Vehicle 2WD,Front-Wheel Drive,Premium,Automatic (S9),4.0,2.0,22,29,24,370.0,12.396,3150,5,-4750
Cadillac,XT6 FWD,2025,Small Sport Utility Vehicle 2WD,Front-Wheel Drive,Premium,Automatic (S9),4.0,2.0,21,27,23,386.0,12.935,3300,5,-5500
Cadillac,XT5 FWD,2025,Small Sport Utility Vehicle 2WD,Front-Wheel Drive,Regular,Automatic (S9),6.0,3.6,19,26,21,418.0,14.167,2950,4,-3750
Cadillac,XT6 FWD,2025,Small Sport Utility Vehicle 2WD,Front-Wheel Drive,Regular,Automatic (S9),6.0,3.6,19,26,21,418.0,14.167,2950,4,-3750
Chevrolet,Equinox FWD,2025,Small Sport Utility Vehicle 2WD,Front-Wheel Drive,Regular,Automatic (variable gear ratios),4.0,1.5,26,28,27,332.0,11.019,2300,5,-500
Chevrolet,Blazer FWD,2025,Small Sport Utility Vehicle 2WD,Front-Wheel Drive,Regular,Automatic 9-spd,4.0,2.0,22,29,25,350.0,11.9,2450,5,-1250
Chevrolet,Blazer FWD,2025,Small Sport Utility Vehicle 2WD,Front-Wheel Drive,Regular,Automatic 9-spd,6.0,3.6,19,26,22,411.0,13.523,2800,5,-3000
Hyundai,Kona FWD,2025,Small Sport Utility Vehicle 2WD,Front-Wheel Drive,Regular,Automatic (S8),4.0,1.6,26,32,28,315.0,10.625,2200,6,0
Kia,Sportage FWD,2025,Small Sport Utility Vehicle 2WD,Front-Wheel Drive,Regular,Automatic (S8),4.0,2.5,25,32,28,317.0,10.625,2200,6,0
Kia,Niro,2025,Small Sport Utility Vehicle 2WD,Front-Wheel Drive,Regular,Automatic (AM-S6),4.0,1.6,53,45,49,181.0,6.072,1250,8,4750
Kia,Niro FE,2025,Small Sport Utility Vehicle 2WD,Front-Wheel Drive,Regular,Automatic (AM-S6),4.0,1.6,53,54,53,167.0,5.613,1150,8,5250
Kia,Sorento FWD,2025,Small Sport Utility Vehicle 2WD,Front-Wheel Drive,Regular,Automatic (S8),4.0,2.5,23,31,26,339.0,11.443,2350,5,-750
Kia,Sorento FWD,2025,Small Sport Utility Vehicle 2WD,Front-Wheel Drive,Regular,Automatic (AM-S8),4.0,2.5,20,29,23,382.0,12.935,2650,5,-2250
Acura,MDX AWD,2025,Small Sport Utility Vehicle 4WD,All-Wheel Drive,Premium,Automatic (S10),6.0,3.5,19,25,21,423.0,14.167,3600,4,-7000
Alfa Romeo,Stelvio AWD,2025,Small Sport Utility Vehicle 4WD,All-Wheel Drive,Premium,Automatic 8-spd,4.0,2.0,22,28,24,364.0,12.396,3150,5,-4750
Audi,SQ5,2025,Small Sport Utility Vehicle 4WD,All-Wheel Drive,Premium,Automatic (S8),6.0,3.0,19,24,21,427.0,14.167,3600,4,-7000
Audi,SQ5 Sportback,2025,Small Sport Utility Vehicle 4WD,All-Wheel Drive,Premium,Automatic (S8),6.0,3.0,19,24,21,427.0,14.167,3600,4,-7000
Audi,Q5 S line quattro,2025,Small Sport Utility Vehicle 4WD,All-Wheel Drive,Premium,Automatic (AM-S7),4.0,2.0,23,28,25,358.0,11.9,3050,5,-4250
Audi,Q5 Sportback S line quattro,2025,Small Sport Utility Vehicle 4WD,All-Wheel Drive,Premium,Automatic (AM-S7),4.0,2.0,23,28,25,358.0,11.9,3050,5,-4250
Audi,Q5 quattro,2025,Small Sport Utility Vehicle 4WD,All-Wheel Drive,Premium,Automatic (AM-S7),4.0,2.0,23,29,26,346.0,11.443,2900,5,-3500
BMW,X3 xDrive30i,2025,Small Sport Utility Vehicle 4WD,All-Wheel Drive,Premium,Automatic (S8),4.0,2.0,27,33,29,299.0,10.259,2600,6,-2000
BMW,X3 M50i xDrive,2025,Small Sport Utility Vehicle 4WD,All-Wheel Drive,Premium,Automatic (S8),4.0,3.0,25,30,27,320.0,11.019,2800,5,-3000
BMW,X4 xDrive30i,2025,Small Sport Utility Vehicle 4WD,All-Wheel Drive,Premium,Automatic (S8),4.0,2.0,21,27,24,372.0,12.396,3150,5,-4750
BMW,X4 M40i,2025,Small Sport Utility Vehicle 4WD,All-Wheel Drive,Premium,Automatic (S8),6.0,3.0,22,26,23,377.0,12.935,3300,5,-5500
BMW,X4 M,2025,Small Sport Utility Vehicle 4WD,All-Wheel Drive,Premium,Automatic (S8),6.0,3.0,15,20,17,519.0,17.501,4450,3,-11250
BMW,X4 M Competition,2025,Small Sport Utility Vehicle 4WD,All-Wheel Drive,Premium,Automatic (S8),6.0,3.0,15,20,17,519.0,17.501,4450,3,-11250
Buick,Envision AWD,2025,Small Sport Utility Vehicle 4WD,All-Wheel Drive,Regular,Automatic (S9),4.0,2.0,22,28,24,371.0,12.396,2550,5,-1750
Cadillac,XT5 AWD,2025,Small Sport Utility Vehicle 4WD,All-Wheel Drive,Premium,Automatic (S9),4.0,2.0,21,27,23,386.0,12.935,3300,5,-5500
Cadillac,XT6 AWD,2025,Small Sport Utility Vehicle 4WD,All-Wheel Drive,Premium,Automatic (S9),4.0,2.0,21,26,23,386.0,12.935,3300,5,-5500
Cadillac,XT5 AWD,2025,Small Sport Utility Vehicle 4WD,All-Wheel Drive,Regular,Automatic (S9),6.0,3.6,18,26,21,424.0,14.167,2950,4,-3750
Cadillac,XT6 AWD,2025,Small Sport Utility Vehicle 4WD,All-Wheel Drive,Regular,Automatic (S9),6.0,3.6,18,25,20,435.0,14.876,3100,4,-4500
Cadillac,XT4 AWD,2025,Small Sport Utility Vehicle 4WD,All-Wheel Drive,Premium,Automatic (S9),4.0,2.0,23,28,25,357.0,11.9,3050,5,-4250
Chevrolet,Equinox AWD,2025,Small Sport Utility Vehicle 4WD,All-Wheel Drive,Regular,Automatic 8-spd,4.0,1.5,24,29,26,344.0,11.443,2350,5,-750
Chevrolet,Blazer AWD,2025,Small Sport Utility Vehicle 4WD,All-Wheel Drive,Regular,Automatic 9-spd,4.0,2.0,22,27,24,368.0,12.396,2550,5,-1750
Chevrolet,Blazer AWD,2025,Small Sport Utility Vehicle 4WD,All-Wheel Drive,Regular,Automatic 9-spd,6.0,3.6,18,26,21,422.0,14.167,2950,4,-3750
Honda,Passport AWD,2025,Small Sport Utility Vehicle 4WD,All-Wheel Drive,Regular,Automatic (S9),6.0,3.5,19,24,21,416.0,14.167,2950,4,-3750
Hyundai,Kona AWD,2025,Small Sport Utility Vehicle 4WD,All-Wheel Drive,Regular,Automatic (S8),4.0,1.6,24,29,26,339.0,11.443,2350,5,-750
Infiniti,QX55 AWD,2025,Small Sport Utility Vehicle 4WD,All-Wheel Drive,Premium,Automatic (AV-S8),4.0,2.0,22,28,25,366.0,11.9,3050,5,-4250
Jeep,Compass 4WD,2025,Small Sport Utility Vehicle 4WD,All-Wheel Drive,Regular,Automatic 8-spd,4.0,2.0,24,32,27,330.0,11.019,2300,5,-500
Kia,Sportage AWD,2025,Small Sport Utility Vehicle 4WD,All-Wheel Drive,Regular,Automatic (S8),4.0,2.5,23,27,25,361.0,11.9,2450,5,-1250
Kia,Sportage Hybrid AWD,2025,Small Sport Utility Vehicle 4WD,All-Wheel Drive,Regular,Automatic (AM-S6),4.0,1.6,38,38,38,235.0,7.829,1600,7,3000
Kia,Sportage Hybrid FWD,2025,Small Sport Utility Vehicle 4WD,Front-Wheel Drive,Regular,Automatic (AM-S6),4.0,1.6,42,44,43,206.0,6.919,1450,8,3750
Kia,Sorento AWD,2025,Small Sport Utility Vehicle 4WD,All-Wheel Drive,Regular,Automatic (S8),4.0,2.5,23,28,25,357.0,11.9,2450,5,-1250
Kia,Sorento AWD,2025,Small Sport Utility Vehicle 4WD,All-Wheel Drive,Regular,Automatic (AM-S8),4.0,2.5,20,27,23,389.0,12.935,2650,5,-2250
Kia,Sportage X-pro,2025,Small Sport Utility Vehicle 4WD,All-Wheel Drive,Regular,Automatic (S8),4.0,2.5,23,30,26,344.0,11.443,2350,5,-750
Land Rover,Range Rover Evoque,2025,Small Sport Utility Vehicle 4WD,All-Wheel Drive,Premium,Automatic (S9),4.0,2.0,20,27,22,398.0,13.523,3450,5,-6250
Land Rover,Discovery Sport,2025,Small Sport Utility Vehicle 4WD,All-Wheel Drive,Premium,Automatic (S9),4.0,2.0,19,23,20,437.0,14.876,3800,4,-8000
Maserati,Grecale Modena,2025,Small Sport Utility Vehicle 4WD,All-Wheel Drive,Premium,Automatic 8-spd,4.0,2.0,22,28,24,365.0,12.396,3150,5,-4750
Mercedes-Benz,GLE350 4matic,2025,Small Sport Utility Vehicle 4WD,All-Wheel Drive,Premium,Automatic 9-spd,4.0,2.0,19,26,22,410.0,13.523,3450,5,-6250
Volvo,XC40 B5 AWD,2025,Small Sport Utility Vehicle 4WD,All-Wheel Drive,Premium,Automatic (S8),4.0,2.0,23,30,26,343.0,11.443,2900,5,-3500
Volvo,XC60 B5 AWD,2025,Small Sport Utility Vehicle 4WD,All-Wheel Drive,Premium,Automatic (S8),4.0,2.0,23,30,26,343.0,11.443,2900,5,-3500
Buick,Enclave FWD,2025,Standard Sport Utility Vehicle 2WD,Front-Wheel Drive,Regular,Automatic 8-spd,4.0,2.5,20,27,23,387.0,12.935,2650,5,-2250
Chevrolet,Traverse FWD,2025,Standard Sport Utility Vehicle 2WD,Front-Wheel Drive,Regular,Automatic 8-spd,4.0,2.5,20,27,23,388.0,12.935,2650,5,-2250
GMC,Acadia FWD,2025,Standard Sport Utility Vehicle 2WD,Front-Wheel Drive,Regular,Automatic 8-spd,4.0,2.5,20,27,23,387.0,12.935,2650,5,-2250
Lincoln,Aviator RWD,2025,Standard Sport Utility Vehicle 2WD,Rear-Wheel Drive,Regular,Automatic (S10),6.0,3.0,18,25,21,425.0,14.167,2950,4,-3750
Acura,MDX AWD Type-S,2025,Standard Sport Utility Vehicle 4WD,All-Wheel Drive,Premium,Automatic (S10),6.0,3.0,17,21,19,474.0,15.658,4000,4,-9000
Audi,SQ8,2025,Standard Sport Utility Vehicle 4WD,All-Wheel Drive,Premium,Automatic (S8),8.0,4.0,15,21,17,518.0,17.501,4450,3,-11250
Audi,RS Q8 Performance,2025,Standard Sport Utility Vehicle 4WD,All-Wheel Drive,Premium,Automatic (S8),8.0,4.0,14,20,16,547.0,18.594,4750,3,-12750
Buick,Enclave AWD,2025,Standard Sport Utility Vehicle 4WD,All-Wheel Drive,Regular,Automatic 8-spd,4.0,2.5,19,24,21,422.0,14.167,2950,4,-3750
Chevrolet,Traverse AWD,2025,Standard Sport Utility Vehicle 4WD,All-Wheel Drive,Regular,Automatic 8-spd,4.0,2.5,19,24,21,422.0,14.167,2950,4,-3750
Ford,Explorer AWD,2025,Standard Sport Utility Vehicle 4WD,Part-time 4-Wheel Drive,Regular,Automatic (S10),6.0,3.0,18,25,20,439.0,14.876,3100,4,-4500
Ford,Explorer AWD,2025,Standard Sport Utility Vehicle 4WD,Part-time 4-Wheel Drive,Regular,Automatic 10-spd,6.0,3.0,18,25,21,428.0,14.167,2950,4,-3750
Ford,Explorer AWD,2025,Standard Sport Utility Vehicle 4WD,Part-time 4-Wheel Drive,Regular,Automatic 10-spd,4.0,2.3,20,27,23,394.0,12.935,2650,5,-2250
Genesis,GV80 MHEV,2025,Standard Sport Utility Vehicle 4WD,All-Wheel Drive,Premium,Automatic (S8),6.0,3.5,18,22,20,455.0,14.876,3800,4,-8000
GMC,Acadia AWD,2025,Standard Sport Utility Vehicle 4WD,All-Wheel Drive,Regular,Automatic 8-spd,4.0,2.5,19,24,21,422.0,14.167,2950,4,-3750
Land Rover,Discovery,2025,Standard Sport Utility Vehicle 4WD,4-Wheel Drive,Premium,Automatic (S8),4.0,2.0,19,24,21,421.0,14.167,3600,4,-7000
Land Rover,Range Rover MHEV,2025,Standard Sport Utility Vehicle 4WD,4-Wheel Drive,Premium,Automatic (S8),8.0,4.4,16,23,19,477.0,15.658,4000,4,-9000
Land Rover,Range Rover LWB MHEV,2025,Standard Sport Utility Vehicle 4WD,4-Wheel Drive,Premium,Automatic (S8),8.0,4.4,16,22,18,501.0,16.528,4200,4,-10000
Land Rover,Range Rover Sport MHEV,2025,Standard Sport Utility Vehicle 4WD,4-Wheel Drive,Premium,Automatic (S8),8.0,4.4,16,23,19,477.0,15.658,4000,4,-9000
Land Rover,Range Rover Sport SVR MHEV,2025,Standard Sport Utility Vehicle 4WD,4-Wheel Drive,Premium,Automatic (S8),8.0,4.4,16,22,18,497.0,16.528,4200,4,-10000
Land Rover,Range Rover SV MHEV,2025,Standard Sport Utility Vehicle 4WD,4-Wheel Drive,Premium,Automatic (S8),8.0,4.4,16,22,18,501.0,16.528,4200,4,-10000
Land Rover,Range Rover SV LWB MHEV,2025,Standard Sport Utility Vehicle 4WD,4-Wheel Drive,Premium,Automatic (S8),8.0,4.4,16,22,18,501.0,16.528,4200,4,-10000
Land Rover,Defender 110,2025,Standard Sport Utility Vehicle 4WD,4-Wheel Drive,Premium,Automatic (S8),4.0,2.0,18,20,19,474.0,15.658,4000,4,-9000
Land Rover,Defender 90,2025,Standard Sport Utility Vehicle 4WD,4-Wheel Drive,Premium,Automatic (S8),4.0,2.0,18,21,19,465.0,15.658,4000,4,-9000
Lincoln,Aviator AWD,2025,Standard Sport Utility Vehicle 4WD,Part-time 4-Wheel Drive,Regular,Automatic (S10),6.0,3.0,17,25,20,447.0,14.876,3100,4,-4500
Mazda,CX-70 4WD,2025,Standard Sport Utility Vehicle 4WD,4-Wheel Drive,Premium,Automatic (S8),6.0,3.3,23,28,25,358.0,11.9,3050,5,-4250
Mercedes-Benz,AMG GLE63 S 4matic Plus Coupe,2025,Standard Sport Utility Vehicle 4WD,All-Wheel Drive,Premium,Automatic 9-spd,8.0,4.0,14,19,16,554.0,18.594,4750,3,-12750
Mercedes-Benz,AMG GLE63 S 4matic Plus,2025,Standard Sport Utility Vehicle 4WD,All-Wheel Drive,Premium,Automatic 9-spd,8.0,4.0,14,19,16,554.0,18.594,4750,3,-12750
Mercedes-Benz,AMG GLS63 4matic Plus,2025,Standard Sport Utility Vehicle 4WD,All-Wheel Drive,Premium,Automatic 9-spd,8.0,4.0,14,18,15,578.0,19.834,5050,2,-14250
Mercedes-Benz,GLS600 4matic Maybach,2025,Standard Sport Utility Vehicle 4WD,All-Wheel Drive,Premium,Automatic 9-spd,8.0,4.0,13,18,15,588.0,19.834,5050,2,-14250
Mercedes-Benz,GLE580 4matic,2025,Standard Sport Utility Vehicle 4WD,All-Wheel Drive,Premium,Automatic 9-spd,8.0,4.0,15,20,17,527.0,17.501,4450,3,-11250
Mercedes-Benz,GLS580 4matic,2025,Standard Sport Utility Vehicle 4WD,All-Wheel Drive,Premium,Automatic 9-spd,8.0,4.0,14,19,16,548.0,18.594,4750,3,-12750
Mercedes-Benz,GLE450 4matic,2025,Standard Sport Utility Vehicle 4WD,All-Wheel Drive,Premium,Automatic 9-spd,6.0,3.0,19,25,21,424.0,14.167,3600,4,-7000
Mercedes-Benz,GLE450 4matic (coupe),2025,Standard Sport Utility Vehicle 4WD,All-Wheel Drive,Premium,Automatic 9-spd,6.0,3.0,19,25,21,424.0,14.167,3600,4,-7000
Mercedes-Benz,GLS450 4matic,2025,Standard Sport Utility Vehicle 4WD,All-Wheel Drive,Premium,Automatic 9-spd,6.0,3.0,19,24,21,428.0,14.167,3600,4,-7000
Mercedes-Benz,AMG GLE53 4matic Plus,2025,Standard Sport Utility Vehicle 4WD,All-Wheel Drive,Premium,Automatic 9-spd,6.0,3.0,18,23,20,439.0,14.876,3800,4,-8000
Mercedes-Benz,AMG GLE53 4matic Plus Coupe,2025,Standard Sport Utility Vehicle 4WD,All-Wheel Drive,Premium,Automatic 9-spd,6.0,3.0,18,22,20,454.0,14.876,3800,4,-8000
Mercedes-Benz,G550,2025,Standard Sport Utility Vehicle 4WD,4-Wheel Drive,Premium,Automatic 9-spd,6.0,3.0,17,19,18,490.0,16.528,4200,4,-10000
Volvo,XC90 B6 AWD,2025,Standard Sport Utility Vehicle 4WD,All-Wheel Drive,Premium,Automatic (S8),4.0,2.0,20,26,23,393.0,12.935,3300,5,-5500
Volvo,XC90 B5 AWD,2025,Standard Sport Utility Vehicle 4WD,All-Wheel Drive,Premium,Automatic (S8),4.0,2.0,23,30,26,343.0,11.443,2900,5,-3500
Maserati,MC20,2025,Two Seaters,Rear-Wheel Drive,Premium,Automatic (S8),6.0,3.0,15,25,18,474.0,16.528,4200,4,-10000
Maserati,MC20 Spyder,2025,Two Seaters,Rear-Wheel Drive,Premium,Automatic (S8),6.0,3.0,15,25,18,482.0,16.528,4200,4,-10000
Audi,S3,2025,Subcompact Cars,All-Wheel Drive,Premium,Automatic (AM-S7),4.0,2.0,23,31,26,344.0,11.443,2900,5,-3500
BMW,230i Coupe,2025,Subcompact Cars,Rear-Wheel Drive,Premium,Automatic (S8),4.0,2.0,26,35,30,296.0,9.917,2550,6,-1750
BMW,230i xDrive Coupe,2025,Subcompact Cars,All-Wheel Drive,Premium,Automatic (S8),4.0,2.0,25,33,28,313.0,10.625,2700,6,-2500
BMW,M240i Coupe,2025,Subcompact Cars,Rear-Wheel Drive,Premium,Automatic (S8),6.0,3.0,23,32,26,339.0,11.443,2900,5,-3500
BMW,M240i xDrive Coupe,2025,Subcompact Cars,All-Wheel Drive,Premium,Automatic (S8),6.0,3.0,23,32,26,336.0,11.443,2900,5,-3500
BMW,M2 Coupe,2025,Subcompact Cars,Rear-Wheel Drive,Premium,Manual 6-spd,6.0,3.0,16,23,19,473.0,15.658,4000,4,-9000
Mercedes-Benz,CLE300 4matic (Convertible),2025,Subcompact Cars,All-Wheel Drive,Premium,Automatic 9-spd,4.0,2.0,23,32,26,340.0,11.443,2900,5,-3500
Mercedes-Benz,CLE300 4matic (Coupe),2025,Subcompact Cars,All-Wheel Drive,Premium,Automatic 9-spd,4.0,2.0,24,33,27,323.0,11.019,2800,5,-3000
Mercedes-Benz,CLE450 4matic (Convertible),2025,Subcompact Cars,All-Wheel Drive,Premium,Automatic 9-spd,6.0,3.0,23,32,26,338.0,11.443,2900,5,-3500
Mercedes-Benz,CLE450 4matic (Coupe),2025,Subcompact Cars,All-Wheel Drive,Premium,Automatic 9-spd,6.0,3.0,23,33,26,339.0,11.443,2900,5,-3500
Acura,TLX FWD,2025,Compact Cars,Front-Wheel Drive,Premium,Automatic (S10),4.0,2.0,22,31,25,352.0,11.9,3050,5,-4250
Acura,TLX AWD A-SPEC,2025,Compact Cars,All-Wheel Drive,Premium,Automatic (S10),4.0,2.0,21,29,24,371.0,12.396,3150,5,-4750
Acura,TLX Type-S,2025,Compact Cars,All-Wheel Drive,Premium,Automatic (S10),6.0,3.0,19,25,21,420.0,14.167,3600,4,-7000
BMW,330i Sedan,2025,Compact Cars,Rear-Wheel Drive,Premium,Automatic (S8),4.0,2.0,28,35,31,286.0,9.597,2450,6,-1250
BMW,330i xDrive Sedan,2025,Compact Cars,All-Wheel Drive,Premium,Automatic (S8),4.0,2.0,26,34,29,298.0,10.259,2600,6,-2000
BMW,M340i Sedan,2025,Compact Cars,Rear-Wheel Drive,Premium,Automatic (S8),4.0,3.0,27,33,29,299.0,10.259,2600,6,-2000
BMW,M340i xDrive Sedan,2025,Compact Cars,All-Wheel Drive,Premium,Automatic (S8),4.0,3.0,26,33,29,304.0,10.259,2600,6,-2000
BMW,430i Gran Coupe,2025,Compact Cars,Rear-Wheel Drive,Premium,Automatic (S8),4.0,2.0,27,35,30,290.0,9.917,2550,6,-1750
BMW,430i xDrive Gran Coupe,2025,Compact Cars,All-Wheel Drive,Premium,Automatic (S8),4.0,2.0,25,34,29,305.0,10.259,2600,6,-2000
BMW,M440i Gran Coupe,2025,Compact Cars,Rear-Wheel Drive,Premium,Automatic (S8),4.0,3.0,26,32,28,312.0,10.625,2700,6,-2500
BMW,M440i xDrive Gran Coupe,2025,Compact Cars,All-Wheel Drive,Premium,Automatic (S8),4.0,3.0,25,31,27,320.0,11.019,2800,5,-3000
Mercedes-Benz,AMG C43 4matic,2025,Compact Cars,All-Wheel Drive,Premium,Automatic 9-spd,4.0,2.0,19,27,22,405.0,13.523,3450,5,-6250
Volkswagen,Jetta,2025,Compact Cars,Front-Wheel Drive,Regular,Automatic (S8),4.0,1.5,29,39,33,271.0,9.015,1850,6,1750
Audi,S6,2025,Midsize Cars,All-Wheel Drive,Premium,Automatic (S8),6.0,2.9,19,27,22,408.0,13.523,3450,5,-6250
Audi,S7,2025,Midsize Cars,All-Wheel Drive,Premium,Automatic (S8),6.0,2.9,19,27,22,408.0,13.523,3450,5,-6250
BMW,530i Sedan,2025,Midsize Cars,Rear-Wheel Drive,Premium,Automatic (S8),4.0,2.0,28,35,31,285.0,9.597,2450,6,-1250
BMW,530i xDrive Sedan,2025,Midsize Cars,All-Wheel Drive,Premium,Automatic (S8),4.0,2.0,27,35,30,292.0,9.917,2550,6,-1750
BMW,540i xDrive Sedan,2025,Midsize Cars,All-Wheel Drive,Premium,Automatic (S8),6.0,3.0,26,33,28,307.0,10.625,2700,6,-2500
Honda,Civic 4Dr,2025,Midsize Cars,Front-Wheel Drive,Premium,Manual 6-spd,4.0,1.5,27,37,31,285.0,9.597,2450,6,-1250
Kia,K4,2025,Midsize Cars,Front-Wheel Drive,Regular,Automatic (AV-S1),4.0,2.0,29,39,33,273.0,9.015,1850,6,1750
Kia,K4,2025,Midsize Cars,Front-Wheel Drive,Regular,Automatic (AV-S1),4.0,2.0,30,40,34,264.0,8.75,1800,7,2000
Lexus,ES 350,2025,Midsize Cars,Front-Wheel Drive,Regular,Automatic (S8),6.0,3.5,22,32,25,347.0,11.9,2450,5,-1250
Lexus,ES 350 F Sport,2025,Midsize Cars,Front-Wheel Drive,Regular,Automatic (S8),6.0,3.5,22,31,25,352.0,11.9,2450,5,-1250
Lexus,ES 250 AWD,2025,Midsize Cars,All-Wheel Drive,Regular,Automatic (S8),4.0,2.5,24,33,28,320.0,10.625,2200,6,0
Lexus,ES 300h,2025,Midsize Cars,Front-Wheel Drive,Regular,Automatic (AV-S6),4.0,2.5,43,44,44,200.0,6.762,1400,7,4000
Mercedes-Benz,E450 4matic,2025,Midsize Cars,All-Wheel Drive,Premium,Automatic 9-spd,6.0,3.0,22,31,25,355.0,11.9,3050,5,-4250
Nissan,Altima,2025,Midsize Cars,Front-Wheel Drive,Regular,Automatic (variable gear ratios),4.0,2.5,27,38,31,281.0,9.597,2000,6,1000
Nissan,Altima AWD,2025,Midsize Cars,All-Wheel Drive,Regular,Automatic (variable gear ratios),4.0,2.5,25,34,28,317.0,10.625,2200,6,0
Nissan,Altima SL/SR,2025,Midsize Cars,Front-Wheel Drive,Regular,Automatic (variable gear ratios),4.0,2.5,27,36,30,287.0,9.917,2050,6,750
Acura,Integra,2025,Large Cars,Front-Wheel Drive,Premium,Manual 6-spd,4.0,2.0,21,28,24,371.0,12.396,3150,5,-4750
BMW,740i Sedan,2025,Large Cars,Rear-Wheel Drive,Premium,Automatic (S8),6.0,3.0,25,31,28,317.0,10.625,2700,6,-2500
BMW,740i xDrive Sedan,2025,Large Cars,All-Wheel Drive,Premium,Automatic (S8),6.0,3.0,24,31,27,326.0,11.019,2800,5,-3000
BMW,760i xDrive Sedan,2025,Large Cars,All-Wheel Drive,Premium,Automatic (S8),8.0,4.4,18,25,20,427.0,14.876,3800,4,-8000
Mercedes-Benz,S500 4matic,2025,Large Cars,All-Wheel Drive,Premium,Automatic 9-spd,6.0,3.0,21,31,24,364.0,12.396,3150,5,-4750
Porsche,Panamera,2025,Large Cars,Rear-Wheel Drive,Premium,Automatic (AM-S8),6.0,2.9,18,25,21,431.0,14.167,3600,4,-7000
Porsche,Panamera 4,2025,Large Cars,All-Wheel Drive,Premium,Automatic (AM-S8),6.0,2.9,18,25,21,425.0,14.167,3600,4,-7000
Mercedes-Benz,AMG GLC43 4matic,2025,Small Station Wagons,All-Wheel Drive,Premium,Automatic 9-spd,4.0,2.0,19,25,21,423.0,14.167,3600,4,-7000
Mercedes-Benz,AMG GLC43 4matic Coupe,2025,Small Station Wagons,All-Wheel Drive,Premium,Automatic 9-spd,4.0,2.0,18,24,21,433.0,14.167,3600,4,-7000
Mercedes-Benz,E450 4matic All-Terrain (wagon),2025,Midsize Station Wagons,All-Wheel Drive,Premium,Automatic 9-spd,6.0,3.0,22,31,25,351.0,11.9,3050,5,-4250
Chevrolet,Silverado 2WD,2025,Standard Pickup Trucks 2WD,Rear-Wheel Drive,Diesel,Automatic 10-spd,6.0,3.0,23,29,26,399.0,13.738,3050,5,-4250
Chevrolet,Silverado 2WD,2025,Standard Pickup Trucks 2WD,Rear-Wheel Drive,Regular,Automatic 8-spd,4.0,2.7,17,21,19,470.0,15.658,3250,4,-5250
Chevrolet,Silverado 2WD,2025,Standard Pickup Trucks 2WD,Rear-Wheel Drive,Regular,Automatic 8-spd,4.0,2.7,18,21,19,468.0,15.658,3250,4,-5250
Chevrolet,Silverado 2WD,2025,Standard Pickup Trucks 2WD,Rear-Wheel Drive,Regular,Automatic 10-spd,8.0,5.3,16,21,18,490.0,16.528,3400,4,-6000
Chevrolet,Silverado 2WD,2025,Standard Pickup Trucks 2WD,Rear-Wheel Drive,Regular,Automatic 10-spd,8.0,5.3,16,21,18,491.0,16.528,3400,4,-6000
GMC,Sierra 2WD,2025,Standard Pickup Trucks 2WD,Rear-Wheel Drive,Diesel,Automatic 10-spd,6.0,3.0,23,29,26,399.0,13.738,3050,5,-4250
GMC,Sierra 2WD,2025,Standard Pickup Trucks 2WD,Rear-Wheel Drive,Regular,Automatic 8-spd,4.0,2.7,18,21,19,468.0,15.658,3250,4,-5250
GMC,Sierra 2WD,2025,Standard Pickup Trucks 2WD,Rear-Wheel Drive,Regular,Automatic 8-spd,4.0,2.7,17,21,19,470.0,15.658,3250,4,-5250
GMC,Sierra 2WD,2025,Standard Pickup Trucks 2WD,Rear-Wheel Drive,Regular,Automatic 10-spd,8.0,5.3,16,21,18,495.0,16.528,3400,4,-6000
GMC,Sierra 2WD,2025,Standard Pickup Trucks 2WD,Rear-Wheel Drive,Regular,Automatic 10-spd,8.0,5.3,16,20,17,507.0,17.501,3600,3,-7000
Chevrolet,Silverado 4WD,2025,Standard Pickup Trucks 4WD,4-Wheel Drive,Diesel,Automatic 10-spd,6.0,3.0,22,26,24,428.0,14.883,3300,4,-5500
Chevrolet,Silverado 4WD,2025,Standard Pickup Trucks 4WD,4-Wheel Drive,Diesel,Automatic 10-spd,6.0,3.0,22,25,23,434.0,15.53,3450,4,-6250
Chevrolet,Silverado Mud Terrain Tires 4WD,2025,Standard Pickup Trucks 4WD,4-Wheel Drive,Diesel,Automatic 10-spd,6.0,3.0,21,24,23,450.0,15.53,3450,4,-6250
Chevrolet,Silverado Mud Terrain Tires 4WD,2025,Standard Pickup Trucks 4WD,4-Wheel Drive,Diesel,Automatic 10-spd,6.0,3.0,21,24,22,456.0,16.236,3600,4,-7000
Chevrolet,Silverado 4WD ZR2,2025,Standard Pickup Trucks 4WD,4-Wheel Drive,Diesel,Automatic 10-spd,6.0,3.0,20,23,21,479.0,17.009,3800,4,-8000
Chevrolet,Silverado 4WD,2025,Standard Pickup Trucks 4WD,4-Wheel Drive,Regular,Automatic 8-spd,4.0,2.7,17,20,18,482.0,16.528,3400,4,-6000
Chevrolet,Silverado 4WD,2025,Standard Pickup Trucks 4WD,4-Wheel Drive,Regular,Automatic 8-spd,4.0,2.7,17,20,18,481.0,16.528,3400,4,-6000
Chevrolet,Silverado Mud Terrain Tires 4WD,2025,Standard Pickup Trucks 4WD,4-Wheel Drive,Regular,Automatic 8-spd,4.0,2.7,16,17,16,541.0,18.594,3850,3,-8250
Chevrolet,Silverado Mud Terrain Tires 4WD,2025,Standard Pickup Trucks 4WD,4-Wheel Drive,Regular,Automatic 8-spd,4.0,2.7,16,17,16,538.0,18.594,3850,3,-8250
Chevrolet,Silverado 4WD,2025,Standard Pickup Trucks 4WD,4-Wheel Drive,Gasoline or E85,Automatic 10-spd,8.0,5.3,15,19,17,524.0,17.501,3600,3,-7000
Chevrolet,Silverado Mud Terrain Tires 4WD,2025,Standard Pickup Trucks 4WD,4-Wheel Drive,Gasoline or E85,Automatic 10-spd,8.0,5.3,15,19,17,524.0,17.501,3600,3,-7000
Chevrolet,Silverado 4WD,2025,Standard Pickup Trucks 4WD,4-Wheel Drive,Premium,Automatic 10-spd,8.0,6.2,15,20,17,528.0,17.501,4450,3,-11250
Chevrolet,Silverado Mud Terrain Tires 4WD,2025,Standard Pickup Trucks 4WD,4-Wheel Drive,Premium,Automatic 10-spd,8.0,6.2,14,17,15,593.0,19.834,5050,2,-14250
Chevrolet,Silverado 4WD ZR2,2025,Standard Pickup Trucks 4WD,4-Wheel Drive,Premium,Automatic 10-spd,8.0,6.2,14,17,15,591.0,19.834,5050,2,-14250
Chevrolet,Silverado 4WD,2025,Standard Pickup Trucks 4WD,4-Wheel Drive,Regular,Automatic 10-spd,8.0,5.3,15,19,16,546.0,18.594,3850,3,-8250
Chevrolet,Silverado Mud Terrain Tires 4WD,2025,Standard Pickup Trucks 4WD,4-Wheel Drive,Regular,Automatic 10-spd,8.0,5.3,15,19,16,546.0,18.594,3850,3,-8250
Chevrolet,Silverado 4WD,2025,Standard Pickup Trucks 4WD,4-Wheel Drive,Regular,Automatic 10-spd,8.0,5.3,16,19,17,520.0,17.501,3600,3,-7000
Chevrolet,Silverado Mud Terrain Tires 4WD,2025,Standard Pickup Trucks 4WD,4-Wheel Drive,Regular,Automatic 10-spd,8.0,5.3,15,18,16,545.0,18.594,3850,3,-8250
Chevrolet,Silverado 4WD,2025,Standard Pickup Trucks 4WD,4-Wheel Drive,Regular,Automatic 10-spd,8.0,5.3,16,19,17,525.0,17.501,3600,3,-7000
Chevrolet,Silverado Mud Terrain Tires 4WD,2025,Standard Pickup Trucks 4WD,4-Wheel Drive,Regular,Automatic 10-spd,8.0,5.3,15,18,16,545.0,18.594,3850,3,-8250
GMC,Sierra 4WD,2025,Standard Pickup Trucks 4WD,4-Wheel Drive,Diesel,Automatic 10-spd,6.0,3.0,22,26,24,428.0,14.883,3300,4,-5500
GMC,Sierra Mud Terrain Tires 4WD,2025,Standard Pickup Trucks 4WD,4-Wheel Drive,Diesel,Automatic 10-spd,6.0,3.0,21,24,23,450.0,15.53,3450,4,-6250
GMC,Sierra 4WD AT4X,2025,Standard Pickup Trucks 4WD,4-Wheel Drive,Diesel,Automatic 10-spd,6.0,3.0,19,20,19,524.0,18.8,4200,3,-10000
GMC,Sierra 4WD,2025,Standard Pickup Trucks 4WD,4-Wheel Drive,Regular,Automatic 8-spd,4.0,2.7,17,18,17,516.0,17.501,3600,3,-7000
GMC,Sierra 4WD,2025,Standard Pickup Trucks 4WD,4-Wheel Drive,Regular,Automatic 8-spd,4.0,2.7,17,19,18,496.0,16.528,3400,4,-6000
GMC,Sierra Mud Terrain Tires 4WD,2025,Standard Pickup Trucks 4WD,4-Wheel Drive,Regular,Automatic 8-spd,4.0,2.7,16,17,16,538.0,18.594,3850,3,-8250
GMC,Sierra 4WD,2025,Standard Pickup Trucks 4WD,4-Wheel Drive,Gasoline or E85,Automatic 10-spd,8.0,5.3,15,19,17,524.0,17.501,3600,3,-7000
GMC,Sierra Mud Terrain Tires 4WD,2025,Standard Pickup Trucks 4WD,4-Wheel Drive,Gasoline or E85,Automatic 10-spd,8.0,5.3,15,19,17,524.0,17.501,3600,3,-7000
GMC,Sierra 4WD,2025,Standard Pickup Trucks 4WD,4-Wheel Drive,Premium,Automatic 10-spd,8.0,6.2,15,19,16,539.0,18.594,4750,3,-12750
GMC,Sierra Mud Terrain Tires 4WD,2025,Standard Pickup Trucks 4WD,4-Wheel Drive,Premium,Automatic 10-spd,8.0,6.2,14,17,15,593.0,19.834,5050,2,-14250
GMC,Sierra 4WD AT4X,2025,Standard Pickup Trucks 4WD,4-Wheel Drive,Premium,Automatic 10-spd,8.0,6.2,14,16,15,601.0,19.834,5050,2,-14250
GMC,Sierra 4WD,2025,Standard Pickup Trucks 4WD,4-Wheel Drive,Regular,Automatic 10-spd,8.0,5.3,15,19,16,546.0,18.594,3850,3,-8250
GMC,Sierra Mud Terrain Tires 4WD,2025,Standard Pickup Trucks 4WD,4-Wheel Drive,Regular,Automatic 10-spd,8.0,5.3,15,19,16,546.0,18.594,3850,3,-8250
GMC,Sierra 4WD,2025,Standard Pickup Trucks 4WD,4-Wheel Drive,Regular,Automatic 10-spd,8.0,5.3,15,19,17,526.0,17.501,3600,3,-7000
GMC,Sierra Mud Terrain Tires 4WD,2025,Standard Pickup Trucks 4WD,4-Wheel Drive,Regular,Automatic 10-spd,8.0,5.3,15,18,16,549.0,18.594,3850,3,-8250
GMC,Sierra 4WD,2025,Standard Pickup Trucks 4WD,4-Wheel Drive,Regular,Automatic 10-spd,8.0,5.3,15,19,17,535.0,17.501,3600,3,-7000
GMC,Sierra Mud Terrain Tires 4WD,2025,Standard Pickup Trucks 4WD,4-Wheel Drive,Regular,Automatic 10-spd,8.0,5.3,15,18,16,553.0,18.594,3850,3,-8250
Honda,Ridgeline AWD,2025,Standard Pickup Trucks 4WD,All-Wheel Drive,Regular,Automatic (S9),6.0,3.5,18,24,21,429.0,14.167,2950,4,-3750
Honda,Ridgeline AWD TrailSport,2025,Standard Pickup Trucks 4WD,All-Wheel Drive,Regular,Automatic (S9),6.0,3.5,18,23,20,446.0,14.876,3100,4,-4500
Chevrolet,Silverado Cab Chassis 2WD,2025,Special Purpose Vehicle 2WD,Rear-Wheel Drive,Regular,Automatic 10-spd,8.0,5.3,15,18,16,551.0,18.594,3850,3,-8250
Chevrolet,Silverado Cab Chassis 4WD,2025,Special Purpose Vehicle 4WD,4-Wheel Drive,Regular,Automatic 10-spd,8.0,5.3,14,16,15,592.0,19.834,4100,2,-9500
GMC,Sierra Cab Chassis 2WD,2025,Special Purpose Vehicle 2WD,Rear-Wheel Drive,Regular,Automatic 10-spd,8.0,5.3,15,18,16,551.0,18.594,3850,3,-8250
GMC,Sierra Cab Chassis 4WD,2025,Special Purpose Vehicle 4WD,4-Wheel Drive,Regular,Automatic 10-spd,8.0,5.3,14,16,15,592.0,19.834,4100,2,-9500
Chrysler,Pacifica,2025,Minivan - 2WD,Front-Wheel Drive,Regular,Automatic 9-spd,6.0,3.6,19,28,22,401.0,13.523,2800,5,-3000
Chrysler,Voyager,2025,Minivan - 2WD,Front-Wheel Drive,Regular,Automatic 9-spd,6.0,3.6,19,28,22,401.0,13.523,2800,5,-3000
Honda,Odyssey,2025,Minivan - 2WD,Front-Wheel Drive,Regular,Automatic (S10),6.0,3.5,19,28,22,395.0,13.523,2800,5,-3000
Chrysler,Pacifica AWD,2025,Minivan - 4WD,All-Wheel Drive,Regular,Automatic 9-spd,6.0,3.6,17,25,20,450.0,14.876,3100,4,-4500
Hyundai,Santa Fe Hybrid FWD,2025,Small Sport Utility Vehicle 2WD,Front-Wheel Drive,Regular,Automatic (AM-S6),4.0,1.6,36,35,36,249.0,8.264,1700,7,2500
Hyundai,Santa Cruz FWD,2025,Small Sport Utility Vehicle 2WD,Front-Wheel Drive,Regular,Automatic (S8),4.0,2.5,22,30,25,356.0,11.9,2450,5,-1250
Hyundai,Santa Fe FWD,2025,Small Sport Utility Vehicle 2WD,Front-Wheel Drive,Regular,Automatic (AM-S8),4.0,2.5,20,29,24,376.0,12.396,2550,5,-1750
Nissan,Kicks,2025,Small Sport Utility Vehicle 2WD,Front-Wheel Drive,Regular,Automatic (variable gear ratios),4.0,2.0,28,35,31,287.0,9.597,2000,6,1000
Audi,Q3,2025,Small Sport Utility Vehicle 4WD,All-Wheel Drive,Premium,Automatic (S8),4.0,2.0,22,29,25,360.0,11.9,3050,5,-4250
BMW,X1 xDrive28i,2025,Small Sport Utility Vehicle 4WD,All-Wheel Drive,Premium,Automatic (AM-S7),4.0,2.0,24,33,28,318.0,10.625,2700,6,-2500
BMW,X1 M35i,2025,Small Sport Utility Vehicle 4WD,All-Wheel Drive,Premium,Automatic (AM-S7),4.0,2.0,23,31,26,334.0,11.443,2900,5,-3500
BMW,X2 xDrive28i,2025,Small Sport Utility Vehicle 4WD,All-Wheel Drive,Premium,Automatic (AM-S7),4.0,2.0,24,33,28,318.0,10.625,2700,6,-2500
BMW,X2 M35i,2025,Small Sport Utility Vehicle 4WD,All-Wheel Drive,Premium,Automatic (AM-S7),4.0,2.0,23,32,26,332.0,11.443,2900,5,-3500
Hyundai,Santa Fe Hybrid AWD,2025,Small Sport Utility Vehicle 4WD,All-Wheel Drive,Regular,Automatic (AM-S6),4.0,1.6,35,34,34,258.0,8.75,1800,7,2000
Hyundai,Santa Cruz AWD,2025,Small Sport Utility Vehicle 4WD,All-Wheel Drive,Regular,Automatic (S8),4.0,2.5,21,29,24,367.0,12.396,2550,5,-1750
Hyundai,Santa Cruz AWD,2025,Small Sport Utility Vehicle 4WD,All-Wheel Drive,Regular,Automatic (AM-S8),4.0,2.5,19,27,22,406.0,13.523,2800,5,-3000
Hyundai,Santa Fe AWD XRT,2025,Small Sport Utility Vehicle 4WD,All-Wheel Drive,Regular,Automatic (AM-S8),4.0,2.5,19,26,22,409.0,13.523,2800,5,-3000
Hyundai,Santa Fe AWD,2025,Small Sport Utility Vehicle 4WD,All-Wheel Drive,Regular,Automatic (AM-S8),4.0,2.5,20,28,23,390.0,12.935,2650,5,-2250
Hyundai,Santa Cruz XRT AWD,2025,Small Sport Utility Vehicle 4WD,All-Wheel Drive,Regular,Automatic (AM-S8),4.0,2.5,18,26,21,419.0,14.167,2950,4,-3750
Hyundai,Tucson Hybrid,2025,Small Sport Utility Vehicle 4WD,All-Wheel Drive,Regular,Automatic (AM-S6),4.0,1.6,35,35,35,253.0,8.5,1750,7,2250
Hyundai,Tucson Hybrid Blue,2025,Small Sport Utility Vehicle 4WD,All-Wheel Drive,Regular,Automatic (AM-S6),4.0,1.6,38,38,38,234.0,7.829,1600,7,3000
Mazda,CX-50 4WD,2025,Small Sport Utility Vehicle 4WD,4-Wheel Drive,Regular,Automatic (S6),4.0,2.5,25,31,28,322.0,10.625,2200,6,0
Mazda,CX-50 4WD,2025,Small Sport Utility Vehicle 4WD,4-Wheel Drive,Regular,Automatic (S6),4.0,2.5,23,29,25,355.0,11.9,2450,5,-1250
Mercedes-Benz,GLC300 4matic,2025,Small Sport Utility Vehicle 4WD,All-Wheel Drive,Premium,Automatic 9-spd,4.0,2.0,23,31,26,338.0,11.443,2900,5,-3500
Mercedes-Benz,GLC300 4matic Coupe,2025,Small Sport Utility Vehicle 4WD,All-Wheel Drive,Premium,Automatic 9-spd,4.0,2.0,23,31,26,337.0,11.443,2900,5,-3500
Nissan,Kicks AWD,2025,Small Sport Utility Vehicle 4WD,All-Wheel Drive,Regular,Automatic (variable gear ratios),4.0,2.0,27,34,30,299.0,9.917,2050,6,750
Volkswagen,Atlas 4motion Peak Edition,2025,Small Sport Utility Vehicle 4WD,All-Wheel Drive,Regular,Automatic (S8),4.0,2.0,18,25,20,436.0,14.876,3100,4,-4500
Dodge,Durango RWD,2025,Standard Sport Utility Vehicle 2WD,Rear-Wheel Drive,Regular,Automatic 8-spd,6.0,3.6,18,25,20,439.0,14.876,3100,4,-4500
Dodge,Durango RWD,2025,Standard Sport Utility Vehicle 2WD,Rear-Wheel Drive,Midgrade,Automatic 8-spd,8.0,5.7,14,22,17,525.0,17.501,4150,3,-9750
Ford,Explorer RWD,2025,Standard Sport Utility Vehicle 2WD,Rear-Wheel Drive,Regular,Automatic (S10),6.0,3.0,18,25,21,425.0,14.167,2950,4,-3750
Ford,Explorer RWD,2025,Standard Sport Utility Vehicle 2WD,Rear-Wheel Drive,Regular,Automatic 10-spd,6.0,3.0,18,25,21,420.0,14.167,2950,4,-3750
Ford,Explorer RWD,2025,Standard Sport Utility Vehicle 2WD,Rear-Wheel Drive,Regular,Automatic 10-spd,4.0,2.3,20,29,24,377.0,12.396,2550,5,-1750
Infiniti,QX60 FWD,2025,Standard Sport Utility Vehicle 2WD,Front-Wheel Drive,Premium,Automatic (S9),4.0,2.0,22,28,24,371.0,12.396,3150,5,-4750
Infiniti,QX80 2WD,2025,Standard Sport Utility Vehicle 2WD,Rear-Wheel Drive,Premium,Automatic (S9),6.0,3.5,16,20,18,504.0,16.528,4200,4,-10000
Audi,Q8 quattro,2025,Standard Sport Utility Vehicle 4WD,All-Wheel Drive,Premium,Automatic (S8),6.0,3.0,17,23,19,459.0,15.658,4000,4,-9000
Dodge,Durango AWD,2025,Standard Sport Utility Vehicle 4WD,All-Wheel Drive,Regular,Automatic 8-spd,6.0,3.6,17,24,20,450.0,14.876,3100,4,-4500
Dodge,Durango AWD,2025,Standard Sport Utility Vehicle 4WD,All-Wheel Drive,Midgrade,Automatic 8-spd,8.0,5.7,14,22,17,533.0,17.501,4150,3,-9750
Dodge,Durango SRT AWD,2025,Standard Sport Utility Vehicle 4WD,All-Wheel Drive,Premium,Automatic 8-spd,8.0,6.2,12,17,13,659.0,22.885,5850,1,-18250
Infiniti,QX60 AWD,2025,Standard Sport Utility Vehicle 4WD,All-Wheel Drive,Premium,Automatic (S9),4.0,2.0,22,27,24,377.0,12.396,3150,5,-4750
Infiniti,QX80 4WD,2025,Standard Sport Utility Vehicle 4WD,4-Wheel Drive,Premium,Automatic (S9),6.0,3.5,16,19,17,522.0,17.501,4450,3,-11250
Land Rover,Discovery MHEV,2025,Standard Sport Utility Vehicle 4WD,4-Wheel Drive,Premium,Automatic (S8),6.0,3.0,17,23,19,457.0,15.658,4000,4,-9000
Mazda,CX-70 4WD,2025,Standard Sport Utility Vehicle 4WD,4-Wheel Drive,Regular,Automatic (S8),6.0,3.3,24,28,25,349.0,11.9,2450,5,-1250
Rolls-Royce,Cullinan,2025,Standard Sport Utility Vehicle 4WD,All-Wheel Drive,Premium,Automatic (S8),12.0,6.7,12,19,14,609.0,21.251,5450,2,-16250
Rolls-Royce,Cullinan Black Badge,2025,Standard Sport Utility Vehicle 4WD,All-Wheel Drive,Premium,Automatic (S8),12.0,6.7,12,19,14,609.0,21.251,5450,2,-16250
Lamborghini,Revuelto,2024,Two Seaters,All-Wheel Drive,Premium,Automatic (AM-S8),12.0,6.5,10,17,12,753.0,24.792,6350,1,-20750
Lotus,Emira,2024,Two Seaters,Rear-Wheel Drive,Regular,Automatic (S6),6.0,3.5,18,26,21,413.0,14.167,2950,4,-3750
Mercedes-Benz,AMG CLE53 4matic Plus (coupe),2024,Subcompact Cars,All-Wheel Drive,Premium,Automatic 9-spd,6.0,3.0,20,27,23,391.0,12.935,3300,5,-5500
Volkswagen,GLI,2024,Compact Cars,Front-Wheel Drive,Regular,Automatic (AM-S7),4.0,2.0,26,36,30,297.0,9.917,2050,6,750
Chevrolet,Malibu,2024,Midsize Cars,Front-Wheel Drive,Regular,Automatic (variable gear ratios),4.0,1.5,28,36,31,282.0,9.597,2000,6,1000
Porsche,Panamera,2024,Large Cars,Rear-Wheel Drive,Premium,Automatic (AM-S8),6.0,2.9,18,25,21,431.0,14.167,3600,4,-7000
Ford,F150 Pickup Tremor 4WD,2024,Standard Pickup Trucks 4WD,Part-time 4-Wheel Drive,Regular,Automatic (S10),6.0,3.5,16,21,18,494.0,16.528,3400,4,-6000
Ford,F150 Pickup Tremor 4WD,2024,Standard Pickup Trucks 4WD,Part-time 4-Wheel Drive,Regular,Automatic (S10),8.0,5.0,15,20,17,523.0,17.501,3600,3,-7000
Toyota,Tacoma Hybrid 4WD,2024,Standard Pickup Trucks 4WD,4-Wheel Drive,Regular,Automatic (S8),4.0,2.4,23,24,24,379.0,12.396,2550,5,-1750
Toyota,Tacoma Hybrid 4WD,2024,Standard Pickup Trucks 4WD,Part-time 4-Wheel Drive,Regular,Automatic (S8),4.0,2.4,22,24,23,388.0,12.935,2650,5,-2250
Hyundai,Santa Fe Hybrid FWD,2024,Small Sport Utility Vehicle 2WD,Front-Wheel Drive,Regular,Automatic (AM-S6),4.0,1.6,36,35,36,249.0,8.264,1700,7,2500
Buick,Envision AWD,2024,Small Sport Utility Vehicle 4WD,All-Wheel Drive,Regular,Automatic (S9),4.0,2.0,22,28,24,371.0,12.396,2550,5,-1750
Hyundai,Santa Fe Hybrid AWD,2024,Small Sport Utility Vehicle 4WD,All-Wheel Drive,Regular,Automatic (AM-S6),4.0,1.6,35,34,34,258.0,8.75,1800,7,2000
Chevrolet,Traverse FWD,2024,Standard Sport Utility Vehicle 2WD,Front-Wheel Drive,Regular,Automatic 8-spd,4.0,2.5,20,27,23,387.0,12.935,2650,5,-2250
GMC,Acadia FWD,2024,Standard Sport Utility Vehicle 2WD,Front-Wheel Drive,Regular,Automatic 8-spd,4.0,2.5,20,27,23,387.0,12.935,2650,5,-2250
Chevrolet,Traverse AWD,2024,Standard Sport Utility Vehicle 4WD,All-Wheel Drive,Regular,Automatic 8-spd,4.0,2.5,19,24,21,423.0,14.167,2950,4,-3750
GMC,Acadia AWD,2024,Standard Sport Utility Vehicle 4WD,All-Wheel Drive,Regular,Automatic 8-spd,4.0,2.5,19,24,21,423.0,14.167,2950,4,-3750
Chevrolet,Corvette,2025,Two Seaters,Rear-Wheel Drive,Premium,Automatic (S8),8.0,6.2,16,25,19,471.0,15.658,4000,4,-9000
Chevrolet,Corvette E-Ray,2025,Two Seaters,All-Wheel Drive,Premium,Automatic (S8),8.0,6.2,16,24,19,477.0,15.658,4000,4,-9000
Chevrolet,Corvette Z06,2025,Two Seaters,Rear-Wheel Drive,Premium,Automatic (S8),8.0,5.5,12,20,14,614.0,21.251,5450,2,-16250
Chevrolet,Corvette Z06 Carbon Aero,2025,Two Seaters,Rear-Wheel Drive,Premium,Automatic (S8),8.0,5.5,12,19,14,631.0,21.251,5450,2,-16250
Mercedes-Benz,AMG SL43,2025,Minicompact Cars,Rear-Wheel Drive,Premium,Automatic 9-spd,4.0,2.0,19,27,22,400.0,13.523,3450,5,-6250
Mercedes-Benz,AMG SL63 4matic Plus,2025,Minicompact Cars,All-Wheel Drive,Premium,Automatic 9-spd,8.0,4.0,13,21,16,558.0,18.594,4750,3,-12750
Mercedes-Benz,AMG SL55 4matic Plus,2025,Minicompact Cars,All-Wheel Drive,Premium,Automatic 9-spd,8.0,4.0,13,21,16,558.0,18.594,4750,3,-12750
Subaru,BRZ,2025,Minicompact Cars,Rear-Wheel Drive,Premium,Manual 6-spd,4.0,2.4,20,27,22,398.0,13.523,3450,5,-6250
Subaru,BRZ,2025,Minicompact Cars,Rear-Wheel Drive,Premium,Automatic (S6),4.0,2.4,21,30,25,362.0,11.9,3050,5,-4250
Mercedes-Benz,AMG CLE53 4matic Plus (convertible),2025,Subcompact Cars,All-Wheel Drive,Premium,Automatic 9-spd,6.0,3.0,19,26,22,408.0,13.523,3450,5,-6250
Mercedes-Benz,AMG CLE53 4matic Plus (coupe),2025,Subcompact Cars,All-Wheel Drive,Premium,Automatic 9-spd,6.0,3.0,20,27,23,391.0,12.935,3300,5,-5500
Mercedes-Benz,AMG GT 43 (coupe),2025,Subcompact Cars,Rear-Wheel Drive,Premium,Automatic 9-spd,4.0,2.0,19,27,22,405.0,13.523,3450,5,-6250
Toyota,Corolla Hybrid,2025,Compact Cars,Front-Wheel Drive,Regular,Automatic (variable gear ratios),4.0,1.8,50,43,47,186.0,6.33,1300,8,4500
Toyota,Corolla Hybrid AWD,2025,Compact Cars,All-Wheel Drive,Regular,Automatic (variable gear ratios),4.0,1.8,47,41,44,199.0,6.762,1400,7,4000
Toyota,Corolla,2025,Compact Cars,Front-Wheel Drive,Regular,Automatic (variable gear ratios),4.0,2.0,32,41,35,254.0,8.5,1750,7,2250
Toyota,Corolla,2025,Compact Cars,Front-Wheel Drive,Regular,Automatic (variable gear ratios),4.0,2.0,31,40,34,257.0,8.75,1800,7,2000
Toyota,Corolla,2025,Compact Cars,Front-Wheel Drive,Regular,Automatic (AV-S10),4.0,2.0,31,38,34,265.0,8.75,1800,7,2000
Toyota,Corolla FX,2025,Compact Cars,Front-Wheel Drive,Regular,Automatic (variable gear ratios),4.0,2.0,31,39,34,261.0,8.75,1800,7,2000
Honda,Accord Hybrid Sport/Touring,2025,Midsize Cars,Front-Wheel Drive,Regular,Automatic (variable gear ratios),4.0,2.0,46,41,44,201.0,6.762,1400,7,4000
Mercedes-Benz,E350,2025,Midsize Cars,Rear-Wheel Drive,Premium,Automatic 9-spd,4.0,2.0,25,33,28,316.0,10.625,2700,6,-2500
Mercedes-Benz,E350 4matic,2025,Midsize Cars,All-Wheel Drive,Premium,Automatic 9-spd,4.0,2.0,24,33,27,327.0,11.019,2800,5,-3000
Nissan,Sentra,2025,Midsize Cars,Front-Wheel Drive,Regular,Automatic (variable gear ratios),4.0,2.0,30,40,34,262.0,8.75,1800,7,2000
Nissan,Sentra SR,2025,Midsize Cars,Front-Wheel Drive,Regular,Automatic (variable gear ratios),4.0,2.0,30,38,33,270.0,9.015,1850,6,1750
Honda,Civic 5Dr,2025,Large Cars,Front-Wheel Drive,Regular,Automatic (AV-S7),4.0,2.0,30,38,34,260.0,8.75,1800,7,2000
Honda,Civic 5Dr,2025,Large Cars,Front-Wheel Drive,Regular,Automatic (variable gear ratios),4.0,2.0,50,45,48,186.0,6.198,1300,8,4500
Honda,Accord,2025,Large Cars,Front-Wheel Drive,Regular,Automatic (variable gear ratios),4.0,1.5,29,37,32,277.0,9.297,1900,6,1500
Honda,Accord Hybrid,2025,Large Cars,Front-Wheel Drive,Regular,Automatic (variable gear ratios),4.0,2.0,51,44,48,184.0,6.198,1300,8,4500
Mercedes-Benz,Maybach S680 4matic,2025,Large Cars,All-Wheel Drive,Premium,Automatic 9-spd,12.0,6.0,12,20,15,603.0,19.834,5050,2,-14250
Subaru,Impreza,2025,Small Station Wagons,All-Wheel Drive,Regular,Automatic (AV-S8),4.0,2.0,27,34,30,297.0,9.917,2050,6,750
Subaru,Impreza,2025,Small Station Wagons,All-Wheel Drive,Regular,Automatic (AV-S8),4.0,2.5,26,33,29,306.0,10.259,2100,6,500
Nissan,Frontier 2WD,2025,Standard Pickup Trucks 2WD,Rear-Wheel Drive,Regular,Automatic (S9),6.0,3.8,19,24,21,432.0,14.167,2950,4,-3750
Toyota,Tundra 2WD,2025,Standard Pickup Trucks 2WD,Rear-Wheel Drive,Regular,Automatic (S10),6.0,3.4,18,23,20,450.0,14.876,3100,4,-4500
Toyota,Tundra 2WD,2025,Standard Pickup Trucks 2WD,Rear-Wheel Drive,Regular,Automatic (S10),6.0,3.4,18,23,20,442.0,14.876,3100,4,-4500
Toyota,Tundra 2WD,2025,Standard Pickup Trucks 2WD,Rear-Wheel Drive,Regular,Automatic (S10),6.0,3.4,20,24,22,409.0,13.523,2800,5,-3000
Jeep,Gladiator 4WD,2025,Standard Pickup Trucks 4WD,4-Wheel Drive,Regular,Automatic 8-spd,6.0,3.6,17,22,19,466.0,15.658,3250,4,-5250
Nissan,Frontier 4WD,2025,Standard Pickup Trucks 4WD,Part-time 4-Wheel Drive,Regular,Automatic (S9),6.0,3.8,17,21,19,470.0,15.658,3250,4,-5250
Nissan,Frontier 4WD PRO4X,2025,Standard Pickup Trucks 4WD,Part-time 4-Wheel Drive,Regular,Automatic (S9),6.0,3.8,16,20,18,495.0,16.528,3400,4,-6000
Toyota,Tundra 4WD,2025,Standard Pickup Trucks 4WD,Part-time 4-Wheel Drive,Regular,Automatic (S10),6.0,3.4,17,22,19,460.0,15.658,3250,4,-5250
Toyota,Tundra 4WD,2025,Standard Pickup Trucks 4WD,Part-time 4-Wheel Drive,Regular,Automatic (S10),6.0,3.4,17,22,19,468.0,15.658,3250,4,-5250
Toyota,Tundra 4WD,2025,Standard Pickup Trucks 4WD,Part-time 4-Wheel Drive,Regular,Automatic (S10),6.0,3.4,19,22,20,439.0,14.876,3100,4,-4500
Toyota,Tundra 4WD PRO,2025,Standard Pickup Trucks 4WD,Part-time 4-Wheel Drive,Regular,Automatic (S10),6.0,3.4,18,20,19,461.0,15.658,3250,4,-5250
Infiniti,QX50,2025,Small Sport Utility Vehicle 2WD,Front-Wheel Drive,Premium,Automatic (AV-S8),4.0,2.0,23,29,26,343.0,11.443,2900,5,-3500
Kia,Telluride FWD,2025,Small Sport Utility Vehicle 2WD,Front-Wheel Drive,Regular,Automatic (S8),6.0,3.8,20,26,22,398.0,13.523,2800,5,-3000
Nissan,Rogue FWD,2025,Small Sport Utility Vehicle 2WD,Front-Wheel Drive,Regular,Automatic (AV-S8),3.0,1.5,30,37,33,269.0,9.015,1850,6,1750
Nissan,Rogue FWD SL/Platinum,2025,Small Sport Utility Vehicle 2WD,Front-Wheel Drive,Regular,Automatic (AV-S8),3.0,1.5,29,36,32,278.0,9.297,1900,6,1500
Volkswagen,Atlas,2025,Small Sport Utility Vehicle 2WD,Front-Wheel Drive,Regular,Automatic (S8),4.0,2.0,20,26,22,402.0,13.523,2800,5,-3000
Volkswagen,Atlas Cross Sport,2025,Small Sport Utility Vehicle 2WD,Front-Wheel Drive,Regular,Automatic (S8),4.0,2.0,20,26,23,392.0,12.935,2650,5,-2250
Acura,RDX AWD,2025,Small Sport Utility Vehicle 4WD,All-Wheel Drive,Premium,Automatic (S10),4.0,2.0,21,27,23,385.0,12.935,3300,5,-5500
Acura,RDX AWD A-SPEC,2025,Small Sport Utility Vehicle 4WD,All-Wheel Drive,Premium,Automatic (S10),4.0,2.0,21,26,23,386.0,12.935,3300,5,-5500
Audi,Q3 S-Line quattro,2025,Small Sport Utility Vehicle 4WD,All-Wheel Drive,Premium,Automatic (S8),4.0,2.0,20,28,23,386.0,12.935,3300,5,-5500
Infiniti,QX50 AWD,2025,Small Sport Utility Vehicle 4WD,All-Wheel Drive,Premium,Automatic (AV-S8),4.0,2.0,22,28,25,357.0,11.9,3050,5,-4250
Jeep,Wrangler 2dr 4WD,2025,Small Sport Utility Vehicle 4WD,4-Wheel Drive,Regular,Automatic 8-spd,4.0,2.0,20,23,21,416.0,14.167,2950,4,-3750
Jeep,Wrangler 2dr 4WD,2025,Small Sport Utility Vehicle 4WD,4-Wheel Drive,Regular,Manual 6-spd,6.0,3.6,17,23,19,462.0,15.658,3250,4,-5250
Jeep,Wrangler 4dr 4WD,2025,Small Sport Utility Vehicle 4WD,4-Wheel Drive,Regular,Automatic 8-spd,4.0,2.0,20,22,21,426.0,14.167,2950,4,-3750
Jeep,Wrangler 4dr 4WD,2025,Small Sport Utility Vehicle 4WD,4-Wheel Drive,Regular,Manual 6-spd,6.0,3.6,16,22,19,476.0,15.658,3250,4,-5250
Kia,Telluride AWD,2025,Small Sport Utility Vehicle 4WD,All-Wheel Drive,Regular,Automatic (S8),6.0,3.8,18,23,20,442.0,14.876,3100,4,-4500
Lincoln,Nautilus HEV AWD,2025,Small Sport Utility Vehicle 4WD,Part-time 4-Wheel Drive,Regular,Automatic (variable gear ratios),4.0,2.0,30,31,30,290.0,9.917,2050,6,750
Lincoln,Nautilus AWD,2025,Small Sport Utility Vehicle 4WD,All-Wheel Drive,Regular,Automatic 8-spd,4.0,2.0,21,29,24,366.0,12.396,2550,5,-1750
Mazda,CX-5 4WD,2025,Small Sport Utility Vehicle 4WD,4-Wheel Drive,Regular,Automatic (S6),4.0,2.5,23,29,25,348.0,11.9,2450,5,-1250
Mazda,CX-5 4WD,2025,Small Sport Utility Vehicle 4WD,4-Wheel Drive,Regular,Automatic (S6),4.0,2.5,26,30,28,321.0,10.625,2200,6,0
Mazda,CX-5 4WD,2025,Small Sport Utility Vehicle 4WD,4-Wheel Drive,Regular,Automatic (S6),4.0,2.5,22,27,24,370.0,12.396,2550,5,-1750
Nissan,Rogue AWD,2025,Small Sport Utility Vehicle 4WD,All-Wheel Drive,Regular,Automatic (AV-S8),3.0,1.5,28,35,31,287.0,9.597,2000,6,1000
Nissan,Rogue AWD SL/Platinum,2025,Small Sport Utility Vehicle 4WD,All-Wheel Drive,Regular,Automatic (AV-S8),3.0,1.5,28,34,31,287.0,9.597,2000,6,1000
Nissan,Rogue AWD Rock Creek,2025,Small Sport Utility Vehicle 4WD,All-Wheel Drive,Regular,Automatic (AV-S8),3.0,1.5,27,32,29,307.0,10.259,2100,6,500
Subaru,Crosstrek AWD,2025,Small Sport Utility Vehicle 4WD,All-Wheel Drive,Regular,Automatic (AV-S8),4.0,2.0,27,34,29,300.0,10.259,2100,6,500
Subaru,Crosstrek AWD,2025,Small Sport Utility Vehicle 4WD,All-Wheel Drive,Regular,Automatic (AV-S8),4.0,2.5,27,33,29,305.0,10.259,2100,6,500
Subaru,Crosstrek Wilderness AWD,2025,Small Sport Utility Vehicle 4WD,All-Wheel Drive,Regular,Automatic (AV-S8),4.0,2.5,25,29,27,332.0,11.019,2300,5,-500
Volkswagen,Atlas SEL 4motion,2025,Small Sport Utility Vehicle 4WD,All-Wheel Drive,Regular,Automatic (S8),4.0,2.0,18,25,21,428.0,14.167,2950,4,-3750
Volkswagen,Atlas SE 4motion,2025,Small Sport Utility Vehicle 4WD,All-Wheel Drive,Regular,Automatic (S8),4.0,2.0,19,26,21,420.0,14.167,2950,4,-3750
Volkswagen,Atlas Cross Sport 4motion,2025,Small Sport Utility Vehicle 4WD,All-Wheel Drive,Regular,Automatic (S8),4.0,2.0,19,26,21,420.0,14.167,2950,4,-3750
Jeep,Wagoneer 2WD,2025,Standard Sport Utility Vehicle 2WD,Rear-Wheel Drive,Regular,Automatic 8-spd,6.0,3.0,17,24,20,453.0,14.876,3100,4,-4500
Jeep,Wagoneer L 2WD,2025,Standard Sport Utility Vehicle 2WD,Rear-Wheel Drive,Regular,Automatic 8-spd,6.0,3.0,17,24,20,453.0,14.876,3100,4,-4500
Jeep,Grand Cherokee L 2WD,2025,Standard Sport Utility Vehicle 2WD,Rear-Wheel Drive,Regular,Automatic 8-spd,6.0,3.6,19,26,21,416.0,14.167,2950,4,-3750
Jeep,Grand Cherokee 2WD,2025,Standard Sport Utility Vehicle 2WD,Rear-Wheel Drive,Regular,Automatic 8-spd,6.0,3.6,19,26,22,407.0,13.523,2800,5,-3000
Toyota,Sequoia 2WD,2025,Standard Sport Utility Vehicle 2WD,Rear-Wheel Drive,Regular,Automatic (S10),6.0,3.4,21,24,22,403.0,13.523,2800,5,-3000
Bentley,Bentayga,2025,Standard Sport Utility Vehicle 4WD,All-Wheel Drive,Premium,Automatic (S8),8.0,4.0,14,21,16,553.0,18.594,4750,3,-12750
Bentley,Bentayga EWB,2025,Standard Sport Utility Vehicle 4WD,All-Wheel Drive,Premium,Automatic (S8),8.0,4.0,14,21,16,553.0,18.594,4750,3,-12750
Cadillac,Escalade V AWD,2025,Standard Sport Utility Vehicle 4WD,4-Wheel Drive,Premium,Automatic (S10),8.0,6.2,11,17,13,683.0,22.885,5850,1,-18250
INEOS Automotive,Grenadier,2025,Standard Sport Utility Vehicle 4WD,4-Wheel Drive,Premium,Automatic (S8),6.0,3.0,15,15,15,592.0,19.834,5050,2,-14250
INEOS Automotive,Grenadier Trialmaster Edition,2025,Standard Sport Utility Vehicle 4WD,4-Wheel Drive,Premium,Automatic (S8),6.0,3.0,14,14,14,633.0,21.251,5450,2,-16250
Jeep,Grand Wagoneer 4WD,2025,Standard Sport Utility Vehicle 4WD,All-Wheel Drive,Premium,Automatic 8-spd,6.0,3.0,14,20,17,537.0,17.501,4450,3,-11250
Jeep,Grand Wagoneer L 4WD,2025,Standard Sport Utility Vehicle 4WD,All-Wheel Drive,Premium,Automatic 8-spd,6.0,3.0,14,20,17,537.0,17.501,4450,3,-11250
Jeep,Wagoneer 4WD,2025,Standard Sport Utility Vehicle 4WD,All-Wheel Drive,Regular,Automatic 8-spd,6.0,3.0,16,23,19,472.0,15.658,3250,4,-5250
Jeep,Wagoneer L 4WD,2025,Standard Sport Utility Vehicle 4WD,All-Wheel Drive,Regular,Automatic 8-spd,6.0,3.0,16,23,19,476.0,15.658,3250,4,-5250
Jeep,Grand Cherokee L 4WD,2025,Standard Sport Utility Vehicle 4WD,4-Wheel Drive,Regular,Automatic 8-spd,6.0,3.6,18,25,21,430.0,14.167,2950,4,-3750
Jeep,Grand Cherokee 4WD,2025,Standard Sport Utility Vehicle 4WD,4-Wheel Drive,Regular,Automatic 8-spd,6.0,3.6,19,26,22,413.0,13.523,2800,5,-3000
Land Rover,Defender 90,2025,Standard Sport Utility Vehicle 4WD,4-Wheel Drive,Premium,Automatic (S8),8.0,5.0,15,19,16,550.0,18.594,4750,3,-12750
Land Rover,Defender 110,2025,Standard Sport Utility Vehicle 4WD,4-Wheel Drive,Premium,Automatic (S8),8.0,5.0,14,18,16,574.0,18.594,4750,2,-12750
Land Rover,Defender 130,2025,Standard Sport Utility Vehicle 4WD,4-Wheel Drive,Premium,Automatic (S8),8.0,5.0,14,19,16,567.0,18.594,4750,3,-12750
Mazda,CX-90 4WD,2025,Standard Sport Utility Vehicle 4WD,4-Wheel Drive,Regular,Automatic (S8),6.0,3.3,24,28,25,354.0,11.9,2450,5,-1250
Mazda,CX-90 4WD,2025,Standard Sport Utility Vehicle 4WD,4-Wheel Drive,Premium,Automatic (S8),6.0,3.3,23,28,25,358.0,11.9,3050,5,-4250
Mercedes-Benz,AMG G63,2025,Standard Sport Utility Vehicle 4WD,4-Wheel Drive,Premium,Automatic 9-spd,8.0,4.0,14,16,15,608.0,19.834,5050,2,-14250
Porsche,Cayenne,2025,Standard Sport Utility Vehicle 4WD,All-Wheel Drive,Premium,Automatic (S8),6.0,3.0,17,23,19,469.0,15.658,4000,4,-9000
Porsche,Cayenne Coupe,2025,Standard Sport Utility Vehicle 4WD,All-Wheel Drive,Premium,Automatic (S8),6.0,3.0,17,23,19,469.0,15.658,4000,4,-9000
Subaru,Ascent,2025,Standard Sport Utility Vehicle 4WD,All-Wheel Drive,Regular,Automatic (AV-S8),4.0,2.4,20,26,22,398.0,13.523,2800,5,-3000
Subaru,Ascent Limited/Touring/Onyx AWD,2025,Standard Sport Utility Vehicle 4WD,All-Wheel Drive,Regular,Automatic (AV-S8),4.0,2.4,19,25,21,419.0,14.167,2950,4,-3750
Toyota,Sequoia 4WD,2025,Standard Sport Utility Vehicle 4WD,Part-time 4-Wheel Drive,Regular,Automatic (S10),6.0,3.4,19,22,20,439.0,14.876,3100,4,-4500
Chevrolet,Colorado 2WD,2024,Small Pickup Trucks 2WD,Rear-Wheel Drive,Regular,Automatic 8-spd,4.0,2.7,19,24,21,420.0,14.167,2950,4,-3750
Chevrolet,Colorado 4WD,2024,Small Pickup Trucks 4WD,4-Wheel Drive,Regular,Automatic 8-spd,4.0,2.7,18,23,20,446.0,14.876,3100,4,-4500
Bugatti,Mistral,2025,Two Seaters,All-Wheel Drive,Premium,Automatic (AM-S7),16.0,8.0,8,12,9,943.0,33.057,8450,1,-31250
Ferrari,F167 ABA,2025,Two Seaters,Rear-Wheel Drive,Premium,Automatic (AM8),12.0,6.5,12,19,14,619.0,21.251,5450,2,-16250
Ferrari,Daytona SP3,2025,Two Seaters,Rear-Wheel Drive,Premium,Automatic (AM7),12.0,6.5,12,16,13,660.0,22.885,5850,1,-18250
Lamborghini,Revuelto,2025,Two Seaters,4-Wheel Drive,Premium,Automatic (AM-S8),12.0,6.5,10,17,12,753.0,24.792,6350,1,-20750
Mercedes-Benz,AMG GT 55 4matic Plus (coupe),2025,Two Seaters,All-Wheel Drive,Premium,Automatic 9-spd,8.0,4.0,12,19,14,623.0,21.251,5450,2,-16250
Mercedes-Benz,AMG GT 63 4matic Plus (coupe),2025,Two Seaters,All-Wheel Drive,Premium,Automatic 9-spd,8.0,4.0,12,19,14,623.0,21.251,5450,2,-16250
Porsche,718 Boxster GTS,2025,Two Seaters,Rear-Wheel Drive,Premium,Manual 6-spd,6.0,4.0,17,24,19,458.0,15.658,4000,4,-9000
Porsche,718 Boxster GTS,2025,Two Seaters,Rear-Wheel Drive,Premium,Automatic (AM-S7),6.0,4.0,19,24,21,418.0,14.167,3600,4,-7000
Porsche,718 Cayman GTS,2025,Two Seaters,Rear-Wheel Drive,Premium,Manual 6-spd,6.0,4.0,17,24,19,458.0,15.658,4000,4,-9000
Porsche,718 Cayman GTS,2025,Two Seaters,Rear-Wheel Drive,Premium,Automatic (AM-S7),6.0,4.0,19,24,21,418.0,14.167,3600,4,-7000
Ferrari,Roma Spider,2025,Minicompact Cars,Rear-Wheel Drive,Premium,Automatic (AM8),8.0,3.9,17,22,19,467.0,15.658,4000,4,-9000
Porsche,911 Carrera,2025,Minicompact Cars,Rear-Wheel Drive,Premium,Automatic (AM-S8),6.0,3.0,18,25,21,424.0,14.167,3600,4,-7000
Porsche,911 Carrera Cabriolet,2025,Minicompact Cars,Rear-Wheel Drive,Premium,Automatic (AM-S8),6.0,3.0,18,25,21,429.0,14.167,3600,4,-7000
Porsche,911 Turbo,2025,Minicompact Cars,All-Wheel Drive,Premium,Automatic (AM-S8),6.0,3.7,14,21,17,534.0,17.501,4450,3,-11250
Porsche,911 Turbo Cabriolet,2025,Minicompact Cars,All-Wheel Drive,Premium,Automatic (AM-S8),6.0,3.7,14,20,16,546.0,18.594,4750,3,-12750
Porsche,911 Turbo S,2025,Minicompact Cars,All-Wheel Drive,Premium,Automatic (AM-S8),6.0,3.7,14,20,16,556.0,18.594,4750,3,-12750
Porsche,911 Turbo S Cabriolet,2025,Minicompact Cars,All-Wheel Drive,Premium,Automatic (AM-S8),6.0,3.7,14,20,16,549.0,18.594,4750,3,-12750
Toyota,GR Corolla,2025,Subcompact Cars,All-Wheel Drive,Premium,Automatic (S8),3.0,1.6,19,27,22,395.0,13.523,3450,5,-6250
Toyota,GR Corolla,2025,Subcompact Cars,All-Wheel Drive,Premium,Manual 6-spd,3.0,1.6,21,28,24,368.0,12.396,3150,5,-4750
Nissan,Versa,2025,Compact Cars,Front-Wheel Drive,Regular,Automatic (variable gear ratios),4.0,1.6,32,40,35,253.0,8.5,1750,7,2250
Nissan,Versa,2025,Compact Cars,Front-Wheel Drive,Regular,Manual 5-spd,4.0,1.6,27,35,30,296.0,9.917,2050,6,750
Mercedes-Benz,S580 4matic Maybach,2025,Large Cars,All-Wheel Drive,Premium,Automatic 9-spd,8.0,4.0,16,27,20,451.0,14.876,3800,4,-8000
Mercedes-Benz,S580 4matic,2025,Large Cars,All-Wheel Drive,Premium,Automatic 9-spd,8.0,4.0,17,25,20,448.0,14.876,3800,4,-8000
Ford,Escape FWD HEV,2025,Small Sport Utility Vehicle 2WD,Front-Wheel Drive,Regular,Automatic (variable gear ratios),4.0,2.5,42,36,39,225.0,7.628,1600,7,3000
Ford,Escape FWD,2025,Small Sport Utility Vehicle 2WD,Front-Wheel Drive,Regular,Automatic 8-spd,3.0,1.5,27,34,30,298.0,9.917,2050,6,750
GMC,Terrain FWD,2025,Small Sport Utility Vehicle 2WD,Front-Wheel Drive,Regular,Automatic (variable gear ratios),4.0,1.5,26,28,27,332.0,11.019,2300,5,-500
Hyundai,Venue,2025,Small Sport Utility Vehicle 2WD,Front-Wheel Drive,Regular,Automatic (AV-S1),4.0,1.6,29,32,31,291.0,9.597,2000,6,1000
Lincoln,Corsair FWD,2025,Small Sport Utility Vehicle 2WD,Front-Wheel Drive,Regular,Automatic (S8),4.0,2.0,22,30,25,357.0,11.9,2450,5,-1250
Nissan,Pathfinder 2WD,2025,Small Sport Utility Vehicle 2WD,Front-Wheel Drive,Regular,Automatic (S9),6.0,3.5,20,27,23,390.0,12.935,2650,5,-2250
Ford,Escape AWD,2025,Small Sport Utility Vehicle 4WD,All-Wheel Drive,Regular,Automatic 8-spd,4.0,2.0,23,31,26,336.0,11.443,2350,5,-750
Ford,Escape AWD,2025,Small Sport Utility Vehicle 4WD,All-Wheel Drive,Regular,Automatic 8-spd,3.0,1.5,26,32,28,316.0,10.625,2200,6,0
Ford,Escape AWD HEV,2025,Small Sport Utility Vehicle 4WD,Part-time 4-Wheel Drive,Regular,Automatic (variable gear ratios),4.0,2.5,42,36,39,225.0,7.628,1600,7,3000
GMC,Terrain AWD,2025,Small Sport Utility Vehicle 4WD,All-Wheel Drive,Regular,Automatic 8-spd,4.0,1.5,24,28,25,356.0,11.9,2450,5,-1250
Lincoln,Corsair AWD,2025,Small Sport Utility Vehicle 4WD,All-Wheel Drive,Regular,Automatic (S8),4.0,2.0,21,28,24,374.0,12.396,2550,5,-1750
Mazda,CX-30 4WD,2025,Small Sport Utility Vehicle 4WD,4-Wheel Drive,Regular,Automatic (S6),4.0,2.5,26,33,29,309.0,10.259,2100,6,500
Mazda,CX-30 4WD,2025,Small Sport Utility Vehicle 4WD,4-Wheel Drive,Regular,Automatic (S6),4.0,2.5,22,30,25,353.0,11.9,2450,5,-1250
Mercedes-Benz,GLE350,2025,Small Sport Utility Vehicle 4WD,Rear-Wheel Drive,Premium,Automatic 9-spd,4.0,2.0,21,28,23,382.0,12.935,3300,5,-5500
Nissan,Pathfinder 4WD,2025,Small Sport Utility Vehicle 4WD,4-Wheel Drive,Regular,Automatic (S9),6.0,3.5,21,27,23,379.0,12.935,2650,5,-2250
Nissan,Pathfinder 4WD Rock Creek,2025,Small Sport Utility Vehicle 4WD,4-Wheel Drive,Premium,Automatic (S9),6.0,3.5,20,23,21,418.0,14.167,3600,4,-7000
Porsche,Macan,2025,Small Sport Utility Vehicle 4WD,All-Wheel Drive,Premium,Automatic (AM-S7),4.0,2.0,19,25,21,424.0,14.167,3600,4,-7000
Porsche,Macan S,2025,Small Sport Utility Vehicle 4WD,All-Wheel Drive,Premium,Automatic (AM-S7),6.0,2.9,17,23,19,466.0,15.658,4000,4,-9000
Porsche,Macan T,2025,Small Sport Utility Vehicle 4WD,All-Wheel Drive,Premium,Automatic (AM-S7),4.0,2.0,19,25,21,417.0,14.167,3600,4,-7000
Cadillac,Escalade 2WD,2025,Standard Sport Utility Vehicle 2WD,Rear-Wheel Drive,Premium,Automatic 10-spd,8.0,6.2,15,19,17,537.0,17.501,4450,3,-11250
Chevrolet,Tahoe 2WD,2025,Standard Sport Utility Vehicle 2WD,Rear-Wheel Drive,Premium,Automatic 10-spd,8.0,6.2,15,20,17,523.0,17.501,4450,3,-11250
Chevrolet,Suburban 2WD,2025,Standard Sport Utility Vehicle 2WD,Rear-Wheel Drive,Premium,Automatic 10-spd,8.0,6.2,15,19,16,544.0,18.594,4750,3,-12750
Chevrolet,Tahoe 2WD,2025,Standard Sport Utility Vehicle 2WD,Rear-Wheel Drive,Regular,Automatic 10-spd,8.0,5.3,15,20,17,530.0,17.501,3600,3,-7000
Chevrolet,Suburban 2WD,2025,Standard Sport Utility Vehicle 2WD,Rear-Wheel Drive,Regular,Automatic 10-spd,8.0,5.3,15,20,17,530.0,17.501,3600,3,-7000
GMC,Yukon 2WD,2025,Standard Sport Utility Vehicle 2WD,Rear-Wheel Drive,Premium,Automatic 10-spd,8.0,6.2,15,20,17,523.0,17.501,4450,3,-11250
GMC,Yukon XL 2WD,2025,Standard Sport Utility Vehicle 2WD,Rear-Wheel Drive,Premium,Automatic 10-spd,8.0,6.2,15,19,16,544.0,18.594,4750,3,-12750
GMC,Yukon 2WD,2025,Standard Sport Utility Vehicle 2WD,Rear-Wheel Drive,Regular,Automatic 10-spd,8.0,5.3,15,20,17,530.0,17.501,3600,3,-7000
GMC,Yukon XL 2WD,2025,Standard Sport Utility Vehicle 2WD,Rear-Wheel Drive,Regular,Automatic 10-spd,8.0,5.3,15,20,17,530.0,17.501,3600,3,-7000
Cadillac,Escalade 4WD,2025,Standard Sport Utility Vehicle 4WD,4-Wheel Drive,Premium,Automatic 10-spd,8.0,6.2,14,18,16,572.0,18.594,4750,3,-12750
Chevrolet,Tahoe 4WD,2025,Standard Sport Utility Vehicle 4WD,4-Wheel Drive,Premium,Automatic 10-spd,8.0,6.2,14,18,16,572.0,18.594,4750,3,-12750
Chevrolet,Suburban 4WD,2025,Standard Sport Utility Vehicle 4WD,4-Wheel Drive,Premium,Automatic 10-spd,8.0,6.2,14,18,16,572.0,18.594,4750,3,-12750
Chevrolet,Tahoe 4WD,2025,Standard Sport Utility Vehicle 4WD,4-Wheel Drive,Regular,Automatic 10-spd,8.0,5.3,15,19,17,535.0,17.501,3600,3,-7000
Chevrolet,Suburban 4WD,2025,Standard Sport Utility Vehicle 4WD,4-Wheel Drive,Regular,Automatic 10-spd,8.0,5.3,14,19,16,571.0,18.594,3850,3,-8250
Ferrari,Purosangue,2025,Standard Sport Utility Vehicle 4WD,All-Wheel Drive,Premium,Automatic (AM8),12.0,6.5,11,15,12,711.0,24.792,6350,1,-20750
GMC,Yukon 4WD,2025,Standard Sport Utility Vehicle 4WD,4-Wheel Drive,Premium,Automatic 10-spd,8.0,6.2,14,18,16,572.0,18.594,4750,3,-12750
GMC,Yukon XL 4WD,2025,Standard Sport Utility Vehicle 4WD,4-Wheel Drive,Premium,Automatic 10-spd,8.0,6.2,14,18,16,572.0,18.594,4750,3,-12750
GMC,Yukon 4WD,2025,Standard Sport Utility Vehicle 4WD,4-Wheel Drive,Regular,Automatic 10-spd,8.0,5.3,15,19,17,535.0,17.501,3600,3,-7000
GMC,Yukon XL 4WD,2025,Standard Sport Utility Vehicle 4WD,4-Wheel Drive,Regular,Automatic 10-spd,8.0,5.3,14,19,16,571.0,18.594,3850,3,-8250
Land Rover,Range Rover P400 MHEV,2025,Standard Sport Utility Vehicle 4WD,4-Wheel Drive,Premium,Automatic (S8),6.0,3.0,19,24,21,428.0,14.167,3600,4,-7000
Land Rover,Range Rover P400 LWB MHEV,2025,Standard Sport Utility Vehicle 4WD,4-Wheel Drive,Premium,Automatic (S8),6.0,3.0,19,24,21,428.0,14.167,3600,4,-7000
Land Rover,Range Rover Sport P360 MHEV,2025,Standard Sport Utility Vehicle 4WD,4-Wheel Drive,Premium,Automatic (S8),6.0,3.0,20,25,22,399.0,13.523,3450,5,-6250
Land Rover,Range Rover Sport P400 MHEV,2025,Standard Sport Utility Vehicle 4WD,4-Wheel Drive,Premium,Automatic (S8),6.0,3.0,20,25,22,399.0,13.523,3450,5,-6250
Land Rover,Defender 110 MHEV,2025,Standard Sport Utility Vehicle 4WD,4-Wheel Drive,Premium,Automatic (S8),6.0,3.0,18,20,19,479.0,15.658,4000,4,-9000
Land Rover,Defender 90 MHEV,2025,Standard Sport Utility Vehicle 4WD,4-Wheel Drive,Premium,Automatic (S8),6.0,3.0,18,21,19,468.0,15.658,4000,4,-9000
Land Rover,Defender 130 P300 MHEV,2025,Standard Sport Utility Vehicle 4WD,4-Wheel Drive,Premium,Automatic (S8),6.0,3.0,17,20,18,491.0,16.528,4200,4,-10000
Land Rover,Defender 130 P400 MHEV,2025,Standard Sport Utility Vehicle 4WD,4-Wheel Drive,Premium,Automatic (S8),6.0,3.0,18,20,19,474.0,15.658,4000,4,-9000
Land Rover,Defender 130 Outbound,2025,Standard Sport Utility Vehicle 4WD,4-Wheel Drive,Premium,Automatic (S8),6.0,3.0,16,19,18,509.0,16.528,4200,3,-10000
Nissan,Pathfinder 4WD Platinum,2025,Standard Sport Utility Vehicle 4WD,4-Wheel Drive,Regular,Automatic (S9),6.0,3.5,20,25,22,400.0,13.523,2800,5,-3000
Porsche,Cayenne Turbo GT,2025,Standard Sport Utility Vehicle 4WD,All-Wheel Drive,Premium,Automatic (S8),8.0,4.0,15,20,17,521.0,17.501,4450,3,-11250
Porsche,Cayenne GTS,2025,Standard Sport Utility Vehicle 4WD,All-Wheel Drive,Premium,Automatic (S8),8.0,4.0,15,22,18,498.0,16.528,4200,4,-10000
Porsche,Cayenne GTS Coupe,2025,Standard Sport Utility Vehicle 4WD,All-Wheel Drive,Premium,Automatic (S8),8.0,4.0,16,22,18,489.0,16.528,4200,4,-10000
Alfa Romeo,Tonale eAWD,2025,Small Sport Utility Vehicle 4WD,All-Wheel Drive,Regular Gas and Electricity,Automatic 6-spd,4.0,1.3,29,29,29,120.0,4.039,2100,9,4000
Audi,Q5 Plug-In Hybrid quattro,2025,Small Sport Utility Vehicle 4WD,All-Wheel Drive,Premium and Electricity,Automatic (AM-S7),4.0,2.0,25,27,26,149.0,4.987,2900,9,1000
Bentley,Bentayga Hybrid,2025,Standard Sport Utility Vehicle 4WD,All-Wheel Drive,Premium and Electricity,Automatic (S8),6.0,3.0,19,23,21,203.0,6.779,3600,7,-1500
BMW,XM,2025,Standard Sport Utility Vehicle 4WD,All-Wheel Drive,Premium and Electricity,Automatic (S8),8.0,4.4,12,17,14,244.0,8.721,5450,7,-5000
Chrysler,Pacifica Hybrid,2025,Minivan - 2WD,Front-Wheel Drive,Regular Gas and Electricity,Automatic (variable gear ratios),6.0,3.6,29,30,30,119.0,4.023,2050,9,4000
Dodge,Hornet PHEV AWD,2025,Small Sport Utility Vehicle 4WD,All-Wheel Drive,Regular Gas and Electricity,Automatic 6-spd,4.0,1.3,29,29,29,120.0,4.039,2100,9,4000
Ferrari,296 GTB,2025,Two Seaters,Rear-Wheel Drive,Premium and Electricity,Automatic (AM-S8),6.0,2.9,16,22,18,398.0,12.736,4200,5,-7000
Ferrari,296 GTS,2025,Two Seaters,Rear-Wheel Drive,Premium and Electricity,Automatic (AM-S8),6.0,2.9,15,21,18,404.0,13.508,4200,5,-8000
Ferrari,SF90 Spider,2025,Two Seaters,All-Wheel Drive,Premium and Electricity,Automatic (AM8),8.0,3.9,16,19,17,413.0,13.415,4450,4,-8000
Ferrari,SF90 XX Spider,2025,Two Seaters,All-Wheel Drive,Premium and Electricity,Automatic (AM8),8.0,3.9,16,19,17,403.0,13.213,4450,4,-7750
Ferrari,SF90 XX Stradale,2025,Two Seaters,All-Wheel Drive,Premium and Electricity,Automatic (AM8),8.0,3.9,16,19,17,403.0,13.213,4450,4,-7750
Ford,Escape FWD PHEV,2025,Small Sport Utility Vehicle 2WD,Front-Wheel Drive,Regular Gas and Electricity,Automatic (variable gear ratios),4.0,2.5,42,37,40,78.0,2.676,1550,9,5750
Jeep,Wrangler 4dr 4xe,2025,Small Sport Utility Vehicle 4WD,4-Wheel Drive,Regular Gas and Electricity,Automatic 8-spd,4.0,2.0,20,20,20,404.0,7.72,3100,7,-500
Jeep,Grand Cherokee 4xe,2025,Standard Sport Utility Vehicle 4WD,4-Wheel Drive,Regular Gas and Electricity,Automatic 8-spd,4.0,2.0,23,24,23,404.0,5.961,2650,8,1500
Kia,Niro Plug-in Hybrid,2025,Small Sport Utility Vehicle 2WD,Front-Wheel Drive,Regular Gas and Electricity,Automatic (AM-S6),4.0,1.6,49,47,48,71.0,2.392,1300,10,6500
Kia,Sportage Plug-in Hybrid,2025,Small Sport Utility Vehicle 4WD,All-Wheel Drive,Regular Gas and Electricity,Automatic (AM-S6),4.0,1.6,36,35,35,55.0,3.234,1750,9,5000
Land Rover,Range Rover P550 PHEV,2025,Standard Sport Utility Vehicle 4WD,4-Wheel Drive,Premium and Electricity,Automatic (S8),6.0,3.0,21,22,21,102.0,3.451,3600,9,1500
Land Rover,Range Rover Sport P460 PHEV,2025,Standard Sport Utility Vehicle 4WD,4-Wheel Drive,Premium and Electricity,Automatic (S8),6.0,3.0,21,22,21,102.0,3.451,3600,9,1500
Lexus,NX 450h Plus AWD,2025,Small Sport Utility Vehicle 4WD,All-Wheel Drive,Premium and Electricity,Automatic (AV-S6),4.0,2.5,38,33,36,87.0,2.964,2100,9,4250
Lincoln,Corsair AWD PHEV,2025,Small Sport Utility Vehicle 4WD,Part-time 4-Wheel Drive,Regular Gas and Electricity,Automatic (variable gear ratios),4.0,2.5,34,32,33,122.0,4.096,1850,6,4000
Mazda,CX-70 4WD PHEV,2025,Standard Sport Utility Vehicle 4WD,4-Wheel Drive,Premium and Electricity,Automatic (S8),4.0,2.5,24,27,25,168.0,5.538,3050,8,500
Mazda,CX-90 4WD PHEV,2025,Standard Sport Utility Vehicle 4WD,4-Wheel Drive,Premium and Electricity,Automatic (S8),4.0,2.5,24,27,25,168.0,5.538,3050,8,500
Mercedes-Benz,GLC350e 4matic with EQ Hybrid Tech,2025,Small Sport Utility Vehicle 4WD,All-Wheel Drive,Premium and Electricity,Automatic 9-spd,4.0,2.0,23,28,25,84.0,2.905,3050,9,3000
Mercedes-Benz,GLE450e 4matic,2025,Standard Sport Utility Vehicle 4WD,All-Wheel Drive,Premium and Electricity,Automatic 9-spd,4.0,2.0,21,26,23,99.0,3.448,3300,9,2000
Mitsubishi,Outlander PHEV,2025,Standard Sport Utility Vehicle 4WD,All-Wheel Drive,Regular Gas and Electricity,Automatic (A1),4.0,2.4,25,27,26,115.0,3.981,2350,9,3000
Volvo,S60 T8 AWD,2025,Compact Cars,All-Wheel Drive,Premium and Electricity,Automatic (S8),4.0,2.0,30,33,31,99.0,3.106,2450,9,3500
Volvo,V60 T8 AWD,2025,Small Station Wagons,All-Wheel Drive,Premium and Electricity,Automatic (S8),4.0,2.0,30,33,31,99.0,3.106,2450,9,3500
Volvo,XC60 T8 AWD,2025,Small Sport Utility Vehicle 4WD,All-Wheel Drive,Premium and Electricity,Automatic (S8),4.0,2.0,28,28,28,122.0,3.9,2700,9,2250
Volvo,XC90 T8 AWD,2025,Standard Sport Utility Vehicle 4WD,All-Wheel Drive,Premium and Electricity,Automatic (S8),4.0,2.0,26,27,27,132.0,4.443,2800,9,1500
Hyundai,Nexo,2024,Small Sport Utility Vehicle 2WD,Front-Wheel Drive,Hydrogen,Automatic (A1),,,59,54,57,0.0,1.52,0,10,11000
Hyundai,Nexo Blue,2024,Small Sport Utility Vehicle 2WD,Front-Wheel Drive,Hydrogen,Automatic (A1),,,65,58,61,0.0,1.629,0,10,11000
Toyota,Mirai Limited,2024,Compact Cars,Rear-Wheel Drive,Hydrogen,Automatic (variable gear ratios),,,67,64,65,0.0,1.738,0,10,11000
Toyota,Mirai XLE,2024,Compact Cars,Rear-Wheel Drive,Hydrogen,Automatic (variable gear ratios),,,76,71,74,0.0,1.955,0,10,11000
Aston Martin,Vanquish,2025,Two Seaters,Rear-Wheel Drive,Premium,Automatic 8-spd,12.0,5.2,13,21,16,563.0,18.594,4750,3,-12750
Mazda,MX-5,2025,Two Seaters,Rear-Wheel Drive,Premium,Manual 6-spd,4.0,2.0,26,34,29,305.0,10.259,2600,6,-2000
Mazda,MX-5,2025,Two Seaters,Rear-Wheel Drive,Premium,Automatic (S6),4.0,2.0,26,35,29,301.0,10.259,2600,6,-2000
Mercedes-Benz,AMG GT 63 PRO 4matic Plus (coupe),2025,Two Seaters,All-Wheel Drive,Premium,Automatic 9-spd,8.0,4.0,12,19,14,623.0,21.251,5450,2,-16250
Nissan,Z,2025,Two Seaters,Rear-Wheel Drive,Premium,Manual 6-spd,6.0,3.0,18,24,20,435.0,14.876,3800,4,-8000
Nissan,Z,2025,Two Seaters,Rear-Wheel Drive,Premium,Automatic (S9),6.0,3.0,19,28,22,405.0,13.523,3450,5,-6250
Nissan,Z NISMO,2025,Two Seaters,Rear-Wheel Drive,Premium,Automatic (S9),6.0,3.0,17,24,19,469.0,15.658,4000,4,-9000
Porsche,718 Boxster,2025,Two Seaters,Rear-Wheel Drive,Premium,Manual 6-spd,4.0,2.0,20,25,22,409.0,13.523,3450,5,-6250
Porsche,718 Boxster,2025,Two Seaters,Rear-Wheel Drive,Premium,Automatic (AM-S7),4.0,2.0,21,27,24,375.0,12.396,3150,5,-4750
Porsche,718 Cayman,2025,Two Seaters,Rear-Wheel Drive,Premium,Manual 6-spd,4.0,2.0,20,25,22,409.0,13.523,3450,5,-6250
Porsche,718 Cayman,2025,Two Seaters,Rear-Wheel Drive,Premium,Automatic (AM-S7),4.0,2.0,21,27,24,375.0,12.396,3150,5,-4750
Porsche,718 Boxster S,2025,Two Seaters,Rear-Wheel Drive,Premium,Manual 6-spd,4.0,2.5,19,24,21,423.0,14.167,3600,4,-7000
Porsche,718 Boxster S,2025,Two Seaters,Rear-Wheel Drive,Premium,Automatic (AM-S7),4.0,2.5,19,25,22,410.0,13.523,3450,5,-6250
Porsche,718 Cayman S,2025,Two Seaters,Rear-Wheel Drive,Premium,Manual 6-spd,4.0,2.5,19,24,21,423.0,14.167,3600,4,-7000
Porsche,718 Cayman S,2025,Two Seaters,Rear-Wheel Drive,Premium,Automatic (AM-S7),4.0,2.5,19,25,22,410.0,13.523,3450,5,-6250
Porsche,718 GT4 RS,2025,Two Seaters,Rear-Wheel Drive,Premium,Automatic (AM-S7),6.0,4.0,15,19,16,544.0,18.594,4750,3,-12750
Lexus,LC 500 Convertible,2025,Minicompact Cars,Rear-Wheel Drive,Premium,Automatic (S10),8.0,5.0,15,25,18,489.0,16.528,4200,4,-10000
MINI,Cooper Convertible,2025,Minicompact Cars,Front-Wheel Drive,Premium,Automatic (AM-S7),4.0,2.0,27,37,30,287.0,9.917,2550,6,-1750
MINI,Cooper S Convertible,2025,Minicompact Cars,Front-Wheel Drive,Premium,Automatic (AM-S7),4.0,2.0,26,36,30,292.0,9.917,2550,6,-1750
MINI,JCW Convertible,2025,Minicompact Cars,Front-Wheel Drive,Premium,Automatic (AM-S7),4.0,2.0,26,35,30,296.0,9.917,2550,6,-1750
Toyota,GR 86,2025,Minicompact Cars,Rear-Wheel Drive,Premium,Manual 6-spd,4.0,2.4,20,26,22,401.0,13.523,3450,5,-6250
Toyota,GR 86,2025,Minicompact Cars,Rear-Wheel Drive,Premium,Automatic (S6),4.0,2.4,21,30,24,366.0,12.396,3150,5,-4750
Ford,Mustang Dark Horse,2025,Subcompact Cars,Rear-Wheel Drive,Regular,Automatic (S10),8.0,5.0,14,22,17,524.0,17.501,3600,3,-7000
Ford,Mustang Dark Horse,2025,Subcompact Cars,Rear-Wheel Drive,Regular,Manual 6-spd,8.0,5.0,14,22,17,533.0,17.501,3600,3,-7000
Ford,Mustang,2025,Subcompact Cars,Rear-Wheel Drive,Regular,Automatic (S10),8.0,5.0,16,24,19,467.0,15.658,3250,4,-5250
Ford,Mustang,2025,Subcompact Cars,Rear-Wheel Drive,Regular,Automatic 10-spd,4.0,2.3,22,33,26,342.0,11.443,2350,5,-750
Ford,Mustang,2025,Subcompact Cars,Rear-Wheel Drive,Regular,Manual 6-spd,8.0,5.0,15,23,18,494.0,16.528,3400,4,-6000
Ford,Mustang GTD,2025,Subcompact Cars,Rear-Wheel Drive,Regular,Automatic (AM-S8),8.0,5.2,10,17,12,741.0,24.792,5100,1,-14500
Lexus,LC 500,2025,Subcompact Cars,Rear-Wheel Drive,Premium,Automatic (S10),8.0,5.0,16,24,18,481.0,16.528,4200,4,-10000
Lexus,LC 500h,2025,Subcompact Cars,Rear-Wheel Drive,Premium,Automatic (AV-S10),6.0,3.5,26,33,29,304.0,10.259,2600,6,-2000
Lexus,RC 300 AWD,2025,Subcompact Cars,All-Wheel Drive,Premium,Automatic (S6),6.0,3.5,19,26,22,407.0,13.523,3450,5,-6250
Lexus,RC 350,2025,Subcompact Cars,Rear-Wheel Drive,Premium,Automatic (S8),6.0,3.5,20,28,23,385.0,12.935,3300,5,-5500
Lexus,RC 350 AWD,2025,Subcompact Cars,All-Wheel Drive,Premium,Automatic (S6),6.0,3.5,19,26,22,407.0,13.523,3450,5,-6250
Lexus,RC 300,2025,Subcompact Cars,Rear-Wheel Drive,Premium,Automatic (S8),4.0,2.0,21,31,25,356.0,11.9,3050,5,-4250
Lexus,RC F,2025,Subcompact Cars,Rear-Wheel Drive,Premium,Automatic (S8),8.0,5.0,16,24,19,459.0,15.658,4000,4,-9000
Maserati,Granturismo Trofeo,2025,Subcompact Cars,All-Wheel Drive,Premium,Automatic 8-spd,6.0,3.0,18,27,21,412.0,14.167,3600,4,-7000
Maserati,Granturismo Modena,2025,Subcompact Cars,All-Wheel Drive,Premium,Automatic 8-spd,6.0,3.0,18,27,21,412.0,14.167,3600,4,-7000
Maserati,Grancabrio Trofeo,2025,Subcompact Cars,All-Wheel Drive,Premium,Automatic 8-spd,6.0,3.0,17,26,20,430.0,14.876,3800,4,-8000
Maserati,Grancabrio Modena,2025,Subcompact Cars,All-Wheel Drive,Premium,Automatic 8-spd,6.0,3.0,17,26,20,430.0,14.876,3800,4,-8000
MINI,JCW Hardtop 2 Door,2025,Subcompact Cars,Front-Wheel Drive,Premium,Automatic (AM-S7),4.0,2.0,27,37,30,288.0,9.917,2550,6,-1750
BMW,228 xDrive Gran Coupe,2025,Compact Cars,All-Wheel Drive,Premium,Automatic (AM-S7),4.0,2.0,26,38,30,288.0,9.917,2550,6,-1750
BMW,M235 xDrive Gran Coupe,2025,Compact Cars,All-Wheel Drive,Premium,Automatic (AM-S7),4.0,2.0,24,33,27,321.0,11.019,2800,5,-3000
Lexus,IS 300 AWD,2025,Compact Cars,All-Wheel Drive,Premium,Automatic (S6),6.0,3.5,19,26,22,407.0,13.523,3450,5,-6250
Lexus,IS 350,2025,Compact Cars,Rear-Wheel Drive,Premium,Automatic (S8),6.0,3.5,20,28,23,385.0,12.935,3300,5,-5500
Lexus,IS 350 AWD,2025,Compact Cars,All-Wheel Drive,Premium,Automatic (S6),6.0,3.5,19,26,22,407.0,13.523,3450,5,-6250
Lexus,IS 500,2025,Compact Cars,Rear-Wheel Drive,Premium,Automatic (S8),8.0,5.0,17,25,20,451.0,14.876,3800,4,-8000
Lexus,IS 300,2025,Compact Cars,Rear-Wheel Drive,Premium,Automatic (S8),4.0,2.0,21,31,25,356.0,11.9,3050,5,-4250
Mercedes-Benz,AMG GT 63 4matic Plus,2025,Compact Cars,All-Wheel Drive,Premium,Automatic 9-spd,8.0,4.0,15,21,17,512.0,17.501,4450,3,-11250
MINI,Cooper Hardtop 4 door,2025,Compact Cars,Front-Wheel Drive,Premium,Automatic (AM-S7),4.0,2.0,28,39,32,276.0,9.297,2400,6,-1000
Volkswagen,Golf R,2025,Compact Cars,All-Wheel Drive,Premium,Automatic (AM-S7),4.0,2.0,22,31,25,349.0,11.9,3050,5,-4250
Volkswagen,GTI,2025,Compact Cars,Front-Wheel Drive,Regular,Automatic (AM-S7),4.0,2.0,24,32,27,326.0,11.019,2300,5,-500
Kia,K4,2025,Midsize Cars,Front-Wheel Drive,Regular,Automatic (S8),4.0,1.6,26,36,29,303.0,10.259,2100,6,500
Lexus,LS 500h AWD,2025,Midsize Cars,All-Wheel Drive,Premium,Automatic (AV-S10),6.0,3.5,22,29,25,358.0,11.9,3050,5,-4250
Lexus,LS 500,2025,Midsize Cars,Rear-Wheel Drive,Premium,Automatic (S10),6.0,3.4,18,29,22,404.0,13.523,3450,5,-6250
Lexus,LS 500 AWD,2025,Midsize Cars,All-Wheel Drive,Premium,Automatic (S10),6.0,3.4,17,27,21,418.0,14.167,3600,4,-7000
Subaru,WRX,2025,Midsize Cars,All-Wheel Drive,Premium,Manual 6-spd,4.0,2.4,19,26,22,413.0,13.523,3450,5,-6250
Subaru,WRX,2025,Midsize Cars,All-Wheel Drive,Premium,Automatic (AV-S8),4.0,2.4,18,25,21,422.0,14.167,3600,4,-7000
Toyota,Prius AWD,2025,Midsize Cars,Part-time 4-Wheel Drive,Regular,Automatic (variable gear ratios),4.0,2.0,53,54,54,163.0,5.509,1150,8,5250
Toyota,Prius AWD XLE/LTD,2025,Midsize Cars,Part-time 4-Wheel Drive,Regular,Automatic (variable gear ratios),4.0,2.0,49,50,49,179.0,6.072,1250,8,4750
Toyota,Prius XLE/LTD,2025,Midsize Cars,Front-Wheel Drive,Regular,Automatic (variable gear ratios),4.0,2.0,52,52,52,169.0,5.721,1200,8,5000
Toyota,Prius,2025,Midsize Cars,Front-Wheel Drive,Regular,Automatic (variable gear ratios),4.0,2.0,57,56,57,155.0,5.219,1100,8,5500
Rolls-Royce,Phantom,2025,Large Cars,Rear-Wheel Drive,Premium,Automatic (S8),12.0,6.7,12,19,14,609.0,21.251,5450,2,-16250
Rolls-Royce,Phantom Extended,2025,Large Cars,Rear-Wheel Drive,Premium,Automatic (S8),12.0,6.7,12,19,14,609.0,21.251,5450,2,-16250
Rolls-Royce,Ghost,2025,Large Cars,All-Wheel Drive,Premium,Automatic (S8),12.0,6.7,12,19,14,609.0,21.251,5450,2,-16250
Rolls-Royce,Ghost Extended,2025,Large Cars,All-Wheel Drive,Premium,Automatic (S8),12.0,6.7,12,19,14,609.0,21.251,5450,2,-16250
Rolls-Royce,Ghost Black Badge,2025,Large Cars,All-Wheel Drive,Premium,Automatic (S8),12.0,6.7,12,19,14,609.0,21.251,5450,2,-16250
Mercedes-Benz,AMG GT 43 4matic Plus,2025,Small Station Wagons,All-Wheel Drive,Premium,Automatic 9-spd,6.0,3.0,19,24,21,424.0,14.167,3600,4,-7000
Mercedes-Benz,AMG GT 53 4matic Plus,2025,Small Station Wagons,All-Wheel Drive,Premium,Automatic 9-spd,6.0,3.0,19,24,21,424.0,14.167,3600,4,-7000
Ford,Maverick HEV FWD,2025,Small Pickup Trucks 2WD,Front-Wheel Drive,Regular,Automatic (variable gear ratios),4.0,2.5,42,35,38,234.0,7.829,1600,7,3000
Toyota,Tacoma SR5/Sport/PreRunner 2WD,2025,Small Pickup Trucks 2WD,Rear-Wheel Drive,Regular,Automatic (S8),4.0,2.4,20,24,22,404.0,13.523,2800,5,-3000
Toyota,Tacoma SR5/Sport/PreRunner 2WD,2025,Small Pickup Trucks 2WD,Rear-Wheel Drive,Regular,Automatic (S8),4.0,2.4,21,26,23,393.0,12.935,2650,5,-2250
Toyota,Tacoma 2WD,2025,Small Pickup Trucks 2WD,Rear-Wheel Drive,Regular,Automatic (S8),4.0,2.4,20,26,23,394.0,12.935,2650,5,-2250
Ford,Maverick HEV AWD,2025,Small Pickup Trucks 4WD,Part-time 4-Wheel Drive,Regular,Automatic (variable gear ratios),4.0,2.5,40,34,37,240.0,8.041,1650,7,2750
Ford,Maverick AWD,2025,Small Pickup Trucks 4WD,Part-time 4-Wheel Drive,Regular,Automatic 8-spd,4.0,2.0,22,30,25,355.0,11.9,2450,5,-1250
Ford,Maverick Lobo AWD,2025,Small Pickup Trucks 4WD,4-Wheel Drive,Regular,Automatic (S8),4.0,2.0,21,30,24,370.0,12.396,2550,5,-1750
Ford,Maverick Tremor AWD,2025,Small Pickup Trucks 4WD,4-Wheel Drive,Regular,Automatic (S8),4.0,2.0,21,27,23,387.0,12.935,2650,5,-2250
Toyota,Tacoma 4WD MT,2025,Small Pickup Trucks 4WD,Part-time 4-Wheel Drive,Regular,Manual 6-spd,4.0,2.4,18,23,20,452.0,14.876,3100,4,-4500
Toyota,Tacoma SR5/Sport/Off-Road/Limited 4WD,2025,Small Pickup Trucks 4WD,Part-time 4-Wheel Drive,Regular,Automatic (S8),4.0,2.4,19,23,21,433.0,14.167,2950,4,-3750
Toyota,Tacoma SR5/Sport/Off-Road/Limited 4WD,2025,Small Pickup Trucks 4WD,Part-time 4-Wheel Drive,Regular,Automatic (S8),4.0,2.4,20,23,21,420.0,14.167,2950,4,-3750
Toyota,Tacoma SR5/Sport/Off-Road/Limited 4WD,2025,Small Pickup Trucks 4WD,Part-time 4-Wheel Drive,Regular,Automatic (S8),4.0,2.4,19,24,21,424.0,14.167,2950,4,-3750
Toyota,Tacoma 4WD,2025,Small Pickup Trucks 4WD,Part-time 4-Wheel Drive,Regular,Automatic (S8),4.0,2.4,19,24,21,424.0,14.167,2950,4,-3750
Chevrolet,Colorado 2WD,2025,Standard Pickup Trucks 2WD,Rear-Wheel Drive,Regular,Automatic 8-spd,4.0,2.7,19,23,20,434.0,14.876,3100,4,-4500
Ford,Ranger 2WD,2025,Standard Pickup Trucks 2WD,Rear-Wheel Drive,Regular,Automatic (S10),4.0,2.3,21,26,23,380.0,12.935,2650,5,-2250
Ford,F150 Pickup 2WD,2025,Standard Pickup Trucks 2WD,Rear-Wheel Drive,Regular,Automatic (S10),6.0,3.5,17,25,20,452.0,14.876,3100,4,-4500
Ford,F150 Pickup 2WD,2025,Standard Pickup Trucks 2WD,Rear-Wheel Drive,Regular,Automatic (S10),6.0,2.7,19,25,21,425.0,14.167,2950,4,-3750
Ford,F150 Pickup 2WD,2025,Standard Pickup Trucks 2WD,Rear-Wheel Drive,Regular,Automatic (S10),8.0,5.0,16,24,19,473.0,15.658,3250,4,-5250
GMC,Canyon 2WD,2025,Standard Pickup Trucks 2WD,Rear-Wheel Drive,Regular,Automatic 8-spd,4.0,2.7,19,23,20,434.0,14.876,3100,4,-4500
Chevrolet,Colorado 4WD,2025,Standard Pickup Trucks 4WD,4-Wheel Drive,Regular,Automatic 8-spd,4.0,2.7,17,21,19,487.0,15.658,3250,4,-5250
Chevrolet,Colorado Mud Terrain Tires 4WD,2025,Standard Pickup Trucks 4WD,4-Wheel Drive,Regular,Automatic 8-spd,4.0,2.7,17,20,18,494.0,16.528,3400,4,-6000
Chevrolet,Colorado ZR2 4WD,2025,Standard Pickup Trucks 4WD,4-Wheel Drive,Regular,Automatic 8-spd,4.0,2.7,17,17,17,527.0,17.501,3600,3,-7000
Chevrolet,Colorado ZR2 Bison 4WD,2025,Standard Pickup Trucks 4WD,4-Wheel Drive,Regular,Automatic 8-spd,4.0,2.7,16,16,16,564.0,18.594,3850,3,-8250
Ford,Ranger RAPTOR 4WD,2025,Standard Pickup Trucks 4WD,Part-time 4-Wheel Drive,Regular,Automatic (S10),6.0,3.0,16,18,17,525.0,17.501,3600,3,-7000
Ford,F150 Pickup Tremor 4WD,2025,Standard Pickup Trucks 4WD,Part-time 4-Wheel Drive,Regular,Automatic (S10),6.0,3.5,16,21,18,494.0,16.528,3400,4,-6000
Ford,F150 Pickup Tremor 4WD,2025,Standard Pickup Trucks 4WD,Part-time 4-Wheel Drive,Regular,Automatic (S10),8.0,5.0,15,20,17,523.0,17.501,3600,3,-7000
Ford,F150 Pickup 4WD,2025,Standard Pickup Trucks 4WD,Part-time 4-Wheel Drive,Regular,Automatic (S10),6.0,3.5,16,24,19,467.0,15.658,3250,4,-5250
Ford,F150 Pickup 4WD,2025,Standard Pickup Trucks 4WD,Part-time 4-Wheel Drive,Regular,Automatic (S10),8.0,5.0,16,24,19,474.0,15.658,3250,4,-5250
Ford,F150 Pickup 4WD HEV,2025,Standard Pickup Trucks 4WD,Part-time 4-Wheel Drive,Regular,Automatic (S10),6.0,3.5,22,24,23,386.0,12.935,2650,5,-2250
Ford,F150 RAPTOR 4WD,2025,Standard Pickup Trucks 4WD,Part-time 4-Wheel Drive,Regular,Automatic (S10),6.0,3.5,14,18,16,559.0,18.594,3850,3,-8250
GMC,Canyon 4WD,2025,Standard Pickup Trucks 4WD,4-Wheel Drive,Regular,Automatic 8-spd,4.0,2.7,17,21,19,487.0,15.658,3250,4,-5250
GMC,Canyon AT4X 4WD,2025,Standard Pickup Trucks 4WD,4-Wheel Drive,Regular,Automatic 8-spd,4.0,2.7,17,17,17,527.0,17.501,3600,3,-7000
GMC,Canyon AT4X AEV 4WD,2025,Standard Pickup Trucks 4WD,4-Wheel Drive,Regular,Automatic 8-spd,4.0,2.7,16,16,16,564.0,18.594,3850,3,-8250
Toyota,Tacoma Hybrid 4WD,2025,Standard Pickup Trucks 4WD,Part-time 4-Wheel Drive,Regular,Automatic (S8),4.0,2.4,22,24,23,386.0,12.935,2650,5,-2250
Toyota,Tacoma Hybrid 4WD,2025,Standard Pickup Trucks 4WD,4-Wheel Drive,Regular,Automatic (S8),4.0,2.4,23,24,23,380.0,12.935,2650,5,-2250
Toyota,Sienna 2WD,2025,Minivan - 2WD,Front-Wheel Drive,Regular,Automatic (AV-S6),4.0,2.5,36,36,36,246.0,8.264,1700,7,2500
Toyota,Sienna AWD,2025,Minivan - 4WD,All-Wheel Drive,Regular,Automatic (AV-S6),4.0,2.5,34,36,35,253.0,8.5,1750,7,2250
Lexus,RX 350,2025,Small Sport Utility Vehicle 2WD,Front-Wheel Drive,Premium,Automatic (S8),4.0,2.4,22,29,25,354.0,11.9,3050,5,-4250
Mitsubishi,Outlander 2WD,2025,Small Sport Utility Vehicle 2WD,Front-Wheel Drive,Regular,Automatic (AV-S8),4.0,2.5,24,31,27,333.0,11.019,2300,5,-500
Mitsubishi,Eclipse Cross 2WD,2025,Small Sport Utility Vehicle 2WD,Front-Wheel Drive,Regular,Automatic (AV-S8),4.0,1.5,25,28,26,339.0,11.443,2350,5,-750
Nissan,Murano FWD,2025,Small Sport Utility Vehicle 2WD,Front-Wheel Drive,Regular,Automatic (S9),4.0,2.0,21,27,23,387.0,12.935,2650,5,-2250
Toyota,RAV4,2025,Small Sport Utility Vehicle 2WD,Front-Wheel Drive,Regular,Automatic (S8),4.0,2.5,27,35,30,292.0,9.917,2050,6,750
Toyota,Corolla Cross,2025,Small Sport Utility Vehicle 2WD,Front-Wheel Drive,Regular,Automatic (AV-S10),4.0,2.0,31,33,32,276.0,9.297,1900,6,1500
Toyota,Highlander,2025,Small Sport Utility Vehicle 2WD,Front-Wheel Drive,Regular,Automatic (S8),4.0,2.4,22,29,25,359.0,11.9,2450,5,-1250
Toyota,Highlander,2025,Small Sport Utility Vehicle 2WD,Front-Wheel Drive,Regular,Automatic (S8),4.0,2.4,21,28,24,370.0,12.396,2550,5,-1750
Volkswagen,Taos,2025,Small Sport Utility Vehicle 2WD,Front-Wheel Drive,Regular,Automatic (S8),4.0,1.5,28,36,31,287.0,9.597,2000,6,1000
Alfa Romeo,Tonale AWD,2025,Small Sport Utility Vehicle 4WD,All-Wheel Drive,Regular,Automatic 9-spd,4.0,2.0,21,29,24,372.0,12.396,2550,5,-1750
Ford,Bronco Sport 4WD,2025,Small Sport Utility Vehicle 4WD,Part-time 4-Wheel Drive,Regular,Automatic 8-spd,3.0,1.5,25,30,27,324.0,11.019,2300,5,-500
Ford,Bronco Sport 4WD,2025,Small Sport Utility Vehicle 4WD,4-Wheel Drive,Regular,Automatic (S8),4.0,2.0,21,27,23,387.0,12.935,2650,5,-2250
Jeep,Wrangler 4dr 4WD,2025,Small Sport Utility Vehicle 4WD,4-Wheel Drive,Regular,Automatic 8-spd,6.0,3.6,18,23,20,451.0,14.876,3100,4,-4500
Jeep,Wrangler 4dr 4WD,2025,Small Sport Utility Vehicle 4WD,4-Wheel Drive,Premium,Automatic 8-spd,8.0,6.4,13,16,14,635.0,21.251,5450,2,-16250
Lexus,RX 350h AWD,2025,Small Sport Utility Vehicle 4WD,All-Wheel Drive,Premium,Automatic (AV-S6),4.0,2.5,37,34,36,244.0,8.264,2100,7,500
Lexus,RX 350 AWD,2025,Small Sport Utility Vehicle 4WD,All-Wheel Drive,Premium,Automatic (S8),4.0,2.4,21,28,24,370.0,12.396,3150,5,-4750
Lexus,RX 500h AWD,2025,Small Sport Utility Vehicle 4WD,All-Wheel Drive,Premium,Automatic (S6),4.0,2.4,27,28,27,321.0,11.019,2800,5,-3000
Maserati,Grecale Trofeo,2025,Small Sport Utility Vehicle 4WD,All-Wheel Drive,Premium,Automatic 8-spd,6.0,3.0,18,25,20,432.0,14.876,3800,4,-8000
Mazda,CX-50 4WD,2025,Small Sport Utility Vehicle 4WD,4-Wheel Drive,Regular,Automatic (variable gear ratios),4.0,2.5,39,37,38,233.0,7.829,1600,7,3000
Mitsubishi,Outlander 4WD,2025,Small Sport Utility Vehicle 4WD,4-Wheel Drive,Regular,Automatic (AV-S8),4.0,2.5,24,30,26,342.0,11.443,2350,5,-750
Mitsubishi,Outlander Sport 4WD,2025,Small Sport Utility Vehicle 4WD,4-Wheel Drive,Regular,Automatic (AV-S6),4.0,2.0,23,29,26,343.0,11.443,2350,5,-750
Mitsubishi,Outlander Sport 4WD,2025,Small Sport Utility Vehicle 4WD,4-Wheel Drive,Regular,Automatic (AV-S6),4.0,2.4,23,28,25,350.0,11.9,2450,5,-1250
Mitsubishi,Eclipse Cross 4WD,2025,Small Sport Utility Vehicle 4WD,4-Wheel Drive,Regular,Automatic (AV-S8),4.0,1.5,25,26,25,353.0,11.9,2450,5,-1250
Mitsubishi,Eclipse Cross ES 4WD,2025,Small Sport Utility Vehicle 4WD,4-Wheel Drive,Regular,Automatic (AV-S8),4.0,1.5,25,28,26,339.0,11.443,2350,5,-750
Nissan,Murano AWD,2025,Small Sport Utility Vehicle 4WD,All-Wheel Drive,Regular,Automatic (S9),4.0,2.0,21,27,23,387.0,12.935,2650,5,-2250
Subaru,Forester Wilderness AWD,2025,Small Sport Utility Vehicle 4WD,All-Wheel Drive,Regular,Automatic (AV-S8),4.0,2.5,25,28,26,338.0,11.443,2350,5,-750
Subaru,Forester Hybrid AWD,2025,Small Sport Utility Vehicle 4WD,All-Wheel Drive,Regular,Automatic (AV-S6),4.0,2.5,35,34,35,255.0,8.5,1750,7,2250
Toyota,RAV4 AWD,2025,Small Sport Utility Vehicle 4WD,All-Wheel Drive,Regular,Automatic (S8),4.0,2.5,27,33,29,301.0,10.259,2100,6,500
Toyota,RAV4 AWD,2025,Small Sport Utility Vehicle 4WD,All-Wheel Drive,Regular,Automatic (S8),4.0,2.5,25,33,28,320.0,10.625,2200,6,0
Toyota,RAV4 AWD LE,2025,Small Sport Utility Vehicle 4WD,All-Wheel Drive,Regular,Automatic (S8),4.0,2.5,27,34,30,296.0,9.917,2050,6,750
Toyota,RAV4 Hybrid AWD Woodland Edition,2025,Small Sport Utility Vehicle 4WD,All-Wheel Drive,Regular,Automatic (AV-S6),4.0,2.5,38,35,37,240.0,8.041,1650,7,2750
Toyota,RAV4 Hybrid AWD,2025,Small Sport Utility Vehicle 4WD,All-Wheel Drive,Regular,Automatic (AV-S6),4.0,2.5,41,38,39,224.0,7.628,1600,7,3000
Toyota,Corolla Cross AWD,2025,Small Sport Utility Vehicle 4WD,All-Wheel Drive,Regular,Automatic (AV-S10),4.0,2.0,29,31,30,294.0,9.917,2050,6,750
Toyota,Corolla Cross Hybrid AWD,2025,Small Sport Utility Vehicle 4WD,All-Wheel Drive,Regular,Automatic (AV-S6),4.0,2.0,45,38,42,209.0,7.084,1450,7,3750
Toyota,Highlander AWD,2025,Small Sport Utility Vehicle 4WD,All-Wheel Drive,Regular,Automatic (S8),4.0,2.4,21,28,24,371.0,12.396,2550,5,-1750
Volkswagen,Taos 4motion,2025,Small Sport Utility Vehicle 4WD,All-Wheel Drive,Regular,Automatic (S8),4.0,1.5,25,33,28,318.0,10.625,2200,6,0
Chevrolet,Suburban 2WD,2025,Standard Sport Utility Vehicle 2WD,Rear-Wheel Drive,Diesel,Automatic 10-spd,6.0,3.0,21,26,23,442.0,15.53,3450,4,-6250
Ford,Expedition 2WD,2025,Standard Sport Utility Vehicle 2WD,Rear-Wheel Drive,Regular,Automatic (S10),6.0,3.5,16,24,19,472.0,15.658,3250,4,-5250
GMC,Yukon XL 2WD,2025,Standard Sport Utility Vehicle 2WD,Rear-Wheel Drive,Diesel,Automatic 10-spd,6.0,3.0,21,26,23,442.0,15.53,3450,4,-6250
GMC,Yukon 2WD,2025,Standard Sport Utility Vehicle 2WD,Rear-Wheel Drive,Diesel,Automatic 10-spd,6.0,3.0,21,26,23,442.0,15.53,3450,4,-6250
Lexus,TX 350,2025,Standard Sport Utility Vehicle 2WD,Front-Wheel Drive,Premium,Automatic (S8),4.0,2.4,21,27,23,377.0,12.935,3300,5,-5500
Nissan,Armada 2WD,2025,Standard Sport Utility Vehicle 2WD,Rear-Wheel Drive,Premium,Automatic (S9),6.0,3.5,16,20,18,497.0,16.528,4200,4,-10000
Toyota,Grand Highlander Hybrid,2025,Standard Sport Utility Vehicle 2WD,Front-Wheel Drive,Regular,Automatic (AV-S6),4.0,2.5,37,34,36,246.0,8.264,1700,7,2500
Toyota,Grand Highlander LE/XLE,2025,Standard Sport Utility Vehicle 2WD,Front-Wheel Drive,Regular,Automatic (S8),4.0,2.4,21,28,24,371.0,12.396,2550,5,-1750
Toyota,Grand Highlander Limited,2025,Standard Sport Utility Vehicle 2WD,Front-Wheel Drive,Regular,Automatic (S8),4.0,2.4,21,28,24,366.0,12.396,2550,5,-1750
Toyota,4Runner 2WD,2025,Standard Sport Utility Vehicle 2WD,Rear-Wheel Drive,Regular,Automatic (S8),4.0,2.4,20,26,22,399.0,13.523,2800,5,-3000
Toyota,4Runner 2WD,2025,Standard Sport Utility Vehicle 2WD,Rear-Wheel Drive,Regular,Automatic (S8),4.0,2.4,20,24,22,404.0,13.523,2800,5,-3000
Chevrolet,Tahoe 4WD,2025,Standard Sport Utility Vehicle 4WD,4-Wheel Drive,Regular,Automatic 10-spd,8.0,5.3,14,18,16,571.0,18.594,3850,3,-8250
Chevrolet,Suburban 4WD,2025,Standard Sport Utility Vehicle 4WD,4-Wheel Drive,Diesel,Automatic 10-spd,6.0,3.0,20,26,22,455.0,16.236,3600,4,-7000
Chevrolet,Tahoe 4WD,2025,Standard Sport Utility Vehicle 4WD,4-Wheel Drive,Diesel,Automatic 10-spd,6.0,3.0,20,26,22,455.0,16.236,3600,4,-7000
Ford,Expedition 4WD,2025,Standard Sport Utility Vehicle 4WD,Part-time 4-Wheel Drive,Regular,Automatic (S10),6.0,3.5,15,22,18,501.0,16.528,3400,4,-6000
Ford,Bronco Raptor 4WD,2025,Standard Sport Utility Vehicle 4WD,Part-time 4-Wheel Drive,Regular,Automatic (S10),6.0,3.0,15,16,15,577.0,19.834,4100,2,-9500
Ford,Bronco Outer Banks 4WD,2025,Standard Sport Utility Vehicle 4WD,Part-time 4-Wheel Drive,Regular,Automatic (S10),6.0,2.7,19,21,20,453.0,14.876,3100,4,-4500
GMC,Yukon XL 4WD,2025,Standard Sport Utility Vehicle 4WD,4-Wheel Drive,Diesel,Automatic 10-spd,6.0,3.0,20,26,22,455.0,16.236,3600,4,-7000
GMC,Yukon 4WD,2025,Standard Sport Utility Vehicle 4WD,4-Wheel Drive,Diesel,Automatic 10-spd,6.0,3.0,20,26,22,455.0,16.236,3600,4,-7000
Land Rover,Defender 110 MHEV,2025,Standard Sport Utility Vehicle 4WD,4-Wheel Drive,Premium,Automatic (S8),8.0,4.4,15,19,17,534.0,17.501,4450,3,-11250
Lexus,TX 500h AWD,2025,Standard Sport Utility Vehicle 4WD,All-Wheel Drive,Premium,Automatic (S6),4.0,2.4,27,28,27,322.0,11.019,2800,5,-3000
Lexus,TX 350 AWD,2025,Standard Sport Utility Vehicle 4WD,All-Wheel Drive,Premium,Automatic (S8),4.0,2.4,20,26,23,387.0,12.935,3300,5,-5500
Lexus,GX 550,2025,Standard Sport Utility Vehicle 4WD,4-Wheel Drive,Premium,Automatic (S10),6.0,3.4,15,21,17,505.0,17.501,4450,3,-11250
Lexus,LX 600,2025,Standard Sport Utility Vehicle 4WD,All-Wheel Drive,Premium,Automatic (S10),6.0,3.4,17,22,19,477.0,15.658,4000,4,-9000
Lexus,LX 700h,2025,Standard Sport Utility Vehicle 4WD,All-Wheel Drive,Premium,Automatic (S10),6.0,3.4,19,22,20,439.0,14.876,3800,4,-8000
Lincoln,Navigator 4WD,2025,Standard Sport Utility Vehicle 4WD,Part-time 4-Wheel Drive,Regular,Automatic (S10),6.0,3.5,15,22,17,510.0,17.501,3600,3,-7000
Nissan,Armada 4WD,2025,Standard Sport Utility Vehicle 4WD,4-Wheel Drive,Premium,Automatic (S9),6.0,3.5,16,19,17,524.0,17.501,4450,3,-11250
Nissan,Armada 4WD PRO-4X,2025,Standard Sport Utility Vehicle 4WD,4-Wheel Drive,Premium,Automatic (S9),6.0,3.5,15,18,16,556.0,18.594,4750,3,-12750
Porsche,Cayenne S,2025,Standard Sport Utility Vehicle 4WD,All-Wheel Drive,Premium,Automatic (S8),8.0,4.0,16,21,18,492.0,16.528,4200,4,-10000
Porsche,Cayenne S Coupe,2025,Standard Sport Utility Vehicle 4WD,All-Wheel Drive,Premium,Automatic (S8),8.0,4.0,16,21,18,492.0,16.528,4200,4,-10000
Toyota,Grand Highlander Hybrid AWD,2025,Standard Sport Utility Vehicle 4WD,All-Wheel Drive,Regular,Automatic (AV-S6),4.0,2.5,36,32,34,258.0,8.75,1800,7,2000
Toyota,Grand Highlander Hybrid AWD,2025,Standard Sport Utility Vehicle 4WD,All-Wheel Drive,Regular,Automatic (S6),4.0,2.4,26,27,27,332.0,11.019,2300,5,-500
Toyota,Grand Highlander AWD LE/XLE,2025,Standard Sport Utility Vehicle 4WD,All-Wheel Drive,Regular,Automatic (S8),4.0,2.4,21,27,23,379.0,12.935,2650,5,-2250
Toyota,Grand Highlander AWD Limited/Platinum,2025,Standard Sport Utility Vehicle 4WD,All-Wheel Drive,Regular,Automatic (S8),4.0,2.4,20,26,22,400.0,13.523,2800,5,-3000
Toyota,4Runner 4WD,2025,Standard Sport Utility Vehicle 4WD,Part-time 4-Wheel Drive,Regular,Automatic (S8),4.0,2.4,19,25,21,417.0,14.167,2950,4,-3750
Toyota,Land Cruiser,2025,Standard Sport Utility Vehicle 4WD,4-Wheel Drive,Premium,Automatic (S8),4.0,2.4,22,25,23,381.0,12.935,3300,5,-5500
Toyota,Highlander Hybrid AWD LTD/PLAT,2025,Standard Sport Utility Vehicle 4WD,All-Wheel Drive,Regular,Automatic (AV-S6),4.0,2.5,35,34,35,253.0,8.5,1750,7,2250
Toyota,Highlander Hybrid AWD,2025,Standard Sport Utility Vehicle 4WD,All-Wheel Drive,Regular,Automatic (AV-S6),4.0,2.5,35,35,35,254.0,8.5,1750,7,2250
Toyota,4Runner 4WD,2025,Standard Sport Utility Vehicle 4WD,4-Wheel Drive,Regular,Automatic (S8),4.0,2.4,20,24,21,415.0,14.167,2950,4,-3750
Honda,Passport AWD,2026,Small Sport Utility Vehicle 4WD,All-Wheel Drive,Regular,Automatic (S10),6.0,3.5,19,25,21,424.0,14.167,2950,4,-3750
Honda,Passport AWD Trailsport,2026,Small Sport Utility Vehicle 4WD,All-Wheel Drive,Regular,Automatic (S10),6.0,3.5,18,23,20,446.0,14.876,3100,4,-4500
Jaguar,F-Pace,2026,Small Sport Utility Vehicle 4WD,All-Wheel Drive,Premium,Automatic (S8),4.0,2.0,22,27,24,376.0,12.396,3150,5,-4750
Jaguar,F-Pace MHEV,2026,Small Sport Utility Vehicle 4WD,4-Wheel Drive,Premium,Automatic (S8),6.0,3.0,19,25,21,418.0,14.167,3600,4,-7000
Jaguar,F-Pace SVR,2026,Small Sport Utility Vehicle 4WD,All-Wheel Drive,Premium,Automatic (S8),8.0,5.0,15,21,17,519.0,17.501,4450,3,-11250
Land Rover,Discovery Sport,2026,Small Sport Utility Vehicle 4WD,All-Wheel Drive,Premium,Automatic (S9),4.0,2.0,19,23,20,437.0,14.876,3800,4,-8000
Land Rover,Range Rover Evoque,2026,Small Sport Utility Vehicle 4WD,All-Wheel Drive,Premium,Automatic (S9),4.0,2.0,20,27,22,398.0,13.523,3450,4,-6250
Land Rover,Range Rover Velar,2026,Small Sport Utility Vehicle 4WD,All-Wheel Drive,Premium,Automatic (S8),4.0,2.0,22,26,23,381.0,12.935,3300,5,-5500
Land Rover,Range Rover Velar P340 MHEV,2026,Small Sport Utility Vehicle 4WD,4-Wheel Drive,Premium,Automatic (S8),6.0,3.0,19,26,22,407.0,13.523,3450,4,-6250
Land Rover,Range Rover Velar P400 MHEV,2026,Small Sport Utility Vehicle 4WD,4-Wheel Drive,Premium,Automatic (S8),6.0,3.0,19,25,21,420.0,14.167,3600,4,-7000
Bentley,Continental GT,2025,Subcompact Cars,All-Wheel Drive,Premium and Electricity,Automatic (AM-S8),8.0,4.0,17,22,19,161.0,5.359,4000,8,-500
Bentley,Continental GT Speed,2025,Subcompact Cars,All-Wheel Drive,Premium and Electricity,Automatic (AM-S8),8.0,4.0,17,22,19,161.0,5.359,4000,8,-500
Bentley,Continental GTC,2025,Minicompact Cars,All-Wheel Drive,Premium and Electricity,Automatic (AM-S8),8.0,4.0,17,22,19,161.0,5.359,4000,8,-500
Bentley,Continental GTC Speed,2025,Minicompact Cars,All-Wheel Drive,Premium and Electricity,Automatic (AM-S8),8.0,4.0,17,22,19,161.0,5.359,4000,8,-500
Bentley,Flying Spur,2025,Midsize Cars,All-Wheel Drive,Premium and Electricity,Automatic (AM-S8),8.0,4.0,17,22,19,161.0,5.359,4000,8,-500
Bentley,Flying Spur Speed,2025,Midsize Cars,All-Wheel Drive,Premium and Electricity,Automatic (AM-S8),8.0,4.0,17,22,19,161.0,5.359,4000,8,-500
Lamborghini,Urus SE,2025,Standard Sport Utility Vehicle 4WD,4-Wheel Drive,Premium and Electricity,Automatic (S8),8.0,4.0,19,21,20,166.0,5.547,3800,8,-1000
BMW,550e xDrive Sedan,2025,Midsize Cars,All-Wheel Drive,Premium and Electricity,Automatic (S8),6.0,3.0,23,26,24,135.0,4.666,3150,9,1500
BMW,M5 Sedan,2025,Midsize Cars,All-Wheel Drive,Premium and Electricity,Automatic (S8),8.0,4.4,12,17,14,285.0,9.533,5450,6,-5250
BMW,M5 Touring,2025,Midsize Station Wagons,All-Wheel Drive,Premium and Electricity,Automatic (S8),8.0,4.4,11,17,13,304.0,10.676,5850,6,-6250
BMW,750e xDrive Sedan,2025,Large Cars,All-Wheel Drive,Premium and Electricity,Automatic (S8),6.0,3.0,24,27,25,132.0,4.471,3050,9,1750
BMW,X5 xDrive50e,2025,Standard Sport Utility Vehicle 4WD,All-Wheel Drive,Premium and Electricity,Automatic (S8),6.0,3.0,22,23,22,130.0,4.451,3450,9,1000
BMW,XM Label,2025,Standard Sport Utility Vehicle 4WD,All-Wheel Drive,Premium and Electricity,Automatic (S8),8.0,4.4,12,17,14,255.0,8.734,5450,7,-5000
Hyundai,Tucson Plug-in Hybrid,2025,Small Sport Utility Vehicle 4WD,All-Wheel Drive,Regular Gas and Electricity,Automatic (AM-S6),4.0,1.6,35,35,35,103.0,3.45,1750,9,4500
Kia,Sorento Plug-in Hybrid,2025,Small Sport Utility Vehicle 4WD,All-Wheel Drive,Regular Gas and Electricity,Automatic (AM-S6),4.0,1.6,33,34,33,111.0,3.703,1850,9,4250
Lexus,TX 550h Plus AWD,2025,Standard Sport Utility Vehicle 4WD,All-Wheel Drive,Premium and Electricity,Automatic (AV-S6),6.0,3.5,29,28,29,120.0,4.053,2600,9,2750
Toyota,Prius PHEV,2025,Midsize Cars,Front-Wheel Drive,Regular Gas and Electricity,Automatic (variable gear ratios),4.0,2.0,50,47,48,60.0,2.041,1300,10,6750
Toyota,Prius PHEV SE,2025,Midsize Cars,Front-Wheel Drive,Regular Gas and Electricity,Automatic (variable gear ratios),4.0,2.0,53,51,52,50.0,1.719,1200,10,7250
Mercedes-Benz,AMG GT 63 S E Performance (coupe),2025,Two Seaters,All-Wheel Drive,Premium and Electricity,Automatic 9-spd,8.0,4.0,16,22,19,397.0,11.758,4000,5,-6000
Mercedes-Benz,AMG SL63 S E Performance,2025,Minicompact Cars,All-Wheel Drive,Premium and Electricity,Automatic 9-spd,8.0,4.0,16,22,18,379.0,12.407,4200,5,-6500
Mercedes-Benz,AMG C63 S E Performance,2025,Subcompact Cars,All-Wheel Drive,Premium and Electricity,Automatic 9-spd,4.0,2.0,19,22,20,362.0,11.513,3800,5,-5500
Mercedes-Benz,AMG E53 Hybrid 4matic Plus,2025,Midsize Cars,All-Wheel Drive,Premium and Electricity,Automatic 9-spd,6.0,3.0,21,26,23,117.0,3.988,3300,9,1500
Mercedes-Benz,AMG S63 E Performance,2025,Midsize Cars,All-Wheel Drive,Premium and Electricity,Automatic 9-spd,8.0,4.0,15,23,18,305.0,10.199,4200,6,-5000
Mercedes-Benz,S580e 4matic,2025,Large Cars,All-Wheel Drive,Premium and Electricity,Automatic 9-spd,6.0,3.0,20,29,23,106.0,3.571,3300,9,2250
Mercedes-Benz,AMG GLC63 S E Performance,2025,Small Station Wagons,All-Wheel Drive,Premium and Electricity,Automatic 9-spd,4.0,2.0,19,21,20,379.0,11.362,3800,5,-5250
Porsche,Cayenne e-Hybrid,2025,Standard Sport Utility Vehicle 4WD,All-Wheel Drive,Premium and Electricity,Automatic (S8),6.0,3.0,21,23,22,174.0,5.928,3450,8,-500
Porsche,Cayenne e-Hybrid Coupe,2025,Standard Sport Utility Vehicle 4WD,All-Wheel Drive,Premium and Electricity,Automatic (S8),6.0,3.0,21,23,22,174.0,5.928,3450,8,-500
Porsche,Cayenne S E-Hybrid,2025,Standard Sport Utility Vehicle 4WD,All-Wheel Drive,Premium and Electricity,Automatic (S8),6.0,3.0,21,23,22,187.0,6.235,3450,8,-1000
Porsche,Cayenne S E-Hybrid Coupe,2025,Standard Sport Utility Vehicle 4WD,All-Wheel Drive,Premium and Electricity,Automatic (S8),6.0,3.0,21,23,22,187.0,6.235,3450,8,-1000
Porsche,Cayenne Turbo E-Hybrid,2025,Standard Sport Utility Vehicle 4WD,All-Wheel Drive,Premium and Electricity,Automatic (S8),8.0,4.0,21,23,22,224.0,6.627,3450,7,-1500
Porsche,Cayenne Turbo E-Hybrid Coupe,2025,Standard Sport Utility Vehicle 4WD,All-Wheel Drive,Premium and Electricity,Automatic (S8),8.0,4.0,21,23,22,224.0,6.627,3450,7,-1500
Volvo,S90 T8 AWD,2025,Midsize Cars,All-Wheel Drive,Premium and Electricity,Automatic (S8),4.0,2.0,28,31,29,303.0,3.537,2600,9,2750
Mazda,CX-90 4WD,2024,Standard Sport Utility Vehicle 4WD,4-Wheel Drive,Premium and Electricity,Automatic (S8),4.0,2.5,24,27,25,168.0,5.538,3050,8,500
Chevrolet,Corvette ZR1,2025,Two Seaters,Rear-Wheel Drive,Premium,Automatic (S8),8.0,5.5,12,18,14,637.0,21.251,5450,2,-16250
Porsche,718 Spyder RS,2025,Two Seaters,Rear-Wheel Drive,Premium,Automatic (AM-S7),6.0,4.0,14,19,16,551.0,18.594,4750,3,-12750
Porsche,911 Carrera T,2025,Minicompact Cars,Rear-Wheel Drive,Premium,Manual 6-spd,6.0,3.0,17,25,20,448.0,14.876,3800,4,-8000
Porsche,911 Carrera T Cabriolet,2025,Minicompact Cars,Rear-Wheel Drive,Premium,Manual 6-spd,6.0,3.0,17,25,19,469.0,15.658,4000,4,-9000
Porsche,911 Carrera GTS Cabriolet,2025,Minicompact Cars,Rear-Wheel Drive,Premium,Automatic (AM-S8),6.0,3.6,17,23,19,459.0,15.658,4000,4,-9000
Porsche,911 Carrera 4 GTS,2025,Minicompact Cars,All-Wheel Drive,Premium,Automatic (AM-S8),6.0,3.6,17,23,19,461.0,15.658,4000,4,-9000
Porsche,911 Carrera 4 GTS Cabriolet,2025,Minicompact Cars,All-Wheel Drive,Premium,Automatic (AM-S8),6.0,3.6,17,23,19,468.0,15.658,4000,4,-9000
Porsche,911 Targa 4 GTS,2025,Minicompact Cars,All-Wheel Drive,Premium,Automatic (AM-S8),6.0,3.6,17,23,19,468.0,15.658,4000,4,-9000
Audi,A5 quattro,2025,Midsize Cars,All-Wheel Drive,Premium,Automatic (AM-S7),4.0,2.0,22,31,26,349.0,11.443,2900,5,-3500
Audi,S5,2025,Midsize Cars,All-Wheel Drive,Premium,Automatic (AM-S7),6.0,3.0,19,28,22,397.0,13.523,3450,5,-6250
Nissan,Kicks Play,2025,Midsize Cars,Front-Wheel Drive,Regular,Automatic (variable gear ratios),4.0,1.6,31,36,33,268.0,9.015,1850,6,1750
Porsche,Panamera GTS,2025,Large Cars,All-Wheel Drive,Premium,Automatic (AM-S8),8.0,4.0,16,24,18,495.0,16.528,4200,4,-10000
Acura,ADX AWD,2025,Small Station Wagons,All-Wheel Drive,Premium,Automatic (AV-S7),4.0,1.5,25,30,27,329.0,11.019,2800,5,-3000
Acura,ADX FWD,2025,Small Station Wagons,Front-Wheel Drive,Premium,Automatic (AV-S7),4.0,1.5,26,31,28,317.0,10.625,2700,6,-2500
Ford,Ranger 4WD,2025,Standard Pickup Trucks 4WD,Part-time 4-Wheel Drive,Regular,Automatic (S10),4.0,2.3,19,26,22,405.0,13.523,2800,5,-3000
Volkswagen,Tiguan,2025,Small Sport Utility Vehicle 2WD,Front-Wheel Drive,Regular,Automatic (S8),4.0,2.0,25,32,28,320.0,10.625,2200,6,0
Volkswagen,Tiguan S,2025,Small Sport Utility Vehicle 2WD,Front-Wheel Drive,Regular,Automatic (S8),4.0,2.0,26,34,29,307.0,10.259,2100,6,500
Audi,SQ5,2025,Small Sport Utility Vehicle 4WD,All-Wheel Drive,Premium,Automatic (AM-S7),6.0,3.0,19,26,22,404.0,13.523,3450,5,-6250
Audi,SQ5 Sportback,2025,Small Sport Utility Vehicle 4WD,All-Wheel Drive,Premium,Automatic (AM-S7),6.0,3.0,19,26,22,404.0,13.523,3450,5,-6250
Audi,Q5 TFSI quattro,2025,Small Sport Utility Vehicle 4WD,All-Wheel Drive,Premium,Automatic (AM-S7),4.0,2.0,22,30,25,358.0,11.9,3050,5,-4250
Audi,Q5 Sportback TFSI quattro,2025,Small Sport Utility Vehicle 4WD,All-Wheel Drive,Premium,Automatic (AM-S7),4.0,2.0,22,30,25,358.0,11.9,3050,5,-4250
Ford,Bronco 4WD,2025,Small Sport Utility Vehicle 4WD,Part-time 4-Wheel Drive,Regular,Automatic (S10),4.0,2.3,18,22,20,464.0,14.876,3100,4,-4500
Ford,Bronco 4WD,2025,Small Sport Utility Vehicle 4WD,Part-time 4-Wheel Drive,Regular,Automatic (S10),6.0,2.7,17,18,18,494.0,16.528,3400,4,-6000
Ford,Bronco 4WD,2025,Small Sport Utility Vehicle 4WD,Part-time 4-Wheel Drive,Regular,Manual 7-spd,4.0,2.3,18,21,19,468.0,15.658,3250,4,-5250
Ford,Bronco Badlands 4WD,2025,Small Sport Utility Vehicle 4WD,Part-time 4-Wheel Drive,Regular,Automatic (S10),4.0,2.3,17,19,18,517.0,16.528,3400,4,-6000
Ford,Bronco Sport Sasquatch 4WD,2025,Small Sport Utility Vehicle 4WD,4-Wheel Drive,Regular,Automatic 8-spd,3.0,1.5,23,26,24,370.0,12.396,2550,5,-1750
Ford,Bronco 4WD,2025,Small Sport Utility Vehicle 4WD,Part-time 4-Wheel Drive,Regular,Automatic (S10),6.0,2.7,17,18,18,506.0,16.528,3400,4,-6000
Porsche,Macan GTS,2025,Small Sport Utility Vehicle 4WD,All-Wheel Drive,Premium,Automatic (AM-S7),6.0,2.9,17,22,19,466.0,15.658,4000,4,-9000
Volkswagen,Tiguan 4motion,2025,Small Sport Utility Vehicle 4WD,All-Wheel Drive,Regular,Automatic (S8),4.0,2.0,22,30,25,351.0,11.9,2450,5,-1250
Chevrolet,Tahoe 2WD,2025,Standard Sport Utility Vehicle 2WD,Rear-Wheel Drive,Diesel,Automatic 10-spd,6.0,3.0,22,26,24,427.0,14.883,3300,4,-5500
Toyota,4Runner 4WD,2025,Standard Sport Utility Vehicle 4WD,Part-time 4-Wheel Drive,Regular,Automatic (S8),4.0,2.4,23,24,23,380.0,12.935,2650,5,-2250
Toyota,4Runner 4WD,2025,Standard Sport Utility Vehicle 4WD,4-Wheel Drive,Regular,Automatic (S8),4.0,2.4,23,24,23,380.0,12.935,2650,5,-2250
Toyota,Mirai XLE,2025,Compact Cars,Rear-Wheel Drive,Hydrogen,Automatic (variable gear ratios),,,76,71,74,0.0,1.955,0,10,11000
Hyundai,Nexo,2025,Small Sport Utility Vehicle 2WD,Front-Wheel Drive,Hydrogen,Automatic (A1),,,59,54,57,0.0,1.52,0,10,11000
Hyundai,Nexo Blue,2025,Small Sport Utility Vehicle 2WD,Front-Wheel Drive,Hydrogen,Automatic (A1),,,65,58,61,0.0,1.629,0,10,11000
Lotus,Emira,2025,Two Seaters,Rear-Wheel Drive,Regular,Manual 6-spd,6.0,3.5,16,24,19,460.0,15.658,3250,4,-5250
Lotus,Emira,2025,Two Seaters,Rear-Wheel Drive,Regular,Automatic (S6),6.0,3.5,18,26,21,413.0,14.167,2950,4,-3750
Maserati,GT2 Stradale,2025,Two Seaters,Rear-Wheel Drive,Premium,Automatic (S8),6.0,3.0,15,25,18,474.0,16.528,4200,4,-10000
Porsche,911 Carrera S,2025,Minicompact Cars,Rear-Wheel Drive,Premium,Automatic (AM-S8),6.0,3.0,17,24,20,432.0,14.876,3800,4,-8000
Porsche,911 Carrera S Cabriolet,2025,Minicompact Cars,Rear-Wheel Drive,Premium,Automatic (AM-S8),6.0,3.0,17,24,20,436.0,14.876,3800,4,-8000
Porsche,911 Carrera GTS,2025,Minicompact Cars,Rear-Wheel Drive,Premium,Automatic (AM-S8),6.0,3.6,17,24,20,440.0,14.876,3800,4,-8000
Audi,RS 3,2025,Subcompact Cars,All-Wheel Drive,Premium,Automatic (AM-S7),5.0,2.5,20,29,23,385.0,12.935,3300,5,-5500
Maserati,Granturismo,2025,Subcompact Cars,All-Wheel Drive,Premium,Automatic 8-spd,6.0,3.0,18,27,21,412.0,14.167,3600,4,-7000
Maserati,Grancabrio,2025,Subcompact Cars,All-Wheel Drive,Premium,Automatic 8-spd,6.0,3.0,17,26,20,430.0,14.876,3800,4,-8000
Toyota,Corolla Hybrid,2025,Compact Cars,Front-Wheel Drive,Regular,Automatic (variable gear ratios),4.0,1.8,53,46,50,173.0,5.95,1250,8,4750
Toyota,Corolla Hybrid AWD,2025,Compact Cars,All-Wheel Drive,Regular,Automatic (variable gear ratios),4.0,1.8,51,44,48,179.0,6.198,1300,8,4500
Lexus,LS 500h AWD,2025,Midsize Cars,All-Wheel Drive,Premium,Automatic (AV-S10),6.0,3.5,22,29,25,353.0,11.9,3050,5,-4250
Ford,Ranger 4WD,2025,Standard Pickup Trucks 4WD,Part-time 4-Wheel Drive,Regular,Automatic (S10),6.0,2.7,19,23,20,431.0,14.876,3100,4,-4500
Ford,F150 Pickup 4WD,2025,Standard Pickup Trucks 4WD,Part-time 4-Wheel Drive,Regular,Automatic (S10),6.0,2.7,18,23,20,437.0,14.876,3100,4,-4500
Ford,F150 RAPTOR R 4WD,2025,Standard Pickup Trucks 4WD,Part-time 4-Wheel Drive,Premium,Automatic (S10),8.0,5.2,10,15,12,741.0,24.792,6350,1,-20750
Mercedes-Benz,GLC300,2025,Small Sport Utility Vehicle 2WD,Rear-Wheel Drive,Premium,Automatic 9-spd,4.0,2.0,24,32,27,323.0,11.019,2800,5,-3000
Ford,Bronco Sasquatch 4WD,2025,Small Sport Utility Vehicle 4WD,Part-time 4-Wheel Drive,Regular,Automatic (S10),4.0,2.3,17,19,18,464.0,16.528,3400,4,-6000
Ford,Bronco Sasquatch 4WD,2025,Small Sport Utility Vehicle 4WD,Part-time 4-Wheel Drive,Regular,Manual 7-spd,4.0,2.3,17,19,18,468.0,16.528,3400,4,-6000
Ford,Bronco Badlands 4WD,2025,Small Sport Utility Vehicle 4WD,Part-time 4-Wheel Drive,Regular,Manual 7-spd,4.0,2.3,17,18,17,526.0,17.501,3600,3,-7000
Maserati,Grecale,2025,Small Sport Utility Vehicle 4WD,All-Wheel Drive,Premium,Automatic 8-spd,4.0,2.0,22,28,24,365.0,12.396,3150,5,-4750
Lexus,RX 450h Plus AWD,2025,Small Sport Utility Vehicle 4WD,All-Wheel Drive,Premium and Electricity,Automatic (AV-S6),4.0,2.5,36,33,35,89.0,3.068,2150,9,4250
Toyota,RAV4 PHEV AWD,2025,Small Sport Utility Vehicle 4WD,All-Wheel Drive,Regular Gas and Electricity,Automatic (AV-S6),4.0,2.5,40,36,38,72.0,2.487,1600,10,5750
Mercedes-Benz,AMG GT 63 S E Performance,2025,Compact Cars,All-Wheel Drive,Premium and Electricity,Automatic 9-spd,8.0,4.0,16,19,18,421.0,12.842,4200,4,-7500
Mercedes-Benz,AMG GLC63 S E Performance (coupe),2025,Small Station Wagons,All-Wheel Drive,Premium and Electricity,Automatic 9-spd,4.0,2.0,19,21,20,379.0,11.362,3800,5,-5250
Porsche,Panamera 4 e-Hybrid,2025,Large Cars,All-Wheel Drive,Premium and Electricity,Automatic (AM-S8),8.0,2.9,21,24,21,185.0,5.94,3600,8,-250
Porsche,Panamera 4S E-Hybrid,2025,Large Cars,All-Wheel Drive,Premium and Electricity,Automatic (AM-S8),8.0,2.9,20,23,21,187.0,6.276,3600,8,-750
Aston Martin,Vanquish,2026,Two Seaters,Rear-Wheel Drive,Premium,Automatic 8-spd,12.0,5.2,13,21,16,563.0,18.594,4750,3,-12750
Aston Martin,Vanquish Volante,2026,Two Seaters,Rear-Wheel Drive,Premium,Automatic 8-spd,12.0,5.2,13,20,16,567.0,18.594,4750,3,-12750
BMW,Z4 sDrive30i,2026,Two Seaters,Rear-Wheel Drive,Premium,Automatic (S8),4.0,2.0,25,33,28,312.0,10.625,2700,5,-2500
BMW,Z4 M40i,2026,Two Seaters,Rear-Wheel Drive,Premium,Automatic (S8),6.0,3.0,23,29,25,346.0,11.9,3050,5,-4250
BMW,Z4 M40i,2026,Two Seaters,Rear-Wheel Drive,Premium,Manual 6-spd,6.0,3.0,19,26,22,407.0,13.523,3450,4,-6250
Chevrolet,Corvette,2026,Two Seaters,Rear-Wheel Drive,Premium,Automatic (S8),8.0,6.2,16,25,19,474.0,15.658,4000,4,-9000
Chevrolet,Corvette ZR1,2026,Two Seaters,Rear-Wheel Drive,Premium,Automatic (S8),8.0,5.5,12,18,14,629.0,21.251,5450,2,-16250
Chevrolet,Corvette Z06,2026,Two Seaters,Rear-Wheel Drive,Premium,Automatic (S8),8.0,5.5,12,21,15,597.0,19.834,5050,2,-14250
Chevrolet,Corvette Z06 Carbon Aero,2026,Two Seaters,Rear-Wheel Drive,Premium,Automatic (S8),8.0,5.5,12,19,14,631.0,21.251,5450,2,-16250
Mercedes-Benz,AMG GT 55 4matic Plus (coupe),2026,Two Seaters,All-Wheel Drive,Premium,Automatic 9-spd,8.0,4.0,14,20,16,558.0,18.594,4750,3,-12750
Mercedes-Benz,AMG GT 63 4matic Plus (coupe),2026,Two Seaters,All-Wheel Drive,Premium,Automatic 9-spd,8.0,4.0,14,20,16,558.0,18.594,4750,3,-12750
Mercedes-Benz,AMG GT 63 PRO 4matic Plus (coupe),2026,Two Seaters,All-Wheel Drive,Premium,Automatic 9-spd,8.0,4.0,14,20,16,558.0,18.594,4750,3,-12750
Toyota,GR Supra,2026,Two Seaters,Rear-Wheel Drive,Premium,Automatic (S8),4.0,2.0,25,31,27,322.0,11.019,2800,5,-3000
Toyota,GR Supra,2026,Two Seaters,Rear-Wheel Drive,Premium,Automatic (S8),6.0,3.0,22,29,25,349.0,11.9,3050,5,-4250
Toyota,GR Supra,2026,Two Seaters,Rear-Wheel Drive,Premium,Manual 6-spd,6.0,3.0,19,26,21,408.0,14.167,3600,4,-7000
Lexus,LC 500 Convertible,2026,Minicompact Cars,Rear-Wheel Drive,Premium,Automatic (S10),8.0,5.0,15,25,18,489.0,16.528,4200,3,-10000
Mercedes-Benz,AMG SL43,2026,Minicompact Cars,Rear-Wheel Drive,Premium,Automatic 9-spd,4.0,2.0,19,27,22,400.0,13.523,3450,4,-6250
Mercedes-Benz,SL680 Maybach,2026,Minicompact Cars,All-Wheel Drive,Premium,Automatic 9-spd,8.0,4.0,13,20,16,558.0,18.594,4750,3,-12750
Mercedes-Benz,AMG SL63 4matic Plus,2026,Minicompact Cars,All-Wheel Drive,Premium,Automatic 9-spd,8.0,4.0,14,21,16,552.0,18.594,4750,3,-12750
Mercedes-Benz,AMG SL55 4matic Plus,2026,Minicompact Cars,All-Wheel Drive,Premium,Automatic 9-spd,8.0,4.0,14,21,16,552.0,18.594,4750,3,-12750
MINI,Cooper C Convertible,2026,Minicompact Cars,Front-Wheel Drive,Premium,Automatic (AM-S7),4.0,2.0,27,37,30,287.0,9.917,2550,6,-1750
MINI,Cooper S Convertible,2026,Minicompact Cars,Front-Wheel Drive,Premium,Automatic (AM-S7),4.0,2.0,26,36,30,292.0,9.917,2550,6,-1750
MINI,JCW Convertible,2026,Minicompact Cars,Front-Wheel Drive,Premium,Automatic (AM-S7),4.0,2.0,26,35,30,296.0,9.917,2550,6,-1750
Porsche,911 Carrera,2026,Minicompact Cars,Rear-Wheel Drive,Premium,Automatic (AM-S8),6.0,3.0,18,25,21,424.0,14.167,3600,4,-7000
Porsche,911 Carrera Cabriolet,2026,Minicompact Cars,Rear-Wheel Drive,Premium,Automatic (AM-S8),6.0,3.0,18,25,21,429.0,14.167,3600,4,-7000
Porsche,911 Carrera S,2026,Minicompact Cars,Rear-Wheel Drive,Premium,Automatic (AM-S8),6.0,3.0,17,24,20,445.0,14.876,3800,4,-8000
Porsche,911 Carrera S Cabriolet,2026,Minicompact Cars,Rear-Wheel Drive,Premium,Automatic (AM-S8),6.0,3.0,17,24,20,455.0,14.876,3800,4,-8000
Porsche,911 Carrera T,2026,Minicompact Cars,Rear-Wheel Drive,Premium,Manual 6-spd,6.0,3.0,17,25,20,448.0,14.876,3800,4,-8000
Porsche,911 Carrera T Cabriolet,2026,Minicompact Cars,Rear-Wheel Drive,Premium,Manual 6-spd,6.0,3.0,17,25,19,469.0,15.658,4000,4,-9000
BMW,230i Coupe,2026,Subcompact Cars,Rear-Wheel Drive,Premium,Automatic (S8),4.0,2.0,26,35,30,296.0,9.917,2550,6,-1750
BMW,230i xDrive Coupe,2026,Subcompact Cars,All-Wheel Drive,Premium,Automatic (S8),4.0,2.0,25,33,28,313.0,10.625,2700,5,-2500
BMW,M240i Coupe,2026,Subcompact Cars,Rear-Wheel Drive,Premium,Automatic (S8),6.0,3.0,23,32,26,339.0,11.443,2900,5,-3500
BMW,M240i xDrive Coupe,2026,Subcompact Cars,All-Wheel Drive,Premium,Automatic (S8),6.0,3.0,23,32,26,336.0,11.443,2900,5,-3500
BMW,M2 Coupe,2026,Subcompact Cars,Rear-Wheel Drive,Premium,Manual 6-spd,6.0,3.0,16,23,19,473.0,15.658,4000,4,-9000
BMW,M2 Coupe,2026,Subcompact Cars,Rear-Wheel Drive,Premium,Automatic (S8),6.0,3.0,16,23,19,466.0,15.658,4000,4,-9000
BMW,M2 Coupe CS,2026,Subcompact Cars,Rear-Wheel Drive,Premium,Automatic (S8),6.0,3.0,16,23,19,475.0,15.658,4000,4,-9000
BMW,430i Coupe,2026,Subcompact Cars,Rear-Wheel Drive,Premium,Automatic (S8),4.0,2.0,28,36,31,285.0,9.597,2450,6,-1250
BMW,430i xDrive Coupe,2026,Subcompact Cars,All-Wheel Drive,Premium,Automatic (S8),4.0,2.0,27,34,30,294.0,9.917,2550,6,-1750
BMW,430i Convertible,2026,Subcompact Cars,Rear-Wheel Drive,Premium,Automatic (S8),4.0,2.0,27,35,30,295.0,9.917,2550,6,-1750
BMW,430i xDrive Convertible,2026,Subcompact Cars,All-Wheel Drive,Premium,Automatic (S8),4.0,2.0,24,33,28,316.0,10.625,2700,5,-2500
BMW,M440i Coupe,2026,Subcompact Cars,Rear-Wheel Drive,Premium,Automatic (S8),6.0,3.0,27,34,30,296.0,9.917,2550,6,-1750
BMW,M440i xDrive Coupe,2026,Subcompact Cars,All-Wheel Drive,Premium,Automatic (S8),6.0,3.0,26,33,29,301.0,10.259,2600,6,-2000
BMW,M440i Convertible,2026,Subcompact Cars,Rear-Wheel Drive,Premium,Automatic (S8),6.0,3.0,27,33,29,300.0,10.259,2600,6,-2000
BMW,M440i xDrive Convertible,2026,Subcompact Cars,All-Wheel Drive,Premium,Automatic (S8),6.0,3.0,25,32,28,312.0,10.625,2700,5,-2500
BMW,M4 Coupe,2026,Subcompact Cars,Rear-Wheel Drive,Premium,Manual 6-spd,6.0,3.0,16,23,19,472.0,15.658,4000,4,-9000
BMW,M4 Competition Coupe,2026,Subcompact Cars,Rear-Wheel Drive,Premium,Automatic (S8),6.0,3.0,16,23,19,470.0,15.658,4000,4,-9000
BMW,M4 Competition M xDrive Coupe,2026,Subcompact Cars,All-Wheel Drive,Premium,Automatic (S8),6.0,3.0,16,23,18,472.0,16.528,4200,3,-10000
BMW,M4 Competition M xDrive Convertible,2026,Subcompact Cars,All-Wheel Drive,Premium,Automatic (S8),6.0,3.0,16,22,18,479.0,16.528,4200,3,-10000
BMW,840i Coupe,2026,Subcompact Cars,Rear-Wheel Drive,Premium,Automatic (S8),6.0,3.0,21,29,24,368.0,12.396,3150,5,-4750
BMW,840i xDrive Coupe,2026,Subcompact Cars,All-Wheel Drive,Premium,Automatic (S8),6.0,3.0,21,29,24,373.0,12.396,3150,5,-4750
BMW,840i Convertible,2026,Subcompact Cars,Rear-Wheel Drive,Premium,Automatic (S8),6.0,3.0,21,29,24,368.0,12.396,3150,5,-4750
BMW,840i xDrive Convertible,2026,Subcompact Cars,All-Wheel Drive,Premium,Automatic (S8),6.0,3.0,21,29,24,373.0,12.396,3150,5,-4750
BMW,M850i xDrive Coupe,2026,Subcompact Cars,All-Wheel Drive,Premium,Automatic (S8),8.0,4.4,17,24,19,456.0,15.658,4000,4,-9000
BMW,M850i xDrive Convertible,2026,Subcompact Cars,All-Wheel Drive,Premium,Automatic (S8),8.0,4.4,17,24,19,456.0,15.658,4000,4,-9000
Lexus,LC 500,2026,Subcompact Cars,Rear-Wheel Drive,Premium,Automatic (S10),8.0,5.0,16,24,18,481.0,16.528,4200,3,-10000
Mercedes-Benz,CLE300 4matic (Convertible),2026,Subcompact Cars,All-Wheel Drive,Premium,Automatic 9-spd,4.0,2.0,23,32,26,340.0,11.443,2900,5,-3500
Mercedes-Benz,CLE300 4matic (Coupe),2026,Subcompact Cars,All-Wheel Drive,Premium,Automatic 9-spd,4.0,2.0,24,33,27,323.0,11.019,2800,5,-3000
Mercedes-Benz,CLE450 4matic (Convertible),2026,Subcompact Cars,All-Wheel Drive,Premium,Automatic 9-spd,6.0,3.0,23,32,26,338.0,11.443,2900,5,-3500
Mercedes-Benz,CLE450 4matic (Coupe),2026,Subcompact Cars,All-Wheel Drive,Premium,Automatic 9-spd,6.0,3.0,23,33,26,339.0,11.443,2900,5,-3500
Mercedes-Benz,AMG CLE53 4matic Plus (convertible),2026,Subcompact Cars,All-Wheel Drive,Premium,Automatic 9-spd,6.0,3.0,19,26,22,408.0,13.523,3450,4,-6250
Mercedes-Benz,AMG CLE53 4matic Plus (coupe),2026,Subcompact Cars,All-Wheel Drive,Premium,Automatic 9-spd,6.0,3.0,20,27,23,391.0,12.935,3300,5,-5500
Mercedes-Benz,AMG GT 43 (coupe),2026,Subcompact Cars,Rear-Wheel Drive,Premium,Automatic 9-spd,4.0,2.0,19,27,22,405.0,13.523,3450,4,-6250
MINI,Cooper C 2 Door,2026,Subcompact Cars,Front-Wheel Drive,Premium,Automatic (AM-S7),4.0,2.0,27,39,32,278.0,9.297,2400,6,-1000
MINI,Cooper S 2 Door,2026,Subcompact Cars,Front-Wheel Drive,Premium,Automatic (AM-S7),4.0,2.0,28,39,32,275.0,9.297,2400,6,-1000
MINI,JCW 2 Door,2026,Subcompact Cars,Front-Wheel Drive,Premium,Automatic (AM-S7),4.0,2.0,27,37,30,288.0,9.917,2550,6,-1750
BMW,228 xDrive Gran Coupe,2026,Compact Cars,All-Wheel Drive,Premium,Automatic (AM-S7),4.0,2.0,26,38,30,288.0,9.917,2550,6,-1750
BMW,228 Gran Coupe,2026,Compact Cars,Front-Wheel Drive,Premium,Automatic (AM-S7),4.0,2.0,27,39,31,279.0,9.597,2450,6,-1250
BMW,M235 xDrive Gran Coupe,2026,Compact Cars,All-Wheel Drive,Premium,Automatic (AM-S7),4.0,2.0,24,33,27,321.0,11.019,2800,5,-3000
BMW,330i Sedan,2026,Compact Cars,Rear-Wheel Drive,Premium,Automatic (S8),4.0,2.0,28,35,31,286.0,9.597,2450,6,-1250
BMW,330i xDrive Sedan,2026,Compact Cars,All-Wheel Drive,Premium,Automatic (S8),4.0,2.0,26,34,29,298.0,10.259,2600,6,-2000
BMW,M340i Sedan,2026,Compact Cars,Rear-Wheel Drive,Premium,Automatic (S8),6.0,3.0,27,33,29,299.0,10.259,2600,6,-2000
BMW,M340i xDrive Sedan,2026,Compact Cars,All-Wheel Drive,Premium,Automatic (S8),6.0,3.0,26,33,29,304.0,10.259,2600,6,-2000
BMW,M3 Sedan,2026,Compact Cars,Rear-Wheel Drive,Premium,Manual 6-spd,6.0,3.0,16,23,19,472.0,15.658,4000,4,-9000
BMW,M3 Competition Sedan,2026,Compact Cars,Rear-Wheel Drive,Premium,Automatic (S8),6.0,3.0,16,23,19,470.0,15.658,4000,4,-9000
BMW,M3 Competition M xDrive Sedan,2026,Compact Cars,All-Wheel Drive,Premium,Automatic (S8),6.0,3.0,16,23,18,477.0,16.528,4200,3,-10000
BMW,430i Gran Coupe,2026,Compact Cars,Rear-Wheel Drive,Premium,Automatic (S8),4.0,2.0,27,35,30,290.0,9.917,2550,6,-1750
BMW,430i xDrive Gran Coupe,2026,Compact Cars,All-Wheel Drive,Premium,Automatic (S8),4.0,2.0,25,34,29,305.0,10.259,2600,6,-2000
BMW,M440i Gran Coupe,2026,Compact Cars,Rear-Wheel Drive,Premium,Automatic (S8),6.0,3.0,26,32,28,312.0,10.625,2700,5,-2500
BMW,M440i xDrive Gran Coupe,2026,Compact Cars,All-Wheel Drive,Premium,Automatic (S8),6.0,3.0,25,31,27,320.0,11.019,2800,5,-3000
Cadillac,CT4,2026,Compact Cars,Rear-Wheel Drive,Premium,Automatic (S10),4.0,2.7,21,31,25,356.0,11.9,3050,5,-4250
Cadillac,CT4 V,2026,Compact Cars,Rear-Wheel Drive,Premium,Automatic (S10),4.0,2.7,20,29,23,383.0,12.935,3300,5,-5500
Cadillac,CT4 AWD,2026,Compact Cars,All-Wheel Drive,Premium,Automatic (S10),4.0,2.7,21,29,24,371.0,12.396,3150,5,-4750
Cadillac,CT4 V AWD,2026,Compact Cars,All-Wheel Drive,Premium,Automatic (S10),4.0,2.7,20,28,23,387.0,12.935,3300,5,-5500
Cadillac,CT4 V,2026,Compact Cars,Rear-Wheel Drive,Premium,Automatic (S10),6.0,3.6,16,24,19,478.0,15.658,4000,4,-9000
Cadillac,CT4 V,2026,Compact Cars,Rear-Wheel Drive,Premium,Manual 6-spd,6.0,3.6,15,23,18,493.0,16.528,4200,3,-10000
Cadillac,CT4,2026,Compact Cars,Rear-Wheel Drive,Premium,Automatic (S8),4.0,2.0,22,32,26,345.0,11.443,2900,5,-3500
Cadillac,CT4 AWD,2026,Compact Cars,All-Wheel Drive,Premium,Automatic (S8),4.0,2.0,21,31,25,357.0,11.9,3050,5,-4250
Genesis,G70 AWD,2026,Compact Cars,All-Wheel Drive,Premium,Automatic (S8),6.0,3.3,17,23,19,466.0,15.658,4000,4,-9000
Genesis,G70 RWD,2026,Compact Cars,Rear-Wheel Drive,Premium,Automatic (S8),6.0,3.3,17,25,20,449.0,14.876,3800,4,-8000
Genesis,G70 AWD,2026,Compact Cars,All-Wheel Drive,Premium,Automatic (S8),4.0,2.5,20,28,23,385.0,12.935,3300,5,-5500
Genesis,G70 RWD,2026,Compact Cars,Rear-Wheel Drive,Premium,Automatic (S8),4.0,2.5,21,29,24,373.0,12.396,3150,5,-4750
Mazda,3 4-Door 2WD,2026,Compact Cars,Front-Wheel Drive,Regular,Automatic (S6),4.0,2.5,27,36,30,294.0,9.917,2050,6,750
Mazda,3 4-Door 4WD,2026,Compact Cars,4-Wheel Drive,Regular,Automatic (S6),4.0,2.5,26,34,29,306.0,10.259,2100,6,500
Mazda,3 4-Door 4WD,2026,Compact Cars,4-Wheel Drive,Regular,Automatic (S6),4.0,2.5,23,32,27,334.0,11.019,2300,5,-500
Mercedes-Benz,C300,2026,Compact Cars,Rear-Wheel Drive,Premium,Automatic 9-spd,4.0,2.0,25,35,29,307.0,10.259,2600,6,-2000
Mercedes-Benz,C300 4matic,2026,Compact Cars,All-Wheel Drive,Premium,Automatic 9-spd,4.0,2.0,24,33,27,329.0,11.019,2800,5,-3000
Mercedes-Benz,AMG CLA45 S 4matic,2026,Compact Cars,All-Wheel Drive,Premium,Automatic (AM8),4.0,2.0,20,28,23,379.0,12.935,3300,5,-5500
Mercedes-Benz,CLA250 4matic,2026,Compact Cars,All-Wheel Drive,Premium,Automatic (AM8),4.0,2.0,25,34,29,311.0,10.259,2600,6,-2000
Mercedes-Benz,CLA250,2026,Compact Cars,Front-Wheel Drive,Premium,Automatic (AM8),4.0,2.0,26,36,30,298.0,9.917,2550,6,-1750
Mercedes-Benz,AMG C43 4matic,2026,Compact Cars,All-Wheel Drive,Premium,Automatic 9-spd,4.0,2.0,19,27,22,405.0,13.523,3450,4,-6250
Mini,Cooper C 4 Door,2026,Compact Cars,Front-Wheel Drive,Premium,Automatic (AM-S7),4.0,2.0,28,39,32,276.0,9.297,2400,6,-1000
MINI,Cooper S 4 Door,2026,Compact Cars,Front-Wheel Drive,Premium,Automatic (AM-S7),4.0,2.0,28,39,32,273.0,9.297,2400,6,-1000
Volkswagen,GLI,2026,Compact Cars,Front-Wheel Drive,Regular,Automatic (AM-S7),4.0,2.0,26,35,29,307.0,10.259,2100,6,500
Volkswagen,GLI,2026,Compact Cars,Front-Wheel Drive,Regular,Manual 6-spd,4.0,2.0,26,36,29,306.0,10.259,2100,6,500
Volkswagen,Jetta,2026,Compact Cars,Front-Wheel Drive,Regular,Automatic (S8),4.0,1.5,29,40,34,265.0,8.75,1800,6,2000
Volkswagen,Jetta Sport/SE/SEL,2026,Compact Cars,Front-Wheel Drive,Regular,Automatic (S8),4.0,1.5,29,40,33,271.0,9.015,1850,6,1750
Audi,RS 7,2026,Midsize Cars,All-Wheel Drive,Premium,Automatic (S8),8.0,4.0,14,21,16,545.0,18.594,4750,3,-12750
BMW,530i Sedan,2026,Midsize Cars,Rear-Wheel Drive,Premium,Automatic (S8),4.0,2.0,28,35,31,285.0,9.597,2450,6,-1250
BMW,530i xDrive Sedan,2026,Midsize Cars,All-Wheel Drive,Premium,Automatic (S8),4.0,2.0,27,35,30,292.0,9.917,2550,6,-1750
BMW,540i xDrive Sedan,2026,Midsize Cars,All-Wheel Drive,Premium,Automatic (S8),6.0,3.0,26,32,28,308.0,10.625,2700,5,-2500
BMW,840i Gran Coupe,2026,Midsize Cars,Rear-Wheel Drive,Premium,Automatic (S8),6.0,3.0,21,29,24,368.0,12.396,3150,5,-4750
BMW,840i xDrive Gran Coupe,2026,Midsize Cars,All-Wheel Drive,Premium,Automatic (S8),6.0,3.0,21,29,24,373.0,12.396,3150,5,-4750
BMW,M850i xDrive Gran Coupe,2026,Midsize Cars,All-Wheel Drive,Premium,Automatic (S8),8.0,4.4,17,24,19,456.0,15.658,4000,4,-9000
Cadillac,CT5,2026,Midsize Cars,Rear-Wheel Drive,Premium,Automatic (S10),6.0,3.0,19,28,22,399.0,13.523,3450,4,-6250
Cadillac,CT5 V,2026,Midsize Cars,Rear-Wheel Drive,Premium,Automatic (S10),6.0,3.0,18,27,21,423.0,14.167,3600,4,-7000
Cadillac,CT5 AWD,2026,Midsize Cars,All-Wheel Drive,Premium,Automatic (S10),6.0,3.0,18,27,21,418.0,14.167,3600,4,-7000
Cadillac,CT5 V AWD,2026,Midsize Cars,All-Wheel Drive,Premium,Automatic (S10),6.0,3.0,17,26,20,445.0,14.876,3800,4,-8000
Cadillac,CT5 V,2026,Midsize Cars,Rear-Wheel Drive,Premium,Automatic (S10),8.0,6.2,13,20,15,580.0,19.834,5050,2,-14250
Cadillac,CT5 V,2026,Midsize Cars,Rear-Wheel Drive,Premium,Manual 6-spd,8.0,6.2,13,20,15,587.0,19.834,5050,2,-14250
Cadillac,CT5,2026,Midsize Cars,Rear-Wheel Drive,Premium,Automatic (S10),4.0,2.0,22,31,26,346.0,11.443,2900,5,-3500
Cadillac,CT5 AWD,2026,Midsize Cars,All-Wheel Drive,Premium,Automatic (S10),4.0,2.0,21,30,24,370.0,12.396,3150,5,-4750
Honda,Civic 4Dr,2026,Midsize Cars,Front-Wheel Drive,Premium,Manual 6-spd,4.0,1.5,27,37,31,285.0,9.597,2450,6,-1250
Honda,Civic 4Dr,2026,Midsize Cars,Front-Wheel Drive,Regular,Automatic (variable gear ratios),4.0,2.0,32,41,36,248.0,8.264,1700,7,2500
Honda,Civic 4Dr,2026,Midsize Cars,Front-Wheel Drive,Regular,Automatic (AV-S7),4.0,2.0,31,39,34,260.0,8.75,1800,6,2000
Honda,Civic 4Dr,2026,Midsize Cars,Front-Wheel Drive,Regular,Automatic (variable gear ratios),4.0,2.0,50,47,49,181.0,6.072,1250,8,4750
Mazda,3 5-Door 2WD,2026,Midsize Cars,Front-Wheel Drive,Regular,Manual 6-spd,4.0,2.5,25,34,28,314.0,10.625,2200,5,0
Mazda,3 5-Door 2WD,2026,Midsize Cars,Front-Wheel Drive,Regular,Automatic (S6),4.0,2.5,26,34,29,302.0,10.259,2100,6,500
Mazda,3 5-Door 4WD,2026,Midsize Cars,4-Wheel Drive,Regular,Automatic (S6),4.0,2.5,25,34,28,317.0,10.625,2200,5,0
Mazda,3 5-Door 4WD,2026,Midsize Cars,4-Wheel Drive,Regular,Automatic (S6),4.0,2.5,23,31,26,337.0,11.443,2350,5,-750
Mercedes-Benz,E350,2026,Midsize Cars,Rear-Wheel Drive,Premium,Automatic 9-spd,4.0,2.0,25,33,28,316.0,10.625,2700,5,-2500
Mercedes-Benz,E450 4matic,2026,Midsize Cars,All-Wheel Drive,Premium,Automatic 9-spd,6.0,3.0,22,31,25,355.0,11.9,3050,5,-4250
Mercedes-Benz,E350 4matic,2026,Midsize Cars,All-Wheel Drive,Premium,Automatic 9-spd,4.0,2.0,24,33,27,327.0,11.019,2800,5,-3000
Toyota,Crown Hybrid AWD,2026,Midsize Cars,All-Wheel Drive,Regular,Automatic (variable gear ratios),4.0,2.5,42,41,41,214.0,7.256,1500,7,3500
Toyota,Prius AWD,2026,Midsize Cars,All-Wheel Drive,Regular,Automatic (variable gear ratios),4.0,2.0,53,54,54,163.0,5.509,1150,8,5250
Toyota,Prius AWD XLE/LTD,2026,Midsize Cars,All-Wheel Drive,Regular,Automatic (variable gear ratios),4.0,2.0,49,50,49,179.0,6.072,1250,8,4750
Toyota,Prius XLE/LTD,2026,Midsize Cars,Front-Wheel Drive,Regular,Automatic (variable gear ratios),4.0,2.0,52,52,52,169.0,5.721,1200,8,5000
Toyota,Prius,2026,Midsize Cars,Front-Wheel Drive,Regular,Automatic (variable gear ratios),4.0,2.0,57,56,57,155.0,5.219,1100,8,5500
Volkswagen,Golf R,2026,Midsize Cars,All-Wheel Drive,Premium,Automatic (AM-S7),4.0,2.0,22,31,25,349.0,11.9,3050,5,-4250
Volkswagen,GTI,2026,Midsize Cars,Front-Wheel Drive,Regular,Automatic (AM-S7),4.0,2.0,24,32,27,326.0,11.019,2300,5,-500
Volvo,S90 B5,2026,Midsize Cars,Front-Wheel Drive,Premium,Automatic (S8),4.0,2.0,24,34,28,318.0,10.625,2700,5,-2500
Acura,Integra,2026,Large Cars,Front-Wheel Drive,Premium,Automatic (AV-S7),4.0,1.5,29,37,32,278.0,9.297,2400,6,-1000
Acura,Integra A-Spec,2026,Large Cars,Front-Wheel Drive,Premium,Automatic (AV-S7),4.0,1.5,29,37,32,277.0,9.297,2400,6,-1000
Acura,Integra A-Spec,2026,Large Cars,Front-Wheel Drive,Premium,Manual 6-spd,4.0,1.5,26,36,30,293.0,9.917,2550,6,-1750
Acura,Integra,2026,Large Cars,Front-Wheel Drive,Premium,Manual 6-spd,4.0,2.0,21,28,24,371.0,12.396,3150,5,-4750
BMW,740i Sedan,2026,Large Cars,Rear-Wheel Drive,Premium,Automatic (S8),6.0,3.0,25,31,28,317.0,10.625,2700,5,-2500
BMW,740i xDrive Sedan,2026,Large Cars,All-Wheel Drive,Premium,Automatic (S8),6.0,3.0,24,31,27,326.0,11.019,2800,5,-3000
BMW,760i xDrive Sedan,2026,Large Cars,All-Wheel Drive,Premium,Automatic (S8),8.0,4.4,18,25,20,427.0,14.876,3800,4,-8000
Genesis,G80 AWD,2026,Large Cars,All-Wheel Drive,Premium,Automatic (S8),4.0,2.5,20,29,23,382.0,12.935,3300,5,-5500
Genesis,G80 AWD,2026,Large Cars,All-Wheel Drive,Premium,Automatic (S8),6.0,3.5,15,24,18,485.0,16.528,4200,3,-10000
Genesis,G90 AWD,2026,Large Cars,All-Wheel Drive,Premium,Automatic (S8),6.0,3.5,18,26,21,426.0,14.167,3600,4,-7000
Honda,Civic 5Dr,2026,Large Cars,Front-Wheel Drive,Regular,Automatic (AV-S7),4.0,2.0,30,38,34,268.0,8.75,1800,6,2000
Honda,Civic 5Dr,2026,Large Cars,Front-Wheel Drive,Regular,Automatic (variable gear ratios),4.0,2.0,50,45,48,186.0,6.198,1300,8,4500
Hyundai,Sonata AWD,2026,Large Cars,All-Wheel Drive,Regular,Automatic (S8),4.0,2.5,24,33,27,327.0,11.019,2300,5,-500
Hyundai,Sonata FWD,2026,Large Cars,Front-Wheel Drive,Regular,Automatic (S8),4.0,2.5,25,36,29,310.0,10.259,2100,6,500
Hyundai,Sonata FWD w/Stop-Start,2026,Large Cars,Front-Wheel Drive,Regular,Automatic (S8),4.0,2.5,28,38,32,281.0,9.297,1900,6,1500
Hyundai,Sonata FWD,2026,Large Cars,Front-Wheel Drive,Regular,Automatic (AM-S8),4.0,2.5,23,32,27,333.0,11.019,2300,5,-500
Hyundai,Sonata Hybrid,2026,Large Cars,Front-Wheel Drive,Regular,Automatic (AM-S6),4.0,2.0,44,51,47,188.0,6.33,1300,8,4500
Hyundai,Sonata Hybrid Blue,2026,Large Cars,Front-Wheel Drive,Regular,Automatic (AM-S6),4.0,2.0,47,56,51,175.0,5.834,1200,8,5000
Kia,K5 AWD,2026,Large Cars,All-Wheel Drive,Regular,Automatic (S8),4.0,2.5,24,33,27,329.0,11.019,2300,5,-500
Kia,K5,2026,Large Cars,Front-Wheel Drive,Regular,Automatic (S8),4.0,2.5,25,36,29,310.0,10.259,2100,6,500
Kia,K5 w/Stop-Start,2026,Large Cars,Front-Wheel Drive,Regular,Automatic (S8),4.0,2.5,26,37,30,298.0,9.917,2050,6,750
Kia,K5,2026,Large Cars,Front-Wheel Drive,Regular,Automatic (AM-S8),4.0,2.5,23,33,27,331.0,11.019,2300,5,-500
Mercedes-Benz,S500 4matic,2026,Large Cars,All-Wheel Drive,Premium,Automatic 9-spd,6.0,3.0,20,29,23,380.0,12.935,3300,5,-5500
Mercedes-Benz,S580 4matic Maybach,2026,Large Cars,All-Wheel Drive,Premium,Automatic 9-spd,8.0,4.0,16,27,20,451.0,14.876,3800,4,-8000
Mercedes-Benz,S580 4matic,2026,Large Cars,All-Wheel Drive,Premium,Automatic 9-spd,8.0,4.0,17,27,20,438.0,14.876,3800,4,-8000
Mercedes-Benz,Maybach S680 4matic,2026,Large Cars,All-Wheel Drive,Premium,Automatic 9-spd,12.0,6.0,12,20,15,603.0,19.834,5050,2,-14250
Rolls-Royce,Phantom,2026,Large Cars,Rear-Wheel Drive,Premium,Automatic (S8),12.0,6.7,12,19,14,609.0,21.251,5450,2,-16250
Rolls-Royce,Phantom Extended,2026,Large Cars,Rear-Wheel Drive,Premium,Automatic (S8),12.0,6.7,12,19,14,609.0,21.251,5450,2,-16250
Rolls-Royce,Ghost,2026,Large Cars,All-Wheel Drive,Premium,Automatic (S8),12.0,6.7,12,19,14,609.0,21.251,5450,2,-16250
Rolls-Royce,Ghost Extended,2026,Large Cars,All-Wheel Drive,Premium,Automatic (S8),12.0,6.7,12,19,14,609.0,21.251,5450,2,-16250
Rolls-Royce,Ghost Black Badge,2026,Large Cars,All-Wheel Drive,Premium,Automatic (S8),12.0,6.7,12,19,14,609.0,21.251,5450,2,-16250
Buick,Envista FFV,2026,Small Station Wagons,Front-Wheel Drive,Gasoline or E85,Automatic 6-spd,3.0,1.2,28,32,30,297.0,9.917,2050,6,750
Buick,Envista,2026,Small Station Wagons,Front-Wheel Drive,Regular,Automatic 6-spd,3.0,1.2,28,32,30,296.0,9.917,2050,6,750
Chevrolet,Trax FFV,2026,Small Station Wagons,Front-Wheel Drive,Gasoline or E85,Automatic 6-spd,3.0,1.2,28,32,30,296.0,9.917,2050,6,750
Chevrolet,Trax,2026,Small Station Wagons,Front-Wheel Drive,Regular,Automatic 6-spd,3.0,1.2,28,31,29,306.0,10.259,2100,6,500
Honda,HR-V AWD,2026,Small Station Wagons,All-Wheel Drive,Regular,Automatic (variable gear ratios),4.0,2.0,25,30,27,328.0,11.019,2300,5,-500
Honda,HR-V FWD,2026,Small Station Wagons,Front-Wheel Drive,Regular,Automatic (variable gear ratios),4.0,2.0,26,32,28,311.0,10.625,2200,5,0
Mercedes-Benz,AMG GLA35 4matic,2026,Small Station Wagons,All-Wheel Drive,Premium,Automatic (AM8),4.0,2.0,22,30,25,350.0,11.9,3050,5,-4250
Mercedes-Benz,AMG GLC43 4matic,2026,Small Station Wagons,All-Wheel Drive,Premium,Automatic 9-spd,4.0,2.0,19,26,22,406.0,13.523,3450,4,-6250
Mercedes-Benz,AMG GLC43 4matic Coupe,2026,Small Station Wagons,All-Wheel Drive,Premium,Automatic 9-spd,4.0,2.0,19,25,22,411.0,13.523,3450,4,-6250
Mercedes-Benz,AMG GT 43 4matic Plus,2026,Small Station Wagons,All-Wheel Drive,Premium,Automatic 9-spd,6.0,3.0,19,24,21,421.0,14.167,3600,4,-7000
Mercedes-Benz,AMG GT 63 4matic Plus,2026,Small Station Wagons,All-Wheel Drive,Premium,Automatic 9-spd,8.0,4.0,15,21,17,512.0,17.501,4450,3,-11250
Mercedes-Benz,AMG GT 53 4matic Plus,2026,Small Station Wagons,All-Wheel Drive,Premium,Automatic 9-spd,6.0,3.0,19,24,21,422.0,14.167,3600,4,-7000
Subaru,Impreza,2026,Small Station Wagons,All-Wheel Drive,Regular,Automatic (AV-S8),4.0,2.0,27,33,29,301.0,10.259,2100,6,500
Subaru,Impreza,2026,Small Station Wagons,All-Wheel Drive,Regular,Automatic (AV-S8),4.0,2.5,26,33,29,311.0,10.259,2100,6,500
Volvo,V60CC B5 AWD,2026,Small Station Wagons,All-Wheel Drive,Premium,Automatic (S8),4.0,2.0,23,31,26,338.0,11.443,2900,5,-3500
Audi,RS 6 Avant,2026,Midsize Station Wagons,All-Wheel Drive,Premium,Automatic (S8),8.0,4.0,14,21,16,545.0,18.594,4750,3,-12750
Honda,CR-V FWD,2026,Midsize Station Wagons,Front-Wheel Drive,Regular,Automatic (variable gear ratios),4.0,1.5,28,33,30,296.0,9.917,2050,6,750
Honda,CR-V FWD,2026,Midsize Station Wagons,Front-Wheel Drive,Regular,Automatic (variable gear ratios),4.0,2.0,43,36,40,223.0,7.438,1550,7,3250
Mercedes-Benz,AMG GLB35 4matic,2026,Midsize Station Wagons,All-Wheel Drive,Premium,Automatic (AM8),4.0,2.0,21,27,23,387.0,12.935,3300,5,-5500
Mercedes-Benz,E450 4matic All-Terrain (wagon),2026,Midsize Station Wagons,All-Wheel Drive,Premium,Automatic 9-spd,6.0,3.0,22,31,25,351.0,11.9,3050,5,-4250
Volvo,V90CC B6 AWD,2026,Midsize Station Wagons,All-Wheel Drive,Premium,Automatic (S8),4.0,2.0,22,29,25,358.0,11.9,3050,5,-4250
Chevrolet,Silverado (with Sport Mode) 2WD,2026,Standard Pickup Trucks 2WD,Rear-Wheel Drive,Regular,Automatic 8-spd,4.0,2.7,17,21,19,472.0,15.658,3250,4,-5250
Chevrolet,Silverado 2WD,2026,Standard Pickup Trucks 2WD,Rear-Wheel Drive,Regular,Automatic 8-spd,4.0,2.7,18,21,20,465.0,14.876,3100,4,-4500
Chevrolet,Colorado 2WD,2026,Standard Pickup Trucks 2WD,Rear-Wheel Drive,Regular,Automatic 8-spd,4.0,2.7,19,24,21,420.0,14.167,2950,4,-3750
Chevrolet,Silverado (with Sport Mode) 2WD,2026,Standard Pickup Trucks 2WD,Rear-Wheel Drive,Regular,Automatic 10-spd,8.0,5.3,16,21,18,490.0,16.528,3400,3,-6000
Chevrolet,Silverado 2WD,2026,Standard Pickup Trucks 2WD,Rear-Wheel Drive,Regular,Automatic 10-spd,8.0,5.3,16,20,17,513.0,17.501,3600,3,-7000
Chevrolet,Silverado 2WD,2026,Standard Pickup Trucks 2WD,Rear-Wheel Drive,Diesel,Automatic 10-spd,6.0,3.0,23,28,25,402.0,14.288,3200,4,-5000
GMC,Sierra 2WD with Sport Mode,2026,Standard Pickup Trucks 2WD,Rear-Wheel Drive,Regular,Automatic 8-spd,4.0,2.7,17,21,19,472.0,15.658,3250,4,-5250
GMC,Sierra 2WD,2026,Standard Pickup Trucks 2WD,Rear-Wheel Drive,Regular,Automatic 8-spd,4.0,2.7,18,21,20,464.0,14.876,3100,4,-4500
GMC,Sierra 2WD with Sport Mode,2026,Standard Pickup Trucks 2WD,Rear-Wheel Drive,Regular,Automatic 10-spd,8.0,5.3,16,21,18,495.0,16.528,3400,3,-6000
GMC,Sierra 2WD,2026,Standard Pickup Trucks 2WD,Rear-Wheel Drive,Regular,Automatic 10-spd,8.0,5.3,16,20,17,514.0,17.501,3600,3,-7000
GMC,Sierra 2WD,2026,Standard Pickup Trucks 2WD,Rear-Wheel Drive,Diesel,Automatic 10-spd,6.0,3.0,23,28,25,402.0,14.288,3200,4,-5000
Ram,1500 2WD,2026,Standard Pickup Trucks 2WD,Rear-Wheel Drive,Regular,Automatic 8-spd,6.0,3.0,18,25,21,433.0,14.167,2950,4,-3750
Toyota,Tundra 2WD,2026,Standard Pickup Trucks 2WD,Rear-Wheel Drive,Regular,Automatic (S10),6.0,3.4,18,23,20,450.0,14.876,3100,4,-4500
Toyota,Tundra 2WD,2026,Standard Pickup Trucks 2WD,Rear-Wheel Drive,Regular,Automatic (S10),6.0,3.4,18,23,20,444.0,14.876,3100,4,-4500
Toyota,Tundra Hybrid 2WD,2026,Standard Pickup Trucks 2WD,Rear-Wheel Drive,Regular,Automatic (S10),6.0,3.4,20,24,22,407.0,13.523,2800,4,-3000
Toyota,Tundra 2WD TRD Perf,2026,Standard Pickup Trucks 2WD,Rear-Wheel Drive,Premium,Automatic (S10),6.0,3.4,18,23,20,444.0,14.876,3800,4,-8000
Toyota,Tundra Hybrid 2WD TRD Perf,2026,Standard Pickup Trucks 2WD,Rear-Wheel Drive,Premium,Automatic (S10),6.0,3.4,20,24,22,407.0,13.523,3450,4,-6250
Chevrolet,Colorado ZR2 Bison 4WD,2026,Standard Pickup Trucks 4WD,4-Wheel Drive,Regular,Automatic 8-spd,4.0,2.7,16,16,16,564.0,18.594,3850,3,-8250
Chevrolet,Colorado ZR2 4WD,2026,Standard Pickup Trucks 4WD,4-Wheel Drive,Regular,Automatic 8-spd,4.0,2.7,17,17,17,527.0,17.501,3600,3,-7000
Chevrolet,Silverado Mud Terrain Tires 4WD 4M,2026,Standard Pickup Trucks 4WD,4-Wheel Drive,Regular,Automatic 8-spd,4.0,2.7,16,17,17,536.0,17.501,3600,3,-7000
Chevrolet,Colorado Mud Terrain Tires 4WD,2026,Standard Pickup Trucks 4WD,4-Wheel Drive,Regular,Automatic 8-spd,4.0,2.7,17,20,18,494.0,16.528,3400,3,-6000
Chevrolet,Silverado 4WD 4M,2026,Standard Pickup Trucks 4WD,4-Wheel Drive,Regular,Automatic 8-spd,4.0,2.7,17,21,19,473.0,15.658,3250,4,-5250
Chevrolet,Colorado 4WD,2026,Standard Pickup Trucks 4WD,4-Wheel Drive,Regular,Automatic 8-spd,4.0,2.7,17,22,19,462.0,15.658,3250,4,-5250
Chevrolet,Silverado Mud Terrain Tires (with Sport Mode) 4WD,2026,Standard Pickup Trucks 4WD,4-Wheel Drive,Regular,Automatic 8-spd,4.0,2.7,16,17,17,535.0,17.501,3600,3,-7000
Chevrolet,Silverado (with Sport Mode) 4WD M6,2026,Standard Pickup Trucks 4WD,4-Wheel Drive,Regular,Automatic 8-spd,4.0,2.7,17,20,18,482.0,16.528,3400,3,-6000
Chevrolet,Silverado 4WD  (Flex Fuel),2026,Standard Pickup Trucks 4WD,4-Wheel Drive,Gasoline or E85,Automatic 10-spd,8.0,5.3,15,19,17,524.0,17.501,3600,3,-7000
Chevrolet,Silverado Mud Terrain Tires 4WD FFV,2026,Standard Pickup Trucks 4WD,4-Wheel Drive,Gasoline or E85,Automatic 10-spd,8.0,5.3,15,19,17,524.0,17.501,3600,3,-7000
Chevrolet,Silverado 4WD,2026,Standard Pickup Trucks 4WD,4-Wheel Drive,Premium,Automatic 10-spd,8.0,6.2,15,20,17,528.0,17.501,4450,3,-11250
Chevrolet,Silverado Mud Terrain Tires 4WD,2026,Standard Pickup Trucks 4WD,4-Wheel Drive,Premium,Automatic 10-spd,8.0,6.2,14,17,15,593.0,19.834,5050,2,-14250
Chevrolet,Silverado 4WD ZR2,2026,Standard Pickup Trucks 4WD,4-Wheel Drive,Premium,Automatic 10-spd,8.0,6.2,14,17,15,591.0,19.834,5050,2,-14250
Chevrolet,Silverado (with Sport Mode) 4WD,2026,Standard Pickup Trucks 4WD,4-Wheel Drive,Regular,Automatic 10-spd,8.0,5.3,16,20,17,514.0,17.501,3600,3,-7000
Chevrolet,Silverado Mud Terrain Tires (Sport Mode) 4WD,2026,Standard Pickup Trucks 4WD,4-Wheel Drive,Regular,Automatic 10-spd,8.0,5.3,15,18,16,553.0,18.594,3850,3,-8250
Chevrolet,Silverado 4WD,2026,Standard Pickup Trucks 4WD,4-Wheel Drive,Regular,Automatic 10-spd,8.0,5.3,15,19,17,531.0,17.501,3600,3,-7000
Chevrolet,Silverado Mud Terrain Tires 4WD,2026,Standard Pickup Trucks 4WD,4-Wheel Drive,Regular,Automatic 10-spd,8.0,5.3,15,18,16,552.0,18.594,3850,3,-8250
Chevrolet,Silverado (with Sport Mode) 4WD,2026,Standard Pickup Trucks 4WD,4-Wheel Drive,Diesel,Automatic 10-spd,6.0,3.0,22,26,24,428.0,14.883,3300,4,-5500
Chevrolet,Silverado 4WD,2026,Standard Pickup Trucks 4WD,4-Wheel Drive,Diesel,Automatic 10-spd,6.0,3.0,22,25,23,434.0,15.53,3450,4,-6250
Chevrolet,Silverado Mud Terrain Tires 4WD (Sport/off road),2026,Standard Pickup Trucks 4WD,4-Wheel Drive,Diesel,Automatic 10-spd,6.0,3.0,21,24,23,451.0,15.53,3450,4,-6250
Chevrolet,Silverado Mud Terrain Tires 4WD,2026,Standard Pickup Trucks 4WD,4-Wheel Drive,Diesel,Automatic 10-spd,6.0,3.0,21,24,23,448.0,15.53,3450,4,-6250
Chevrolet,Silverado 4WD ZR2 (Sport/Off Road),2026,Standard Pickup Trucks 4WD,4-Wheel Drive,Diesel,Automatic 10-spd,6.0,3.0,20,23,21,480.0,17.009,3800,4,-8000
GMC,Canyon AT4X AEV 4WD,2026,Standard Pickup Trucks 4WD,4-Wheel Drive,Regular,Automatic 8-spd,4.0,2.7,16,16,16,564.0,18.594,3850,3,-8250
GMC,Canyon AT4X 4WD,2026,Standard Pickup Trucks 4WD,4-Wheel Drive,Regular,Automatic 8-spd,4.0,2.7,17,17,17,527.0,17.501,3600,3,-7000
GMC,Sierra Mud Terrain Tires 4WD,2026,Standard Pickup Trucks 4WD,4-Wheel Drive,Regular,Automatic 8-spd,4.0,2.7,16,17,17,536.0,17.501,3600,3,-7000
GMC,Sierra 4WD,2026,Standard Pickup Trucks 4WD,4-Wheel Drive,Regular,Automatic 8-spd,4.0,2.7,17,20,18,491.0,16.528,3400,3,-6000
GMC,Canyon 4WD,2026,Standard Pickup Trucks 4WD,4-Wheel Drive,Regular,Automatic 8-spd,4.0,2.7,17,22,19,462.0,15.658,3250,4,-5250
GMC,Sierra 4WD with Sport Mode,2026,Standard Pickup Trucks 4WD,4-Wheel Drive,Regular,Automatic 8-spd,4.0,2.7,17,18,17,513.0,17.501,3600,3,-7000
GMC,Sierra 4WD FFV,2026,Standard Pickup Trucks 4WD,4-Wheel Drive,Gasoline or E85,Automatic 10-spd,8.0,5.3,15,19,17,524.0,17.501,3600,3,-7000
GMC,Sierra Mud Terrain Tires 4WD FFV,2026,Standard Pickup Trucks 4WD,4-Wheel Drive,Gasoline or E85,Automatic 10-spd,8.0,5.3,15,19,17,524.0,17.501,3600,3,-7000
GMC,Sierra 4WD,2026,Standard Pickup Trucks 4WD,4-Wheel Drive,Premium,Automatic 10-spd,8.0,6.2,15,19,16,539.0,18.594,4750,3,-12750
GMC,Sierra Mud Terrain Tires 4WD,2026,Standard Pickup Trucks 4WD,4-Wheel Drive,Premium,Automatic 10-spd,8.0,6.2,14,17,15,593.0,19.834,5050,2,-14250
GMC,Sierra 4WD AT4X,2026,Standard Pickup Trucks 4WD,4-Wheel Drive,Premium,Automatic 10-spd,8.0,6.2,14,16,15,601.0,19.834,5050,2,-14250
GMC,Sierra 4WD with Sport Mode,2026,Standard Pickup Trucks 4WD,4-Wheel Drive,Regular,Automatic 10-spd,8.0,5.3,15,19,17,522.0,17.501,3600,3,-7000
GMC,Sierra Mud Terrain Tires 4WD (Sport Mode),2026,Standard Pickup Trucks 4WD,4-Wheel Drive,Regular,Automatic 10-spd,8.0,5.3,15,18,16,561.0,18.594,3850,3,-8250
GMC,Sierra 4WD,2026,Standard Pickup Trucks 4WD,4-Wheel Drive,Regular,Automatic 10-spd,8.0,5.3,15,18,16,550.0,18.594,3850,3,-8250
GMC,Sierra Mud Terrain Tires 4WD,2026,Standard Pickup Trucks 4WD,4-Wheel Drive,Regular,Automatic 10-spd,8.0,5.3,14,17,16,567.0,18.594,3850,3,-8250
GMC,Sierra 4WD with Sport Mode,2026,Standard Pickup Trucks 4WD,4-Wheel Drive,Diesel,Automatic 10-spd,6.0,3.0,22,26,24,428.0,14.883,3300,4,-5500
GMC,Sierra Mud Terrain Tires with Sport Mode,2026,Standard Pickup Trucks 4WD,4-Wheel Drive,Diesel,Automatic 10-spd,6.0,3.0,21,24,23,451.0,15.53,3450,4,-6250
GMC,Sierra 4WD AT4X with Sport Mode,2026,Standard Pickup Trucks 4WD,4-Wheel Drive,Diesel,Automatic 10-spd,6.0,3.0,19,20,19,524.0,18.8,4200,3,-10000
Ram,1500 HO 4WD,2026,Standard Pickup Trucks 4WD,4-Wheel Drive,Premium,Automatic 8-spd,6.0,3.0,15,21,17,521.0,17.501,4450,3,-11250
Ram,1500 RHO 4WD,2026,Standard Pickup Trucks 4WD,4-Wheel Drive,Premium,Automatic 8-spd,6.0,3.0,14,16,15,602.0,19.834,5050,2,-14250
Ram,1500 4WD,2026,Standard Pickup Trucks 4WD,4-Wheel Drive,Regular,Automatic 8-spd,6.0,3.0,18,24,20,444.0,14.876,3100,4,-4500
Ram,1500 4WD,2026,Standard Pickup Trucks 4WD,4-Wheel Drive,Midgrade,Automatic 8-spd,8.0,5.7,16,20,18,502.0,16.528,3900,3,-8500
Toyota,Tundra 4WD,2026,Standard Pickup Trucks 4WD,Part-time 4-Wheel Drive,Regular,Automatic (S10),6.0,3.4,17,22,19,468.0,15.658,3250,4,-5250
Toyota,Tundra 4WD,2026,Standard Pickup Trucks 4WD,Part-time 4-Wheel Drive,Regular,Automatic (S10),6.0,3.4,17,22,19,462.0,15.658,3250,4,-5250
Toyota,Tundra Hybrid 4WD,2026,Standard Pickup Trucks 4WD,Part-time 4-Wheel Drive,Regular,Automatic (S10),6.0,3.4,19,22,20,439.0,14.876,3100,4,-4500
Toyota,Tundra Hybrid 4WD PRO,2026,Standard Pickup Trucks 4WD,Part-time 4-Wheel Drive,Regular,Automatic (S10),6.0,3.4,18,20,19,461.0,15.658,3250,4,-5250
Toyota,Tundra 4WD TRD Perf,2026,Standard Pickup Trucks 4WD,Part-time 4-Wheel Drive,Premium,Automatic (S10),6.0,3.4,17,22,19,462.0,15.658,4000,4,-9000
Toyota,Tundra Hybrid 4WD TRD Per,2026,Standard Pickup Trucks 4WD,Part-time 4-Wheel Drive,Premium,Automatic (S10),6.0,3.4,19,22,20,439.0,14.876,3800,4,-8000
Toyota,Tundra Hybrid 4WD PRO TRD Perf,2026,Standard Pickup Trucks 4WD,Part-time 4-Wheel Drive,Premium,Automatic (S10),6.0,3.4,18,20,19,461.0,15.658,4000,4,-9000
Mercedes-Benz,GLA250,2026,Special Purpose Vehicle 2WD,Front-Wheel Drive,Premium,Automatic (AM8),4.0,2.0,26,34,29,306.0,10.259,2600,6,-2000
Chevrolet,Silverado Cab Chassis 2WD,2026,Special Purpose Vehicle 2WD,Rear-Wheel Drive,Regular,Automatic 10-spd,8.0,5.3,15,18,16,551.0,18.594,3850,3,-8250
Chevrolet,Silverado Cab Chassis 4WD,2026,Special Purpose Vehicle 4WD,4-Wheel Drive,Regular,Automatic 10-spd,8.0,5.3,14,16,15,592.0,19.834,4100,2,-9500
GMC,Sierra Cab Chassis 2WD,2026,Special Purpose Vehicle 2WD,Rear-Wheel Drive,Regular,Automatic 10-spd,8.0,5.3,15,18,16,551.0,18.594,3850,3,-8250
GMC,Sierra Cab Chassis 4WD,2026,Special Purpose Vehicle 4WD,4-Wheel Drive,Regular,Automatic 10-spd,8.0,5.3,14,16,15,592.0,19.834,4100,2,-9500
Chrysler,Pacifica,2026,Minivan - 2WD,Front-Wheel Drive,Regular,Automatic 9-spd,6.0,3.6,19,28,22,401.0,13.523,2800,4,-3000
Chrysler,Voyager,2026,Minivan - 2WD,Front-Wheel Drive,Regular,Automatic 9-spd,6.0,3.6,19,28,22,401.0,13.523,2800,4,-3000
Honda,Odyssey,2026,Minivan - 2WD,Front-Wheel Drive,Regular,Automatic (S10),6.0,3.5,19,28,22,395.0,13.523,2800,4,-3000
Kia,Carnival,2026,Minivan - 2WD,Front-Wheel Drive,Regular,Automatic (S8),6.0,3.5,18,25,21,428.0,14.167,2950,4,-3750
Kia,Carnival Hybrid,2026,Minivan - 2WD,Front-Wheel Drive,Regular,Automatic (AM-S6),4.0,1.6,34,31,32,275.0,9.297,1900,6,1500
Acura,MDX FWD,2026,Small Sport Utility Vehicle 2WD,Front-Wheel Drive,Premium,Automatic (S10),6.0,3.5,19,26,22,411.0,13.523,3450,4,-6250
Buick,Encore GX FWD FFV,2026,Small Sport Utility Vehicle 2WD,Front-Wheel Drive,Gasoline or E85,Automatic (variable gear ratios),3.0,1.2,30,31,30,297.0,9.917,2050,6,750
Buick,Encore GX FWD,2026,Small Sport Utility Vehicle 2WD,Front-Wheel Drive,Regular,Automatic (variable gear ratios),3.0,1.3,29,31,30,297.0,9.917,2050,6,750
Chevrolet,Equinox FWD,2026,Small Sport Utility Vehicle 2WD,Front-Wheel Drive,Regular,Automatic (variable gear ratios),4.0,1.5,26,29,27,329.0,11.019,2300,5,-500
Chevrolet,Trailblazer FWD FFV,2026,Small Sport Utility Vehicle 2WD,Front-Wheel Drive,Gasoline or E85,Automatic (variable gear ratios),3.0,1.2,30,31,30,297.0,9.917,2050,6,750
Chevrolet,Trailblazer FWD,2026,Small Sport Utility Vehicle 2WD,Front-Wheel Drive,Regular,Automatic (variable gear ratios),3.0,1.3,29,33,31,287.0,9.597,2000,6,1000
Genesis,GV80 RWD,2026,Small Sport Utility Vehicle 2WD,Rear-Wheel Drive,Premium,Automatic (S8),4.0,2.5,20,26,22,403.0,13.523,3450,4,-6250
GMC,Terrain FWD,2026,Small Sport Utility Vehicle 2WD,Front-Wheel Drive,Regular,Automatic (variable gear ratios),4.0,1.5,26,28,27,329.0,11.019,2300,5,-500
Hyundai,Santa Fe Hybrid FWD,2026,Small Sport Utility Vehicle 2WD,Front-Wheel Drive,Regular,Automatic (AM-S6),4.0,1.6,37,36,36,244.0,8.264,1700,7,2500
Hyundai,Kona FWD SX2 1.6T 8AT FWD,2026,Small Sport Utility Vehicle 2WD,Front-Wheel Drive,Regular,Automatic (S8),4.0,1.6,26,31,28,320.0,10.625,2200,5,0
Hyundai,Kona FWD,2026,Small Sport Utility Vehicle 2WD,Front-Wheel Drive,Regular,Automatic (AV-S1),4.0,2.0,28,35,31,288.0,9.597,2000,6,1000
Hyundai,Santa Cruz FWD,2026,Small Sport Utility Vehicle 2WD,Front-Wheel Drive,Regular,Automatic (S8),4.0,2.5,22,30,25,356.0,11.9,2450,5,-1250
Hyundai,Santa Fe FWD,2026,Small Sport Utility Vehicle 2WD,Front-Wheel Drive,Regular,Automatic (S8),4.0,2.5,20,29,24,374.0,12.396,2550,5,-1750
Hyundai,Venue,2026,Small Sport Utility Vehicle 2WD,Front-Wheel Drive,Regular,Automatic (AV-S1),4.0,1.6,29,33,31,291.0,9.597,2000,6,1000
Hyundai,Tucson FWD,2026,Small Sport Utility Vehicle 2WD,Front-Wheel Drive,Regular,Automatic (S8),4.0,2.5,25,33,28,322.0,10.625,2200,5,0
Hyundai,Kona FWD w/Stop-Start,2026,Small Sport Utility Vehicle 2WD,Front-Wheel Drive,Regular,Automatic (AV-S1),4.0,2.0,29,34,31,284.0,9.597,2000,6,1000
Kia,Sportage FWD,2026,Small Sport Utility Vehicle 2WD,Front-Wheel Drive,Regular,Automatic (S8),4.0,2.5,25,33,28,317.0,10.625,2200,5,0
Kia,Sportage Hybrid FWD,2026,Small Sport Utility Vehicle 2WD,Front-Wheel Drive,Regular,Automatic (AM-S6),4.0,1.6,41,44,42,209.0,7.084,1450,7,3750
Kia,Sorento Hybrid FWD,2026,Small Sport Utility Vehicle 2WD,Front-Wheel Drive,Regular,Automatic (AM-S6),4.0,1.6,37,36,37,240.0,8.041,1650,7,2750
Kia,Niro,2026,Small Sport Utility Vehicle 2WD,Front-Wheel Drive,Regular,Automatic (AM-S6),4.0,1.6,53,45,49,181.0,6.072,1250,8,4750
Kia,Niro FE,2026,Small Sport Utility Vehicle 2WD,Front-Wheel Drive,Regular,Automatic (AM-S6),4.0,1.6,53,54,53,167.0,5.613,1150,8,5250
Kia,Sorento FWD,2026,Small Sport Utility Vehicle 2WD,Front-Wheel Drive,Regular,Automatic (S8),4.0,2.5,23,31,26,339.0,11.443,2350,5,-750
Kia,Sorento FWD,2026,Small Sport Utility Vehicle 2WD,Front-Wheel Drive,Regular,Automatic (AM-S8),4.0,2.5,20,29,23,382.0,12.935,2650,5,-2250
Lexus,NX 350h,2026,Small Sport Utility Vehicle 2WD,Front-Wheel Drive,Premium,Automatic (AV-S6),4.0,2.5,42,38,40,220.0,7.438,1900,7,1500
Mercedes-Benz,GLC300,2026,Small Sport Utility Vehicle 2WD,Rear-Wheel Drive,Premium,Automatic 9-spd,4.0,2.0,24,32,27,323.0,11.019,2800,5,-3000
Nissan,Rogue FWD,2026,Small Sport Utility Vehicle 2WD,Front-Wheel Drive,Regular,Automatic (AV-S8),3.0,1.5,29,36,32,279.0,9.297,1900,6,1500
Volkswagen,Atlas,2026,Small Sport Utility Vehicle 2WD,Front-Wheel Drive,Regular,Automatic (S8),4.0,2.0,20,27,23,390.0,12.935,2650,5,-2250
Volkswagen,Atlas Cross Sport,2026,Small Sport Utility Vehicle 2WD,Front-Wheel Drive,Regular,Automatic (S8),4.0,2.0,20,27,23,390.0,12.935,2650,5,-2250
Volkswagen,Taos,2026,Small Sport Utility Vehicle 2WD,Front-Wheel Drive,Regular,Automatic (S8),4.0,1.5,28,36,31,287.0,9.597,2000,6,1000
Volkswagen,Tiguan,2026,Small Sport Utility Vehicle 2WD,Front-Wheel Drive,Regular,Automatic (S8),4.0,2.0,25,32,28,320.0,10.625,2200,5,0
Volkswagen,Tiguan S,2026,Small Sport Utility Vehicle 2WD,Front-Wheel Drive,Regular,Automatic (S8),4.0,2.0,26,34,29,307.0,10.259,2100,6,500
Volvo,XC40 B4,2026,Small Sport Utility Vehicle 2WD,Front-Wheel Drive,Premium,Automatic (S8),4.0,2.0,25,32,27,326.0,11.019,2800,5,-3000
Acura,MDX AWD,2026,Small Sport Utility Vehicle 4WD,All-Wheel Drive,Premium,Automatic (S10),6.0,3.5,19,25,21,423.0,14.167,3600,4,-7000
BMW,X1 xDrive28i,2026,Small Sport Utility Vehicle 4WD,All-Wheel Drive,Premium,Automatic (AM-S7),4.0,2.0,25,34,28,311.0,10.625,2700,5,-2500
BMW,X1 M35i,2026,Small Sport Utility Vehicle 4WD,All-Wheel Drive,Premium,Automatic (AM-S7),4.0,2.0,24,32,27,327.0,11.019,2800,5,-3000
BMW,X2 xDrive28i,2026,Small Sport Utility Vehicle 4WD,All-Wheel Drive,Premium,Automatic (AM-S7),4.0,2.0,24,34,28,314.0,10.625,2700,5,-2500
BMW,X2 M35i,2026,Small Sport Utility Vehicle 4WD,All-Wheel Drive,Premium,Automatic (AM-S7),4.0,2.0,23,31,26,338.0,11.443,2900,5,-3500
BMW,X3 xDrive30,2026,Small Sport Utility Vehicle 4WD,All-Wheel Drive,Premium,Automatic (S8),4.0,2.0,27,33,29,299.0,10.259,2600,6,-2000
BMW,X3 M50,2026,Small Sport Utility Vehicle 4WD,All-Wheel Drive,Premium,Automatic (S8),6.0,3.0,25,30,27,320.0,11.019,2800,5,-3000
Buick,Envision AWD,2026,Small Sport Utility Vehicle 4WD,All-Wheel Drive,Regular,Automatic (S9),4.0,2.0,22,28,25,361.0,11.9,2450,5,-1250
Buick,Encore GX AWD,2026,Small Sport Utility Vehicle 4WD,All-Wheel Drive,Regular,Automatic 9-spd,3.0,1.3,26,28,27,327.0,11.019,2300,5,-500
Chevrolet,Equinox AWD,2026,Small Sport Utility Vehicle 4WD,All-Wheel Drive,Regular,Automatic 8-spd,4.0,1.5,25,29,26,342.0,11.443,2350,5,-750
Chevrolet,Trailblazer AWD,2026,Small Sport Utility Vehicle 4WD,All-Wheel Drive,Regular,Automatic 9-spd,3.0,1.3,26,29,27,329.0,11.019,2300,5,-500
Genesis,GV70 AWD (5 Mode),2026,Small Sport Utility Vehicle 4WD,All-Wheel Drive,Premium,Automatic (S8),4.0,2.5,20,26,22,402.0,13.523,3450,4,-6250
Genesis,GV70 AWD (4 Mode),2026,Small Sport Utility Vehicle 4WD,All-Wheel Drive,Premium,Automatic (S8),4.0,2.5,20,28,23,393.0,12.935,3300,5,-5500
Genesis,GV70 AWD,2026,Small Sport Utility Vehicle 4WD,All-Wheel Drive,Premium,Automatic (S8),6.0,3.5,18,25,21,433.0,14.167,3600,4,-7000
GMC,Terrain AWD,2026,Small Sport Utility Vehicle 4WD,All-Wheel Drive,Regular,Automatic 8-spd,4.0,1.5,24,28,25,356.0,11.9,2450,5,-1250
GMC,Terrain AWD  Denali/AT4,2026,Small Sport Utility Vehicle 4WD,All-Wheel Drive,Regular,Automatic 8-spd,4.0,1.5,24,26,25,358.0,11.9,2450,5,-1250
Honda,CR-V AWD,2026,Small Sport Utility Vehicle 4WD,All-Wheel Drive,Regular,Automatic (variable gear ratios),4.0,1.5,27,31,29,310.0,10.259,2100,6,500
Honda,CR-V AWD,2026,Small Sport Utility Vehicle 4WD,All-Wheel Drive,Regular,Automatic (variable gear ratios),4.0,2.0,40,34,37,237.0,8.041,1650,7,2750
Honda,CR-V AWD TrailSport,2026,Small Sport Utility Vehicle 4WD,All-Wheel Drive,Regular,Automatic (variable gear ratios),4.0,2.0,38,33,35,252.0,8.5,1750,6,2250
Hyundai,Santa Fe Hybrid AWD,2026,Small Sport Utility Vehicle 4WD,All-Wheel Drive,Regular,Automatic (AM-S6),4.0,1.6,35,34,34,258.0,8.75,1800,6,2000
Hyundai,Kona AWD SX2 1.6T 8AT AWD,2026,Small Sport Utility Vehicle 4WD,All-Wheel Drive,Regular,Automatic (S8),4.0,1.6,25,28,26,340.0,11.443,2350,5,-750
Hyundai,Kona AWD,2026,Small Sport Utility Vehicle 4WD,All-Wheel Drive,Regular,Automatic (AV-S1),4.0,2.0,26,29,27,323.0,11.019,2300,5,-500
Hyundai,Santa Cruz AWD NX4 OB 2.5 AWD 8AT,2026,Small Sport Utility Vehicle 4WD,All-Wheel Drive,Regular,Automatic (S8),4.0,2.5,21,29,24,367.0,12.396,2550,5,-1750
Hyundai,Santa Cruz AWD NX4 OB 2.5T AWD 8AT,2026,Small Sport Utility Vehicle 4WD,All-Wheel Drive,Regular,Automatic (S8),4.0,2.5,18,25,20,433.0,14.876,3100,4,-4500
Hyundai,Santa Fe AWD XRT,2026,Small Sport Utility Vehicle 4WD,All-Wheel Drive,Regular,Automatic (S8),4.0,2.5,19,25,21,421.0,14.167,2950,4,-3750
Hyundai,Santa Fe AWD,2026,Small Sport Utility Vehicle 4WD,All-Wheel Drive,Regular,Automatic (S8),4.0,2.5,20,28,23,389.0,12.935,2650,5,-2250
Hyundai,Santa Cruz XRT AWD,2026,Small Sport Utility Vehicle 4WD,All-Wheel Drive,Regular,Automatic (S8),4.0,2.5,18,25,20,435.0,14.876,3100,4,-4500
Hyundai,Tucson Hybrid,2026,Small Sport Utility Vehicle 4WD,All-Wheel Drive,Regular,Automatic (AM-S6),4.0,1.6,36,37,36,243.0,8.264,1700,7,2500
Hyundai,Tucson Hybrid Blue,2026,Small Sport Utility Vehicle 4WD,All-Wheel Drive,Regular,Automatic (AM-S6),4.0,1.6,38,38,38,234.0,7.829,1600,7,3000
Hyundai,Tucson AWD,2026,Small Sport Utility Vehicle 4WD,All-Wheel Drive,Regular,Automatic (S8),4.0,2.5,24,30,26,337.0,11.443,2350,5,-750
Hyundai,Kona AWD w/Stop-Start,2026,Small Sport Utility Vehicle 4WD,All-Wheel Drive,Regular,Automatic (AV-S1),4.0,2.0,27,29,28,319.0,10.625,2200,5,0
Jeep,Compass 4WD,2026,Small Sport Utility Vehicle 4WD,All-Wheel Drive,Regular,Automatic 8-spd,4.0,2.0,23,31,26,335.0,11.443,2350,5,-750
Kia,Sportage AWD,2026,Small Sport Utility Vehicle 4WD,All-Wheel Drive,Regular,Automatic (S8),4.0,2.5,24,30,26,339.0,11.443,2350,5,-750
Kia,Sportage Hybrid AWD,2026,Small Sport Utility Vehicle 4WD,All-Wheel Drive,Regular,Automatic (AM-S6),4.0,1.6,35,36,35,251.0,8.5,1750,6,2250
Kia,Seltos AWD,2026,Small Sport Utility Vehicle 4WD,All-Wheel Drive,Regular,Automatic (S8),4.0,1.6,24,27,25,350.0,11.9,2450,5,-1250
Kia,Seltos AWD,2026,Small Sport Utility Vehicle 4WD,All-Wheel Drive,Regular,Automatic (AV-S8),4.0,2.0,27,31,29,309.0,10.259,2100,6,500
Kia,Sorento Hybrid AWD,2026,Small Sport Utility Vehicle 4WD,All-Wheel Drive,Regular,Automatic (AM-S6),4.0,1.6,32,35,34,264.0,8.75,1800,6,2000
Kia,Sorento AWD,2026,Small Sport Utility Vehicle 4WD,All-Wheel Drive,Regular,Automatic (S8),4.0,2.5,23,28,25,357.0,11.9,2450,5,-1250
Kia,Sorento AWD,2026,Small Sport Utility Vehicle 4WD,All-Wheel Drive,Regular,Automatic (AM-S8),4.0,2.5,20,27,23,388.0,12.935,2650,5,-2250
Kia,Sportage X-pro,2026,Small Sport Utility Vehicle 4WD,All-Wheel Drive,Regular,Automatic (S8),4.0,2.5,23,26,24,374.0,12.396,2550,5,-1750
Lexus,NX 350h AWD,2026,Small Sport Utility Vehicle 4WD,All-Wheel Drive,Premium,Automatic (AV-S6),4.0,2.5,41,37,39,225.0,7.628,1950,7,1250
Lexus,NX 350 AWD,2026,Small Sport Utility Vehicle 4WD,All-Wheel Drive,Premium,Automatic (S8),4.0,2.4,21,28,24,370.0,12.396,3150,5,-4750
Lexus,NX 350 AWD F Sport,2026,Small Sport Utility Vehicle 4WD,All-Wheel Drive,Premium,Automatic (S8),4.0,2.4,21,28,24,370.0,12.396,3150,5,-4750
Lincoln,Nautilus AWD,2026,Small Sport Utility Vehicle 4WD,All-Wheel Drive,Regular,Automatic 8-spd,4.0,2.0,21,29,24,369.0,12.396,2550,5,-1750
Lincoln,Nautilus HEV AWD,2026,Small Sport Utility Vehicle 4WD,Part-time 4-Wheel Drive,Regular,Automatic (variable gear ratios),4.0,2.0,29,31,30,297.0,9.917,2050,6,750
Mercedes-Benz,GLC300 4matic,2026,Small Sport Utility Vehicle 4WD,All-Wheel Drive,Premium,Automatic 9-spd,4.0,2.0,23,31,26,338.0,11.443,2900,5,-3500
Mercedes-Benz,GLC300 4matic (coupe),2026,Small Sport Utility Vehicle 4WD,All-Wheel Drive,Premium,Automatic 9-spd,4.0,2.0,23,31,26,337.0,11.443,2900,5,-3500
Mercedes-Benz,GLE350,2026,Small Sport Utility Vehicle 4WD,Rear-Wheel Drive,Premium,Automatic 9-spd,4.0,2.0,21,28,23,382.0,12.935,3300,5,-5500
Mercedes-Benz,GLE350 4matic,2026,Small Sport Utility Vehicle 4WD,All-Wheel Drive,Premium,Automatic 9-spd,4.0,2.0,19,26,22,410.0,13.523,3450,4,-6250
Mercedes-Benz,GLA250 4matic,2026,Small Sport Utility Vehicle 4WD,All-Wheel Drive,Premium,Automatic (AM8),4.0,2.0,25,33,28,315.0,10.625,2700,5,-2500
Mercedes-Benz,GLB250 4matic,2026,Small Sport Utility Vehicle 4WD,All-Wheel Drive,Premium,Automatic (AM8),4.0,2.0,24,33,27,324.0,11.019,2800,5,-3000
MINI,Countryman S All4,2026,Small Sport Utility Vehicle 4WD,All-Wheel Drive,Premium,Automatic (AM-S7),4.0,2.0,24,32,27,324.0,11.019,2800,5,-3000
MINI,JCW Countryman ALL4,2026,Small Sport Utility Vehicle 4WD,All-Wheel Drive,Premium,Automatic (AM-S7),4.0,2.0,23,30,25,344.0,11.9,3050,5,-4250
Nissan,Rogue AWD,2026,Small Sport Utility Vehicle 4WD,All-Wheel Drive,Regular,Automatic (AV-S8),3.0,1.5,28,35,31,291.0,9.597,2000,6,1000
Nissan,Rogue AWD Rock Creek,2026,Small Sport Utility Vehicle 4WD,All-Wheel Drive,Regular,Automatic (AV-S8),3.0,1.5,27,32,29,307.0,10.259,2100,6,500
Porsche,Macan,2026,Small Sport Utility Vehicle 4WD,All-Wheel Drive,Premium,Automatic (AM-S7),4.0,2.0,19,25,21,424.0,14.167,3600,4,-7000
Porsche,Macan S,2026,Small Sport Utility Vehicle 4WD,All-Wheel Drive,Premium,Automatic (AM-S7),6.0,2.9,17,23,19,465.0,15.658,4000,4,-9000
Porsche,Macan T,2026,Small Sport Utility Vehicle 4WD,All-Wheel Drive,Premium,Automatic (AM-S7),4.0,2.0,19,25,21,424.0,14.167,3600,4,-7000
Porsche,Macan GTS,2026,Small Sport Utility Vehicle 4WD,All-Wheel Drive,Premium,Automatic (AM-S7),6.0,2.9,17,22,19,466.0,15.658,4000,4,-9000
Subaru,Forester AWD,2026,Small Sport Utility Vehicle 4WD,All-Wheel Drive,Regular,Automatic (AV-S8),4.0,2.5,26,33,29,310.0,10.259,2100,6,500
Subaru,Outback AWD,2026,Small Sport Utility Vehicle 4WD,All-Wheel Drive,Regular,Automatic (AV-S8),4.0,2.5,25,31,27,330.0,11.019,2300,5,-500
Subaru,Forester Sport/Touring AWD,2026,Small Sport Utility Vehicle 4WD,All-Wheel Drive,Regular,Automatic (AV-S8),4.0,2.5,25,32,28,317.0,10.625,2200,5,0
Subaru,Outback AWD,2026,Small Sport Utility Vehicle 4WD,All-Wheel Drive,Regular,Automatic (AV-S8),4.0,2.4,21,29,24,369.0,12.396,2550,5,-1750
Subaru,Crosstrek AWD,2026,Small Sport Utility Vehicle 4WD,All-Wheel Drive,Regular,Automatic (AV-S8),4.0,2.5,26,33,29,307.0,10.259,2100,6,500
Subaru,Crosstrek Wilderness AWD,2026,Small Sport Utility Vehicle 4WD,All-Wheel Drive,Regular,Automatic (AV-S8),4.0,2.5,24,29,26,337.0,11.443,2350,5,-750
Subaru,Outback Wilderness AWD,2026,Small Sport Utility Vehicle 4WD,All-Wheel Drive,Regular,Automatic (AV-S8),4.0,2.4,21,27,23,385.0,12.935,2650,5,-2250
Subaru,Forester Wilderness AWD,2026,Small Sport Utility Vehicle 4WD,All-Wheel Drive,Regular,Automatic (AV-S8),4.0,2.5,24,28,26,347.0,11.443,2350,5,-750
Subaru,Crosstrek Hybrid AWD,2026,Small Sport Utility Vehicle 4WD,All-Wheel Drive,Regular,Automatic (AV-S6),4.0,2.5,36,36,36,246.0,8.264,1700,7,2500
Volkswagen,Atlas SEL 4motion,2026,Small Sport Utility Vehicle 4WD,All-Wheel Drive,Regular,Automatic (S8),4.0,2.0,19,25,21,417.0,14.167,2950,4,-3750
Volkswagen,Atlas SE 4motion,2026,Small Sport Utility Vehicle 4WD,All-Wheel Drive,Regular,Automatic (S8),4.0,2.0,20,26,22,407.0,13.523,2800,4,-3000
Volkswagen,Atlas Cross Sport 4motion,2026,Small Sport Utility Vehicle 4WD,All-Wheel Drive,Regular,Automatic (S8),4.0,2.0,20,26,22,407.0,13.523,2800,4,-3000
Volkswagen,Atlas 4motion Peak Edition,2026,Small Sport Utility Vehicle 4WD,All-Wheel Drive,Regular,Automatic (S8),4.0,2.0,19,25,21,421.0,14.167,2950,4,-3750
Volkswagen,Taos 4motion,2026,Small Sport Utility Vehicle 4WD,4-Wheel Drive,Regular,Automatic (S8),4.0,1.5,25,33,28,318.0,10.625,2200,5,0
Volkswagen,Tiguan 4motion,2026,Small Sport Utility Vehicle 4WD,All-Wheel Drive,Regular,Automatic (S8),4.0,2.0,22,30,25,351.0,11.9,2450,5,-1250
Volkswagen,Tiguan SEL 4Motion,2026,Small Sport Utility Vehicle 4WD,All-Wheel Drive,Regular,Automatic (S8),4.0,2.0,22,29,25,360.0,11.9,2450,5,-1250
Volvo,XC40 B5 AWD,2026,Small Sport Utility Vehicle 4WD,All-Wheel Drive,Premium,Automatic (S8),4.0,2.0,23,30,26,343.0,11.443,2900,5,-3500
Volvo,XC60 B5 AWD,2026,Small Sport Utility Vehicle 4WD,All-Wheel Drive,Premium,Automatic (S8),4.0,2.0,23,30,26,343.0,11.443,2900,5,-3500
BMW,X5 sDrive40i,2026,Standard Sport Utility Vehicle 2WD,Rear-Wheel Drive,Premium,Automatic (S8),6.0,3.0,23,27,25,360.0,11.9,3050,5,-4250
Buick,Enclave FWD,2026,Standard Sport Utility Vehicle 2WD,Front-Wheel Drive,Regular,Automatic 8-spd,4.0,2.5,20,25,22,404.0,13.523,2800,4,-3000
Chevrolet,Traverse FWD,2026,Standard Sport Utility Vehicle 2WD,Front-Wheel Drive,Regular,Automatic 8-spd,4.0,2.5,20,26,22,404.0,13.523,2800,4,-3000
Dodge,Durango RWD,2026,Standard Sport Utility Vehicle 2WD,Rear-Wheel Drive,Regular,Automatic 8-spd,6.0,3.6,18,25,20,434.0,14.876,3100,4,-4500
GMC,Acadia FWD,2026,Standard Sport Utility Vehicle 2WD,Front-Wheel Drive,Regular,Automatic 8-spd,4.0,2.5,20,26,22,404.0,13.523,2800,4,-3000
Hyundai,Palisade FWD,2026,Standard Sport Utility Vehicle 2WD,Front-Wheel Drive,Regular,Automatic (S8),6.0,3.5,19,25,21,418.0,14.167,2950,4,-3750
Hyundai,Palisade Hybrid FWD Blue,2026,Standard Sport Utility Vehicle 2WD,Front-Wheel Drive,Regular,Automatic (AM-S6),4.0,2.5,33,35,34,258.0,8.75,1800,6,2000
Infiniti,QX60 FWD,2026,Standard Sport Utility Vehicle 2WD,Front-Wheel Drive,Premium,Automatic (S9),4.0,2.0,22,28,24,371.0,12.396,3150,5,-4750
Infiniti,QX80 2WD,2026,Standard Sport Utility Vehicle 2WD,Rear-Wheel Drive,Premium,Automatic (S9),6.0,3.5,16,20,18,504.0,16.528,4200,3,-10000
Nissan,Armada 2WD,2026,Standard Sport Utility Vehicle 2WD,Rear-Wheel Drive,Premium,Automatic (S9),6.0,3.5,16,20,18,506.0,16.528,4200,3,-10000
Toyota,Sequoia 2WD,2026,Standard Sport Utility Vehicle 2WD,Rear-Wheel Drive,Regular,Automatic (S10),6.0,3.4,21,24,22,395.0,13.523,2800,4,-3000
Toyota,Sequoia 2WD,2026,Standard Sport Utility Vehicle 2WD,Rear-Wheel Drive,Premium,Automatic (S10),6.0,3.4,21,24,22,395.0,13.523,3450,4,-6250
Acura,MDX AWD Type-S,2026,Standard Sport Utility Vehicle 4WD,All-Wheel Drive,Premium,Automatic (S10),6.0,3.0,17,21,19,474.0,15.658,4000,4,-9000
Audi,SQ7,2026,Standard Sport Utility Vehicle 4WD,All-Wheel Drive,Premium,Automatic (S8),8.0,4.0,14,20,16,540.0,18.594,4750,3,-12750
Bentley,Bentayga,2026,Standard Sport Utility Vehicle 4WD,All-Wheel Drive,Premium,Automatic (S8),8.0,4.0,14,21,16,553.0,18.594,4750,3,-12750
Bentley,Bentayga EWB,2026,Standard Sport Utility Vehicle 4WD,All-Wheel Drive,Premium,Automatic (S8),8.0,4.0,14,21,16,553.0,18.594,4750,3,-12750
BMW,X5 xDrive40i,2026,Standard Sport Utility Vehicle 4WD,All-Wheel Drive,Premium,Automatic (S8),6.0,3.0,23,27,25,352.0,11.9,3050,5,-4250
BMW,X5 M60i xDrive,2026,Standard Sport Utility Vehicle 4WD,All-Wheel Drive,Premium,Automatic (S8),8.0,4.4,17,22,19,458.0,15.658,4000,4,-9000
BMW,X5 M Competition,2026,Standard Sport Utility Vehicle 4WD,All-Wheel Drive,Premium,Automatic (S8),8.0,4.4,13,18,15,589.0,19.834,5050,2,-14250
BMW,X6 xDrive40i,2026,Standard Sport Utility Vehicle 4WD,All-Wheel Drive,Premium,Automatic (S8),6.0,3.0,22,26,23,372.0,12.935,3300,5,-5500
BMW,X6 M60i xDrive,2026,Standard Sport Utility Vehicle 4WD,All-Wheel Drive,Premium,Automatic (S8),8.0,4.4,17,22,19,458.0,15.658,4000,4,-9000
BMW,X6 M Competition,2026,Standard Sport Utility Vehicle 4WD,All-Wheel Drive,Premium,Automatic (S8),8.0,4.4,13,18,15,589.0,19.834,5050,2,-14250
BMW,X7 xDrive40i,2026,Standard Sport Utility Vehicle 4WD,All-Wheel Drive,Premium,Automatic (S8),6.0,3.0,21,25,23,387.0,12.935,3300,5,-5500
BMW,X7 M60i xDrive,2026,Standard Sport Utility Vehicle 4WD,All-Wheel Drive,Premium,Automatic (S8),8.0,4.4,16,20,18,498.0,16.528,4200,3,-10000
BMW,Alpina XB7,2026,Standard Sport Utility Vehicle 4WD,All-Wheel Drive,Premium,Automatic (S8),8.0,4.4,16,20,17,506.0,17.501,4450,3,-11250
Buick,Enclave AWD,2026,Standard Sport Utility Vehicle 4WD,All-Wheel Drive,Regular,Automatic 8-spd,4.0,2.5,20,24,21,423.0,14.167,2950,4,-3750
Chevrolet,Traverse AWD,2026,Standard Sport Utility Vehicle 4WD,All-Wheel Drive,Regular,Automatic 8-spd,4.0,2.5,20,24,21,423.0,14.167,2950,4,-3750
Dodge,Durango AWD,2026,Standard Sport Utility Vehicle 4WD,All-Wheel Drive,Regular,Automatic 8-spd,6.0,3.6,17,24,20,449.0,14.876,3100,4,-4500
Dodge,Durango AWD,2026,Standard Sport Utility Vehicle 4WD,All-Wheel Drive,Midgrade,Automatic 8-spd,8.0,5.7,14,21,16,541.0,18.594,4400,3,-11000
Genesis,GV80 AWD,2026,Standard Sport Utility Vehicle 4WD,All-Wheel Drive,Premium,Automatic (S8),4.0,2.5,19,24,21,427.0,14.167,3600,4,-7000
Genesis,GV80 AWD,2026,Standard Sport Utility Vehicle 4WD,All-Wheel Drive,Premium,Automatic (S8),6.0,3.5,16,22,19,473.0,15.658,4000,4,-9000
Genesis,GV80 MHEV,2026,Standard Sport Utility Vehicle 4WD,All-Wheel Drive,Premium,Automatic (S8),6.0,3.5,17,22,19,467.0,15.658,4000,4,-9000
GMC,Acadia AWD,2026,Standard Sport Utility Vehicle 4WD,All-Wheel Drive,Regular,Automatic 8-spd,4.0,2.5,20,23,21,423.0,14.167,2950,4,-3750
Hyundai,Palisade AWD,2026,Standard Sport Utility Vehicle 4WD,All-Wheel Drive,Regular,Automatic (S8),6.0,3.5,18,24,20,444.0,14.876,3100,4,-4500
Hyundai,Palisade XRT Pro,2026,Standard Sport Utility Vehicle 4WD,All-Wheel Drive,Regular,Automatic (S8),6.0,3.5,16,22,19,479.0,15.658,3250,4,-5250
Hyundai,Palisade Hybrid AWD,2026,Standard Sport Utility Vehicle 4WD,All-Wheel Drive,Regular,Automatic (AM-S6),4.0,2.5,29,30,29,300.0,10.259,2100,6,500
Infiniti,QX60 AWD,2026,Standard Sport Utility Vehicle 4WD,All-Wheel Drive,Premium,Automatic (S9),4.0,2.0,22,27,24,374.0,12.396,3150,5,-4750
Infiniti,QX80 4WD,2026,Standard Sport Utility Vehicle 4WD,4-Wheel Drive,Premium,Automatic (S9),6.0,3.5,16,19,17,522.0,17.501,4450,3,-11250
Land Rover,Defender 110,2026,Standard Sport Utility Vehicle 4WD,4-Wheel Drive,Premium,Automatic (S8),4.0,2.0,18,22,20,452.0,14.876,3800,4,-8000
Land Rover,Defender 90,2026,Standard Sport Utility Vehicle 4WD,4-Wheel Drive,Premium,Automatic (S8),4.0,2.0,18,21,19,465.0,15.658,4000,4,-9000
Land Rover,Defender 90,2026,Standard Sport Utility Vehicle 4WD,4-Wheel Drive,Premium,Automatic (S8),8.0,5.0,15,19,16,550.0,18.594,4750,3,-12750
Land Rover,Defender 110,2026,Standard Sport Utility Vehicle 4WD,4-Wheel Drive,Premium,Automatic (S8),8.0,5.0,14,18,16,574.0,18.594,4750,3,-12750
Land Rover,Defender 130,2026,Standard Sport Utility Vehicle 4WD,4-Wheel Drive,Premium,Automatic (S8),8.0,5.0,14,19,16,567.0,18.594,4750,3,-12750
Land Rover,Defender 110 MHEV,2026,Standard Sport Utility Vehicle 4WD,4-Wheel Drive,Premium,Automatic (S8),8.0,4.4,15,19,17,534.0,17.501,4450,3,-11250
Mercedes-Benz,AMG GLE63 S 4matic Plus,2026,Standard Sport Utility Vehicle 4WD,All-Wheel Drive,Premium,Automatic 9-spd,8.0,4.0,15,20,17,528.0,17.501,4450,3,-11250
Mercedes-Benz,AMG GLS63 4matic Plus,2026,Standard Sport Utility Vehicle 4WD,All-Wheel Drive,Premium,Automatic 9-spd,8.0,4.0,15,20,17,538.0,17.501,4450,3,-11250
Mercedes-Benz,GLS600 4matic Maybach,2026,Standard Sport Utility Vehicle 4WD,All-Wheel Drive,Premium,Automatic 9-spd,8.0,4.0,13,18,15,585.0,19.834,5050,2,-14250
Mercedes-Benz,GLE580 4matic,2026,Standard Sport Utility Vehicle 4WD,All-Wheel Drive,Premium,Automatic 9-spd,8.0,4.0,15,21,18,506.0,16.528,4200,3,-10000
Mercedes-Benz,GLS580 4matic,2026,Standard Sport Utility Vehicle 4WD,All-Wheel Drive,Premium,Automatic 9-spd,8.0,4.0,14,20,16,539.0,18.594,4750,3,-12750
Mercedes-Benz,GLE450 4matic,2026,Standard Sport Utility Vehicle 4WD,All-Wheel Drive,Premium,Automatic 9-spd,6.0,3.0,19,25,21,424.0,14.167,3600,4,-7000
Mercedes-Benz,GLE450 4matic (coupe),2026,Standard Sport Utility Vehicle 4WD,All-Wheel Drive,Premium,Automatic 9-spd,6.0,3.0,19,25,21,424.0,14.167,3600,4,-7000
Mercedes-Benz,GLS450 4matic,2026,Standard Sport Utility Vehicle 4WD,All-Wheel Drive,Premium,Automatic 9-spd,6.0,3.0,19,24,21,428.0,14.167,3600,4,-7000
Mercedes-Benz,AMG GLE53 4matic Plus,2026,Standard Sport Utility Vehicle 4WD,All-Wheel Drive,Premium,Automatic 9-spd,6.0,3.0,18,23,20,439.0,14.876,3800,4,-8000
Mercedes-Benz,AMG GLE53 4matic Plus Coupe,2026,Standard Sport Utility Vehicle 4WD,All-Wheel Drive,Premium,Automatic 9-spd,6.0,3.0,18,22,20,454.0,14.876,3800,4,-8000
Nissan,Armada 4WD,2026,Standard Sport Utility Vehicle 4WD,4-Wheel Drive,Premium,Automatic (S9),6.0,3.5,16,19,17,524.0,17.501,4450,3,-11250
Nissan,Armada 4WD PRO-4X,2026,Standard Sport Utility Vehicle 4WD,4-Wheel Drive,Premium,Automatic (S9),6.0,3.5,15,18,16,556.0,18.594,4750,3,-12750
Porsche,Cayenne,2026,Standard Sport Utility Vehicle 4WD,All-Wheel Drive,Premium,Automatic (S8),6.0,3.0,17,23,19,469.0,15.658,4000,4,-9000
Porsche,Cayenne Coupe,2026,Standard Sport Utility Vehicle 4WD,All-Wheel Drive,Premium,Automatic (S8),6.0,3.0,17,23,19,469.0,15.658,4000,4,-9000
Rolls-Royce,Cullinan,2026,Standard Sport Utility Vehicle 4WD,All-Wheel Drive,Premium,Automatic (S8),12.0,6.7,12,19,14,609.0,21.251,5450,2,-16250
Rolls-Royce,Cullinan Black Badge,2026,Standard Sport Utility Vehicle 4WD,All-Wheel Drive,Premium,Automatic (S8),12.0,6.7,12,19,14,609.0,21.251,5450,2,-16250
Toyota,Sequoia 4WD,2026,Standard Sport Utility Vehicle 4WD,Part-time 4-Wheel Drive,Regular,Automatic (S10),6.0,3.4,19,22,20,439.0,14.876,3100,4,-4500
Toyota,Sequoia 4WD,2026,Standard Sport Utility Vehicle 4WD,Part-time 4-Wheel Drive,Premium,Automatic (S10),6.0,3.4,19,22,20,439.0,14.876,3800,4,-8000
Volvo,XC90 B6 AWD,2026,Standard Sport Utility Vehicle 4WD,All-Wheel Drive,Premium,Automatic (S8),4.0,2.0,20,26,23,393.0,12.935,3300,5,-5500
Volvo,XC90 B5 AWD,2026,Standard Sport Utility Vehicle 4WD,All-Wheel Drive,Premium,Automatic (S8),4.0,2.0,22,27,24,369.0,12.396,3150,5,-4750
Bentley,Bentayga Hybrid,2026,Standard Sport Utility Vehicle 4WD,All-Wheel Drive,Premium and Electricity,Automatic (S8),6.0,3.0,19,23,21,206.0,6.779,3600,7,-1500
Bentley,Continental GT,2026,Subcompact Cars,All-Wheel Drive,Premium and Electricity,Automatic (AM-S8),8.0,4.0,17,22,19,161.0,5.359,4000,8,-500
Bentley,Continental GTC,2026,Minicompact Cars,All-Wheel Drive,Premium and Electricity,Automatic (AM-S8),8.0,4.0,17,22,19,161.0,5.359,4000,8,-500
Bentley,Flying Spur,2026,Midsize Cars,All-Wheel Drive,Premium and Electricity,Automatic (AM-S8),8.0,4.0,17,22,19,161.0,5.359,4000,8,-500
Lamborghini,Urus SE,2026,Standard Sport Utility Vehicle 4WD,4-Wheel Drive,Premium and Electricity,Automatic (S8),8.0,4.0,19,21,20,251.0,5.547,3800,8,-1000
BMW,550e xDrive Sedan,2026,Midsize Cars,All-Wheel Drive,Premium and Electricity,Automatic (S8),6.0,3.0,22,28,25,133.0,4.656,3050,9,1750
BMW,M5 Sedan,2026,Midsize Cars,All-Wheel Drive,Premium and Electricity,Automatic (S8),8.0,4.4,12,19,14,264.0,8.711,5450,6,-4750
BMW,M5 Touring,2026,Midsize Station Wagons,All-Wheel Drive,Premium and Electricity,Automatic (S8),8.0,4.4,11,17,13,304.0,10.676,5850,6,-6250
BMW,750e xDrive Sedan,2026,Large Cars,All-Wheel Drive,Premium and Electricity,Automatic (S8),6.0,3.0,23,26,24,130.0,4.503,3150,9,1750
BMW,X5 xDrive50e,2026,Standard Sport Utility Vehicle 4WD,All-Wheel Drive,Premium and Electricity,Automatic (S8),6.0,3.0,21,23,22,130.0,4.475,3450,9,1000
BMW,XM Label,2026,Standard Sport Utility Vehicle 4WD,All-Wheel Drive,Premium and Electricity,Automatic (S8),8.0,4.4,12,17,14,263.0,8.972,5450,6,-5000
Chrysler,Pacifica Hybrid,2026,Minivan - 2WD,Front-Wheel Drive,Regular Gas and Electricity,Automatic (variable gear ratios),6.0,3.6,29,30,30,119.0,4.023,2050,9,4000
Ford,Escape FWD PHEV,2026,Small Sport Utility Vehicle 2WD,Front-Wheel Drive,Regular Gas and Electricity,Automatic (variable gear ratios),4.0,2.5,42,37,40,222.0,2.676,1550,9,5750
Hyundai,Tucson Plug-in Hybrid,2026,Small Sport Utility Vehicle 4WD,All-Wheel Drive,Regular Gas and Electricity,Automatic (AM-S6),4.0,1.6,35,35,35,103.0,3.45,1750,9,4500
Kia,Niro Plug-in Hybrid,2026,Small Sport Utility Vehicle 2WD,Front-Wheel Drive,Regular Gas and Electricity,Automatic (AM-S6),4.0,1.6,49,47,48,71.0,2.392,1300,10,6500
Kia,Sorento Plug-in Hybrid,2026,Small Sport Utility Vehicle 4WD,All-Wheel Drive,Regular Gas and Electricity,Automatic (AM-S6),4.0,1.6,33,34,33,110.0,3.703,1850,9,4250
Kia,Sportage Plug-in Hybrid,2026,Small Sport Utility Vehicle 4WD,All-Wheel Drive,Regular Gas and Electricity,Automatic (AM-S6),4.0,1.6,35,36,36,97.0,3.327,1700,9,4750
Lincoln,Corsair AWD PHEV,2026,Small Sport Utility Vehicle 4WD,Part-time 4-Wheel Drive,Regular Gas and Electricity,Automatic (variable gear ratios),4.0,2.5,34,32,33,122.0,4.096,1850,6,4000
Mercedes-Benz,AMG E53 Hybrid 4matic Plus,2026,Midsize Cars,All-Wheel Drive,Premium and Electricity,Automatic 9-spd,6.0,3.0,22,27,24,115.0,3.796,3150,9,1750
Mercedes-Benz,AMG E53 Hybrid 4matic Plus (station wagon),2026,Midsize Station Wagons,All-Wheel Drive,Premium and Electricity,Automatic 9-spd,6.0,3.0,21,25,22,127.0,4.25,3450,9,1000
Volvo,XC60 T8 AWD,2026,Small Sport Utility Vehicle 4WD,All-Wheel Drive,Premium and Electricity,Automatic (S8),4.0,2.0,28,28,28,122.0,3.9,2700,9,2500
Volvo,XC90 T8 AWD,2026,Standard Sport Utility Vehicle 4WD,All-Wheel Drive,Premium and Electricity,Automatic (S8),4.0,2.0,26,27,27,137.0,4.443,2800,9,1500
Aston Martin,Vantage,2026,Two Seaters,Rear-Wheel Drive,Premium,Automatic 8-spd,8.0,4.0,15,22,18,498.0,16.528,4200,3,-10000
Chevrolet,Corvette E-Ray,2026,Two Seaters,All-Wheel Drive,Premium,Automatic (S8),8.0,6.2,16,24,19,477.0,15.658,4000,4,-9000
Ferrari,12Cilindri,2026,Two Seaters,Rear-Wheel Drive,Premium,Automatic (AM8),12.0,6.5,12,19,14,619.0,21.251,5450,2,-16250
Ferrari,12Cilindri Spider,2026,Two Seaters,Rear-Wheel Drive,Premium,Automatic (AM8),12.0,6.5,12,17,14,633.0,21.251,5450,2,-16250
Nissan,Z,2026,Two Seaters,Rear-Wheel Drive,Premium,Manual 6-spd,6.0,3.0,18,24,20,435.0,14.876,3800,4,-8000
Nissan,Z,2026,Two Seaters,Rear-Wheel Drive,Premium,Automatic (S9),6.0,3.0,19,28,22,405.0,13.523,3450,4,-6250
Nissan,Z NISMO,2026,Two Seaters,Rear-Wheel Drive,Premium,Automatic (S9),6.0,3.0,17,24,19,469.0,15.658,4000,4,-9000
Aston Martin,DB12 V8,2026,Minicompact Cars,Rear-Wheel Drive,Premium,Automatic 8-spd,8.0,4.0,15,22,17,507.0,17.501,4450,3,-11250
Ferrari,Roma Spider,2026,Minicompact Cars,Rear-Wheel Drive,Premium,Automatic (AM8),8.0,3.9,17,22,19,467.0,15.658,4000,4,-9000
Porsche,911 Carrera GTS,2026,Minicompact Cars,Rear-Wheel Drive,Premium,Automatic (AM-S8),6.0,3.6,17,24,20,453.0,14.876,3800,4,-8000
Porsche,911 Carrera GTS Cabriolet,2026,Minicompact Cars,Rear-Wheel Drive,Premium,Automatic (AM-S8),6.0,3.6,17,23,19,467.0,15.658,4000,4,-9000
Porsche,911 Carrera 4 GTS,2026,Minicompact Cars,All-Wheel Drive,Premium,Automatic (AM-S8),6.0,3.6,17,23,19,468.0,15.658,4000,4,-9000
Porsche,911 Carrera 4 GTS Cabriolet,2026,Minicompact Cars,All-Wheel Drive,Premium,Automatic (AM-S8),6.0,3.6,17,23,19,469.0,15.658,4000,4,-9000
Porsche,911 Targa 4 GTS,2026,Minicompact Cars,All-Wheel Drive,Premium,Automatic (AM-S8),6.0,3.6,17,23,19,467.0,15.658,4000,4,-9000
Subaru,BRZ,2026,Minicompact Cars,Rear-Wheel Drive,Premium,Manual 6-spd,4.0,2.4,20,27,22,399.0,13.523,3450,4,-6250
Subaru,BRZ,2026,Minicompact Cars,Rear-Wheel Drive,Premium,Automatic (S6),4.0,2.4,21,30,25,362.0,11.9,3050,5,-4250
Audi,A3 quattro,2026,Subcompact Cars,All-Wheel Drive,Premium,Automatic (AM-S7),4.0,2.0,24,34,28,323.0,10.625,2700,5,-2500
Audi,S3,2026,Subcompact Cars,All-Wheel Drive,Premium,Automatic (AM-S7),4.0,2.0,23,31,26,346.0,11.443,2900,5,-3500
Audi,RS 3,2026,Subcompact Cars,All-Wheel Drive,Premium,Automatic (AM-S7),5.0,2.5,20,29,23,387.0,12.935,3300,5,-5500
Ford,Mustang,2026,Subcompact Cars,Rear-Wheel Drive,Regular,Automatic (S10),8.0,5.0,16,24,19,468.0,15.658,3250,4,-5250
Ford,Mustang,2026,Subcompact Cars,Rear-Wheel Drive,Regular,Manual 6-spd,8.0,5.0,15,23,18,494.0,16.528,3400,3,-6000
Ford,Mustang,2026,Subcompact Cars,Rear-Wheel Drive,Regular,Automatic 10-spd,4.0,2.3,22,33,26,341.0,11.443,2350,5,-750
Ford,Mustang Dark Horse,2026,Subcompact Cars,Rear-Wheel Drive,Regular,Automatic (S10),8.0,5.0,14,22,17,525.0,17.501,3600,3,-7000
Ford,Mustang Dark Horse,2026,Subcompact Cars,Rear-Wheel Drive,Regular,Manual 6-spd,8.0,5.0,14,22,17,533.0,17.501,3600,3,-7000
Maserati,Granturismo Trofeo,2026,Subcompact Cars,All-Wheel Drive,Premium,Automatic 8-spd,6.0,3.0,18,27,21,412.0,14.167,3600,4,-7000
Maserati,Grancabrio Trofeo,2026,Subcompact Cars,All-Wheel Drive,Premium,Automatic 8-spd,6.0,3.0,17,26,20,430.0,14.876,3800,4,-8000
Maserati,Granturismo,2026,Subcompact Cars,All-Wheel Drive,Premium,Automatic 8-spd,6.0,3.0,18,27,21,412.0,14.167,3600,4,-7000
Maserati,Grancabrio,2026,Subcompact Cars,All-Wheel Drive,Premium,Automatic 8-spd,6.0,3.0,17,26,20,430.0,14.876,3800,4,-8000
Ferrari,Purosangue,2026,Compact Cars,All-Wheel Drive,Premium,Automatic (AM8),12.0,6.5,11,15,12,711.0,24.792,6350,1,-20750
Mercedes-Benz,AMG CLA35 4matic,2026,Compact Cars,All-Wheel Drive,Premium,Automatic (AM8),4.0,2.0,22,29,25,361.0,11.9,3050,5,-4250
Toyota,Corolla Hybrid SE,2026,Compact Cars,Front-Wheel Drive,Regular,Automatic (variable gear ratios),4.0,1.8,50,43,47,186.0,6.33,1300,8,4500
Toyota,Corolla Hybrid,2026,Compact Cars,Front-Wheel Drive,Regular,Automatic (variable gear ratios),4.0,1.8,53,46,50,176.0,5.95,1250,8,4750
Toyota,Corolla Hybrid SE AWD,2026,Compact Cars,All-Wheel Drive,Regular,Automatic (variable gear ratios),4.0,1.8,47,41,44,199.0,6.762,1400,7,4000
Toyota,Corolla Hybrid AWD,2026,Compact Cars,All-Wheel Drive,Regular,Automatic (variable gear ratios),4.0,1.8,51,44,48,183.0,6.198,1300,8,4500
Toyota,Corolla (1-mode TM),2026,Compact Cars,Front-Wheel Drive,Regular,Automatic (variable gear ratios),4.0,2.0,32,41,35,254.0,8.5,1750,6,2250
Toyota,Corolla (3-mode TM),2026,Compact Cars,Front-Wheel Drive,Regular,Automatic (variable gear ratios),4.0,2.0,31,40,34,257.0,8.75,1800,6,2000
Toyota,Corolla,2026,Compact Cars,Front-Wheel Drive,Regular,Automatic (AV-S10),4.0,2.0,31,38,34,265.0,8.75,1800,6,2000
Toyota,Corolla Hatchback,2026,Compact Cars,Front-Wheel Drive,Regular,Automatic (AV-S10),4.0,2.0,32,41,35,254.0,8.5,1750,6,2250
Toyota,Corolla Hatchback XSE,2026,Compact Cars,Front-Wheel Drive,Regular,Automatic (AV-S10),4.0,2.0,30,38,33,266.0,9.015,1850,6,1750
Toyota,Corolla Hatchback FX,2026,Compact Cars,Front-Wheel Drive,Regular,Automatic (AV-S10),4.0,2.0,30,38,33,267.0,9.015,1850,6,1750
Hyundai,Elantra non-ISG,2026,Midsize Cars,Front-Wheel Drive,Regular,Automatic (AV-S1),4.0,2.0,30,40,34,263.0,8.75,1800,6,2000
Hyundai,Elantra w/Stop-Start,2026,Midsize Cars,Front-Wheel Drive,Regular,Automatic (AV-S1),4.0,2.0,31,40,35,254.0,8.5,1750,6,2250
Hyundai,Elantra,2026,Midsize Cars,Front-Wheel Drive,Regular,Automatic (AM-S7),4.0,1.6,28,35,31,288.0,9.597,2000,6,1000
Hyundai,Elantra Hybrid,2026,Midsize Cars,Front-Wheel Drive,Regular,Automatic (AM-S6),4.0,1.6,49,52,50,177.0,5.95,1250,8,4750
Hyundai,Elantra Hybrid Blue,2026,Midsize Cars,Front-Wheel Drive,Regular,Automatic (AM-S6),4.0,1.6,51,58,54,165.0,5.509,1150,8,5250
Hyundai,Elantra N,2026,Midsize Cars,Front-Wheel Drive,Premium,Automatic (AM-S8),4.0,2.0,20,27,23,392.0,12.935,3300,5,-5500
Hyundai,Elantra N,2026,Midsize Cars,Front-Wheel Drive,Premium,Manual 6-spd,4.0,2.0,21,29,24,366.0,12.396,3150,5,-4750
Toyota,Crown AWD,2026,Midsize Cars,All-Wheel Drive,Regular,Automatic (AV-S6),4.0,2.4,29,32,30,293.0,9.917,2050,6,750
Toyota,Camry HEV AWD SE/XLE,2026,Midsize Cars,All-Wheel Drive,Regular,Automatic (AV-S6),4.0,2.5,46,46,46,192.0,6.468,1350,7,4250
Toyota,Camry HEV AWD XSE,2026,Midsize Cars,All-Wheel Drive,Regular,Automatic (AV-S6),4.0,2.5,43,43,43,205.0,6.919,1450,7,3750
Toyota,Camry HEV FF LE,2026,Midsize Cars,Front-Wheel Drive,Regular,Automatic (AV-S6),4.0,2.5,52,49,51,173.0,5.834,1200,8,5000
Toyota,Camry HEV FF SE/XLE/XSE,2026,Midsize Cars,Front-Wheel Drive,Regular,Automatic (AV-S6),4.0,2.5,47,45,46,191.0,6.468,1350,7,4250
Toyota,Camry HEV AWD LE,2026,Midsize Cars,All-Wheel Drive,Regular,Automatic (AV-S6),4.0,2.5,50,49,50,178.0,5.95,1250,8,4750
Audi,S8,2026,Large Cars,All-Wheel Drive,Premium,Automatic (S8),8.0,4.0,15,24,18,502.0,16.528,4200,3,-10000
Audi,A8 quattro,2026,Large Cars,All-Wheel Drive,Premium,Automatic (S8),6.0,3.0,19,27,22,414.0,13.523,3450,4,-6250
Genesis,G90 MHEV,2026,Large Cars,All-Wheel Drive,Premium,Automatic (S8),6.0,3.5,17,24,20,441.0,14.876,3800,4,-8000
Porsche,Panamera,2026,Large Cars,Rear-Wheel Drive,Premium,Automatic (AM-S8),6.0,2.9,18,25,21,431.0,14.167,3600,4,-7000
Porsche,Panamera 4,2026,Large Cars,All-Wheel Drive,Premium,Automatic (AM-S8),6.0,2.9,18,25,21,425.0,14.167,3600,4,-7000
Audi,A6 Allroad quattro,2026,Midsize Station Wagons,All-Wheel Drive,Premium,Automatic (AM-S7),6.0,3.0,21,30,24,365.0,12.396,3150,5,-4750
GMC,Canyon 2WD,2026,Standard Pickup Trucks 2WD,Rear-Wheel Drive,Regular,Automatic 8-spd,4.0,2.7,19,23,20,443.0,14.876,3100,4,-4500
Nissan,Frontier 2WD,2026,Standard Pickup Trucks 2WD,Rear-Wheel Drive,Regular,Automatic (S9),6.0,3.8,19,24,21,423.0,14.167,2950,4,-3750
Ram,1500 2WD,2026,Standard Pickup Trucks 2WD,Rear-Wheel Drive,Regular,Automatic 8-spd,6.0,3.6,20,25,22,407.0,13.523,2800,4,-3000
Honda,Ridgeline AWD,2026,Standard Pickup Trucks 4WD,All-Wheel Drive,Regular,Automatic (S9),6.0,3.5,18,24,21,441.0,14.167,2950,4,-3750
Honda,Ridgeline AWD TrailSport,2026,Standard Pickup Trucks 4WD,All-Wheel Drive,Regular,Automatic (S9),6.0,3.5,18,23,20,446.0,14.876,3100,4,-4500
Jeep,Gladiator 4WD,2026,Standard Pickup Trucks 4WD,4-Wheel Drive,Regular,Automatic 8-spd,6.0,3.6,17,22,19,469.0,15.658,3250,4,-5250
Nissan,Frontier 4WD,2026,Standard Pickup Trucks 4WD,Part-time 4-Wheel Drive,Regular,Automatic (S9),6.0,3.8,17,21,19,479.0,15.658,3250,4,-5250
Nissan,Frontier 4WD PRO4X,2026,Standard Pickup Trucks 4WD,Part-time 4-Wheel Drive,Regular,Automatic (S9),6.0,3.8,16,20,18,504.0,16.528,3400,3,-6000
Ram,1500 4WD,2026,Standard Pickup Trucks 4WD,4-Wheel Drive,Regular,Automatic 8-spd,6.0,3.6,19,24,21,417.0,14.167,2950,4,-3750
Mercedes-Benz,GLB250,2026,Special Purpose Vehicle 2WD,Front-Wheel Drive,Premium,Automatic (AM8),4.0,2.0,25,33,28,311.0,10.625,2700,5,-2500
Ford,Escape FWD,2026,Small Sport Utility Vehicle 2WD,Front-Wheel Drive,Regular,Automatic 8-spd,3.0,1.5,27,34,30,298.0,9.917,2050,6,750
Lexus,RX 350,2026,Small Sport Utility Vehicle 2WD,Front-Wheel Drive,Premium,Automatic (S8),4.0,2.4,22,29,25,354.0,11.9,3050,5,-4250
Lincoln,Corsair FWD,2026,Small Sport Utility Vehicle 2WD,Front-Wheel Drive,Regular,Automatic (S8),4.0,2.0,22,30,25,358.0,11.9,2450,5,-1250
Nissan,Kicks,2026,Small Sport Utility Vehicle 2WD,Front-Wheel Drive,Regular,Automatic (variable gear ratios),4.0,2.0,28,35,31,287.0,9.597,2000,6,1000
Toyota,Corolla Cross,2026,Small Sport Utility Vehicle 2WD,Front-Wheel Drive,Regular,Automatic (AV-S10),4.0,2.0,31,33,32,276.0,9.297,1900,6,1500
Acura,RDX AWD,2026,Small Sport Utility Vehicle 4WD,All-Wheel Drive,Premium,Automatic (S10),4.0,2.0,21,27,23,385.0,12.935,3300,5,-5500
Acura,RDX AWD A-SPEC,2026,Small Sport Utility Vehicle 4WD,All-Wheel Drive,Premium,Automatic (S10),4.0,2.0,21,26,23,386.0,12.935,3300,5,-5500
Ford,Escape AWD,2026,Small Sport Utility Vehicle 4WD,All-Wheel Drive,Regular,Automatic 8-spd,4.0,2.0,23,31,26,342.0,11.443,2350,5,-750
Ford,Escape AWD,2026,Small Sport Utility Vehicle 4WD,All-Wheel Drive,Regular,Automatic 8-spd,3.0,1.5,26,32,28,317.0,10.625,2200,5,0
Ford,Escape AWD HEV,2026,Small Sport Utility Vehicle 4WD,Part-time 4-Wheel Drive,Regular,Automatic (variable gear ratios),4.0,2.5,42,36,39,225.0,7.628,1600,7,3000
Jeep,Wrangler 2dr 4WD,2026,Small Sport Utility Vehicle 4WD,4-Wheel Drive,Regular,Automatic 8-spd,4.0,2.0,20,23,21,416.0,14.167,2950,4,-3750
Jeep,Wrangler 2dr 4WD,2026,Small Sport Utility Vehicle 4WD,4-Wheel Drive,Regular,Manual 6-spd,6.0,3.6,17,23,19,462.0,15.658,3250,4,-5250
Jeep,Wrangler 4dr 4WD,2026,Small Sport Utility Vehicle 4WD,4-Wheel Drive,Regular,Automatic 8-spd,4.0,2.0,20,22,21,426.0,14.167,2950,4,-3750
Jeep,Wrangler 4dr 4WD,2026,Small Sport Utility Vehicle 4WD,4-Wheel Drive,Regular,Automatic 8-spd,6.0,3.6,18,23,20,451.0,14.876,3100,4,-4500
Jeep,Wrangler 4dr 4WD,2026,Small Sport Utility Vehicle 4WD,4-Wheel Drive,Regular,Manual 6-spd,6.0,3.6,16,22,19,476.0,15.658,3250,4,-5250
Lexus,RX 350h AWD,2026,Small Sport Utility Vehicle 4WD,All-Wheel Drive,Premium,Automatic (AV-S6),4.0,2.5,37,34,36,244.0,8.264,2100,7,500
Lexus,RX 350 AWD,2026,Small Sport Utility Vehicle 4WD,All-Wheel Drive,Premium,Automatic (S8),4.0,2.4,21,28,24,370.0,12.396,3150,5,-4750
Lexus,RX 500h AWD,2026,Small Sport Utility Vehicle 4WD,All-Wheel Drive,Premium,Automatic (S6),4.0,2.4,27,28,27,321.0,11.019,2800,5,-3000
Lincoln,Corsair AWD,2026,Small Sport Utility Vehicle 4WD,All-Wheel Drive,Regular,Automatic (S8),4.0,2.0,21,28,24,376.0,12.396,2550,5,-1750
Maserati,Grecale Trofeo,2026,Small Sport Utility Vehicle 4WD,All-Wheel Drive,Premium,Automatic 8-spd,6.0,3.0,18,25,20,432.0,14.876,3800,4,-8000
Maserati,Grecale Modena V6,2026,Small Sport Utility Vehicle 4WD,All-Wheel Drive,Premium,Automatic 8-spd,6.0,3.0,18,25,20,432.0,14.876,3800,4,-8000
Mazda,CX-30 4WD,2026,Small Sport Utility Vehicle 4WD,4-Wheel Drive,Regular,Automatic (S6),4.0,2.5,24,31,27,329.0,11.019,2300,5,-500
Mazda,CX-30 4WD,2026,Small Sport Utility Vehicle 4WD,4-Wheel Drive,Regular,Automatic (S6),4.0,2.5,22,30,25,353.0,11.9,2450,5,-1250
Mitsubishi,Eclipse Cross 4WD,2026,Small Sport Utility Vehicle 4WD,4-Wheel Drive,Regular,Automatic (AV-S8),4.0,1.5,25,26,25,353.0,11.9,2450,5,-1250
Mitsubishi,Eclipse Cross ES 4WD,2026,Small Sport Utility Vehicle 4WD,4-Wheel Drive,Regular,Automatic (AV-S8),4.0,1.5,25,28,26,339.0,11.443,2350,5,-750
Nissan,Murano AWD,2026,Small Sport Utility Vehicle 4WD,All-Wheel Drive,Regular,Automatic (S9),4.0,2.0,21,27,23,387.0,12.935,2650,5,-2250
Nissan,Kicks AWD,2026,Small Sport Utility Vehicle 4WD,All-Wheel Drive,Regular,Automatic (variable gear ratios),4.0,2.0,27,34,30,299.0,9.917,2050,6,750
Toyota,Corolla Cross AWD,2026,Small Sport Utility Vehicle 4WD,All-Wheel Drive,Regular,Automatic (AV-S10),4.0,2.0,29,31,30,295.0,9.917,2050,6,750
Toyota,Corolla Cross Hybrid AWD,2026,Small Sport Utility Vehicle 4WD,All-Wheel Drive,Regular,Automatic (AV-S6),4.0,2.0,46,39,42,211.0,7.084,1450,7,3750
Chevrolet,Tahoe 2WD,2026,Standard Sport Utility Vehicle 2WD,Rear-Wheel Drive,Premium,Automatic 10-spd,8.0,6.2,15,20,17,523.0,17.501,4450,3,-11250
Chevrolet,Suburban 2WD,2026,Standard Sport Utility Vehicle 2WD,Rear-Wheel Drive,Premium,Automatic 10-spd,8.0,6.2,15,19,16,544.0,18.594,4750,3,-12750
Chevrolet,Tahoe 2WD,2026,Standard Sport Utility Vehicle 2WD,Rear-Wheel Drive,Regular,Automatic 10-spd,8.0,5.3,15,20,17,530.0,17.501,3600,3,-7000
Chevrolet,Suburban 2WD,2026,Standard Sport Utility Vehicle 2WD,Rear-Wheel Drive,Regular,Automatic 10-spd,8.0,5.3,15,20,17,530.0,17.501,3600,3,-7000
Chevrolet,Suburban 2WD,2026,Standard Sport Utility Vehicle 2WD,Rear-Wheel Drive,Diesel,Automatic 10-spd,6.0,3.0,21,26,23,442.0,15.53,3450,4,-6250
Chevrolet,Tahoe 2WD,2026,Standard Sport Utility Vehicle 2WD,Rear-Wheel Drive,Diesel,Automatic 10-spd,6.0,3.0,22,26,24,427.0,14.883,3300,4,-5500
Ford,Explorer RWD,2026,Standard Sport Utility Vehicle 2WD,Rear-Wheel Drive,Regular,Automatic (S10),6.0,3.0,18,25,21,423.0,14.167,2950,4,-3750
Ford,Explorer RWD,2026,Standard Sport Utility Vehicle 2WD,Rear-Wheel Drive,Regular,Automatic 10-spd,4.0,2.3,20,29,24,377.0,12.396,2550,5,-1750
GMC,Yukon 2WD,2026,Standard Sport Utility Vehicle 2WD,Rear-Wheel Drive,Premium,Automatic 10-spd,8.0,6.2,15,20,17,523.0,17.501,4450,3,-11250
GMC,Yukon XL 2WD,2026,Standard Sport Utility Vehicle 2WD,Rear-Wheel Drive,Premium,Automatic 10-spd,8.0,6.2,15,19,16,544.0,18.594,4750,3,-12750
GMC,Yukon 2WD,2026,Standard Sport Utility Vehicle 2WD,Rear-Wheel Drive,Regular,Automatic 10-spd,8.0,5.3,15,20,17,530.0,17.501,3600,3,-7000
GMC,Yukon XL 2WD,2026,Standard Sport Utility Vehicle 2WD,Rear-Wheel Drive,Regular,Automatic 10-spd,8.0,5.3,15,20,17,530.0,17.501,3600,3,-7000
GMC,Yukon XL 2WD,2026,Standard Sport Utility Vehicle 2WD,Rear-Wheel Drive,Diesel,Automatic 10-spd,6.0,3.0,21,26,23,442.0,15.53,3450,4,-6250
GMC,Yukon 2WD,2026,Standard Sport Utility Vehicle 2WD,Rear-Wheel Drive,Diesel,Automatic 10-spd,6.0,3.0,21,26,23,442.0,15.53,3450,4,-6250
Hyundai,Palisade Hybrid FWD,2026,Standard Sport Utility Vehicle 2WD,Front-Wheel Drive,Regular,Automatic (AM-S6),4.0,2.5,31,32,31,283.0,9.597,2000,6,1000
Lexus,TX 350,2026,Standard Sport Utility Vehicle 2WD,Front-Wheel Drive,Premium,Automatic (S8),4.0,2.4,21,27,23,382.0,12.935,3300,5,-5500
Lincoln,Aviator RWD,2026,Standard Sport Utility Vehicle 2WD,Rear-Wheel Drive,Regular,Automatic (S10),6.0,3.0,18,25,21,423.0,14.167,2950,4,-3750
Toyota,Grand Highlander Hybrid,2026,Standard Sport Utility Vehicle 2WD,Front-Wheel Drive,Regular,Automatic (AV-S6),4.0,2.5,37,34,36,246.0,8.264,1700,7,2500
Toyota,Grand Highlander LE/XLE,2026,Standard Sport Utility Vehicle 2WD,Front-Wheel Drive,Regular,Automatic (S8),4.0,2.4,21,28,24,371.0,12.396,2550,5,-1750
Toyota,Grand Highlander Limited,2026,Standard Sport Utility Vehicle 2WD,Front-Wheel Drive,Regular,Automatic (S8),4.0,2.4,21,28,24,366.0,12.396,2550,5,-1750
Aston Martin,DBX 707,2026,Standard Sport Utility Vehicle 4WD,4-Wheel Drive,Premium,Automatic 9-spd,8.0,4.0,15,20,17,537.0,17.501,4450,3,-11250
Aston Martin,DBX 727,2026,Standard Sport Utility Vehicle 4WD,4-Wheel Drive,Premium,Automatic 9-spd,8.0,4.0,14,19,16,546.0,18.594,4750,3,-12750
Audi,Q7,2026,Standard Sport Utility Vehicle 4WD,All-Wheel Drive,Premium,Automatic (S8),4.0,2.0,20,26,22,405.0,13.523,3450,4,-6250
Audi,SQ8,2026,Standard Sport Utility Vehicle 4WD,All-Wheel Drive,Premium,Automatic (S8),8.0,4.0,14,20,16,540.0,18.594,4750,3,-12750
Audi,RS Q8 Performance,2026,Standard Sport Utility Vehicle 4WD,All-Wheel Drive,Premium,Automatic (S8),8.0,4.0,14,20,16,547.0,18.594,4750,3,-12750
Audi,Q7 quattro,2026,Standard Sport Utility Vehicle 4WD,All-Wheel Drive,Premium,Automatic (S8),6.0,3.0,18,23,20,442.0,14.876,3800,4,-8000
Audi,Q8 quattro,2026,Standard Sport Utility Vehicle 4WD,All-Wheel Drive,Premium,Automatic (S8),6.0,3.0,17,23,19,459.0,15.658,4000,4,-9000
Cadillac,Escalade V AWD,2026,Standard Sport Utility Vehicle 4WD,4-Wheel Drive,Premium,Automatic (S10),8.0,6.2,11,17,13,691.0,22.885,5850,1,-18250
Cadillac,Escalade 4WD,2026,Standard Sport Utility Vehicle 4WD,4-Wheel Drive,Premium,Automatic 10-spd,8.0,6.2,14,18,16,572.0,18.594,4750,3,-12750
Chevrolet,Tahoe 4WD,2026,Standard Sport Utility Vehicle 4WD,4-Wheel Drive,Premium,Automatic 10-spd,8.0,6.2,14,18,16,572.0,18.594,4750,3,-12750
Chevrolet,Suburban 4WD,2026,Standard Sport Utility Vehicle 4WD,4-Wheel Drive,Premium,Automatic 10-spd,8.0,6.2,14,18,16,572.0,18.594,4750,3,-12750
Chevrolet,Tahoe 4WD,2026,Standard Sport Utility Vehicle 4WD,4-Wheel Drive,Regular,Automatic 10-spd,8.0,5.3,15,19,17,536.0,17.501,3600,3,-7000
Chevrolet,Suburban 4WD,2026,Standard Sport Utility Vehicle 4WD,4-Wheel Drive,Regular,Automatic 10-spd,8.0,5.3,14,19,16,571.0,18.594,3850,3,-8250
Chevrolet,Suburban 4WD,2026,Standard Sport Utility Vehicle 4WD,4-Wheel Drive,Diesel,Automatic 10-spd,6.0,3.0,20,24,22,460.0,16.236,3600,4,-7000
Chevrolet,Tahoe 4WD,2026,Standard Sport Utility Vehicle 4WD,4-Wheel Drive,Diesel,Automatic 10-spd,6.0,3.0,20,24,22,460.0,16.236,3600,4,-7000
Ford,Explorer AWD,2026,Standard Sport Utility Vehicle 4WD,Part-time 4-Wheel Drive,Regular,Automatic (S10),6.0,3.0,18,25,20,439.0,14.876,3100,4,-4500
Ford,Explorer AWD,2026,Standard Sport Utility Vehicle 4WD,Part-time 4-Wheel Drive,Regular,Automatic 10-spd,4.0,2.3,20,27,23,394.0,12.935,2650,5,-2250
Ford,Explorer Tremor AWD,2026,Standard Sport Utility Vehicle 4WD,Part-time 4-Wheel Drive,Regular,Automatic (S10),4.0,2.3,19,23,21,424.0,14.167,2950,4,-3750
GMC,Yukon 4WD,2026,Standard Sport Utility Vehicle 4WD,4-Wheel Drive,Premium,Automatic 10-spd,8.0,6.2,14,18,16,572.0,18.594,4750,3,-12750
GMC,Yukon XL 4WD,2026,Standard Sport Utility Vehicle 4WD,4-Wheel Drive,Premium,Automatic 10-spd,8.0,6.2,14,18,16,572.0,18.594,4750,3,-12750
GMC,Yukon 4WD,2026,Standard Sport Utility Vehicle 4WD,4-Wheel Drive,Regular,Automatic 10-spd,8.0,5.3,15,19,17,536.0,17.501,3600,3,-7000
GMC,Yukon XL 4WD,2026,Standard Sport Utility Vehicle 4WD,4-Wheel Drive,Regular,Automatic 10-spd,8.0,5.3,14,19,16,571.0,18.594,3850,3,-8250
GMC,Yukon XL 4WD,2026,Standard Sport Utility Vehicle 4WD,4-Wheel Drive,Diesel,Automatic 10-spd,6.0,3.0,20,24,22,460.0,16.236,3600,4,-7000
GMC,Yukon 4WD,2026,Standard Sport Utility Vehicle 4WD,4-Wheel Drive,Diesel,Automatic 10-spd,6.0,3.0,20,24,22,460.0,16.236,3600,4,-7000
Land Rover,Range Rover SV LWB MHEV,2026,Standard Sport Utility Vehicle 4WD,4-Wheel Drive,Premium,Automatic (S8),8.0,4.4,16,22,18,501.0,16.528,4200,3,-10000
Land Rover,Range Rover MHEV,2026,Standard Sport Utility Vehicle 4WD,4-Wheel Drive,Premium,Automatic (S8),8.0,4.4,16,23,19,477.0,15.658,4000,4,-9000
Land Rover,Range Rover LWB MHEV,2026,Standard Sport Utility Vehicle 4WD,4-Wheel Drive,Premium,Automatic (S8),8.0,4.4,16,22,18,501.0,16.528,4200,3,-10000
Land Rover,Range Rover Sport MHEV,2026,Standard Sport Utility Vehicle 4WD,4-Wheel Drive,Premium,Automatic (S8),8.0,4.4,16,23,19,477.0,15.658,4000,4,-9000
Land Rover,Range Rover Sport SVR MHEV,2026,Standard Sport Utility Vehicle 4WD,4-Wheel Drive,Premium,Automatic (S8),8.0,4.4,16,22,18,497.0,16.528,4200,3,-10000
Land Rover,Range Rover SV MHEV,2026,Standard Sport Utility Vehicle 4WD,4-Wheel Drive,Premium,Automatic (S8),8.0,4.4,16,23,18,487.0,16.528,4200,3,-10000
Land Rover,Defender 130 Outbound,2026,Standard Sport Utility Vehicle 4WD,4-Wheel Drive,Premium,Automatic (S8),6.0,3.0,17,19,18,500.0,16.528,4200,3,-10000
Land Rover,Defender 110 Trophy MHEV,2026,Standard Sport Utility Vehicle 4WD,4-Wheel Drive,Premium,Automatic (S8),6.0,3.0,17,18,17,512.0,17.501,4450,3,-11250
Lexus,TX 500h AWD,2026,Standard Sport Utility Vehicle 4WD,All-Wheel Drive,Premium,Automatic (S6),4.0,2.4,27,28,27,322.0,11.019,2800,5,-3000
Lexus,TX 350 AWD,2026,Standard Sport Utility Vehicle 4WD,All-Wheel Drive,Premium,Automatic (S8),4.0,2.4,20,26,23,387.0,12.935,3300,5,-5500
Lincoln,Aviator AWD,2026,Standard Sport Utility Vehicle 4WD,Part-time 4-Wheel Drive,Regular,Automatic (S10),6.0,3.0,17,25,20,447.0,14.876,3100,4,-4500
Mazda,CX-90 4WD,2026,Standard Sport Utility Vehicle 4WD,4-Wheel Drive,Regular,Automatic (S8),6.0,3.3,23,28,25,358.0,11.9,2450,5,-1250
Mazda,CX-90 4WD,2026,Standard Sport Utility Vehicle 4WD,4-Wheel Drive,Premium,Automatic (S8),6.0,3.3,23,28,25,354.0,11.9,3050,5,-4250
Mercedes-Benz,AMG GLE63 S 4matic Plus Coupe,2026,Standard Sport Utility Vehicle 4WD,All-Wheel Drive,Premium,Automatic 9-spd,8.0,4.0,15,21,17,523.0,17.501,4450,3,-11250
Mercedes-Benz,G550,2026,Standard Sport Utility Vehicle 4WD,4-Wheel Drive,Premium,Automatic 9-spd,6.0,3.0,17,19,18,490.0,16.528,4200,3,-10000
Porsche,Cayenne S,2026,Standard Sport Utility Vehicle 4WD,All-Wheel Drive,Premium,Automatic (S8),8.0,4.0,16,21,18,492.0,16.528,4200,3,-10000
Porsche,Cayenne S Coupe,2026,Standard Sport Utility Vehicle 4WD,All-Wheel Drive,Premium,Automatic (S8),8.0,4.0,16,21,18,492.0,16.528,4200,3,-10000
Porsche,Cayenne Turbo GT,2026,Standard Sport Utility Vehicle 4WD,All-Wheel Drive,Premium,Automatic (S8),8.0,4.0,15,20,17,521.0,17.501,4450,3,-11250
Porsche,Cayenne GTS,2026,Standard Sport Utility Vehicle 4WD,All-Wheel Drive,Premium,Automatic (S8),8.0,4.0,15,22,18,512.0,16.528,4200,3,-10000
Porsche,Cayenne GTS Coupe,2026,Standard Sport Utility Vehicle 4WD,All-Wheel Drive,Premium,Automatic (S8),8.0,4.0,16,22,18,489.0,16.528,4200,3,-10000
Toyota,Grand Highlander Hybrid AWD,2026,Standard Sport Utility Vehicle 4WD,All-Wheel Drive,Regular,Automatic (AV-S6),4.0,2.5,36,32,34,260.0,8.75,1800,6,2000
Toyota,Land Cruiser,2026,Standard Sport Utility Vehicle 4WD,4-Wheel Drive,Premium,Automatic (S8),4.0,2.4,22,25,23,379.0,12.935,3300,5,-5500
Toyota,Grand Highlander Hybrid AWD,2026,Standard Sport Utility Vehicle 4WD,All-Wheel Drive,Regular,Automatic (S6),4.0,2.4,26,27,27,332.0,11.019,2300,5,-500
Toyota,Grand Highlander AWD LE/XLE,2026,Standard Sport Utility Vehicle 4WD,All-Wheel Drive,Regular,Automatic (S8),4.0,2.4,21,27,23,379.0,12.935,2650,5,-2250
Toyota,Grand Highlander AWD Limited/Platinum,2026,Standard Sport Utility Vehicle 4WD,All-Wheel Drive,Regular,Automatic (S8),4.0,2.4,20,26,22,400.0,13.523,2800,4,-3000
Porsche,911 Carrera 4S,2026,Minicompact Cars,All-Wheel Drive,Premium,Automatic (AM-S8),6.0,3.0,17,24,20,453.0,14.876,3800,4,-8000
Porsche,911 Carrera 4S Cabriolet,2026,Minicompact Cars,All-Wheel Drive,Premium,Automatic (AM-S8),6.0,3.0,17,24,20,446.0,14.876,3800,4,-8000
Porsche,911 Targa 4S,2026,Minicompact Cars,All-Wheel Drive,Premium,Automatic (AM-S8),6.0,3.0,17,24,20,447.0,14.876,3800,4,-8000
Alfa Romeo,Giulia AWD,2026,Midsize Cars,All-Wheel Drive,Premium,Automatic 8-spd,4.0,2.0,23,31,26,348.0,11.443,2900,5,-3500
Audi,A6 Sedan,2026,Midsize Cars,All-Wheel Drive,Premium,Automatic (AM-S7),6.0,3.0,20,29,23,387.0,12.935,3300,5,-5500
Cadillac,XT5 FWD,2026,Small Sport Utility Vehicle 2WD,Front-Wheel Drive,Regular,Automatic (S9),6.0,3.6,19,26,21,423.0,14.167,2950,4,-3750
Cadillac,XT5 FWD,2026,Small Sport Utility Vehicle 2WD,Front-Wheel Drive,Premium,Automatic (S9),4.0,2.0,22,29,24,370.0,12.396,3150,5,-4750
Chevrolet,Blazer FWD,2026,Small Sport Utility Vehicle 2WD,Front-Wheel Drive,Regular,Automatic 9-spd,6.0,3.6,19,26,22,411.0,13.523,2800,4,-3000
Chevrolet,Blazer FWD,2026,Small Sport Utility Vehicle 2WD,Front-Wheel Drive,Regular,Automatic 9-spd,4.0,2.0,22,29,25,370.0,11.9,2450,5,-1250
Alfa Romeo,Stelvio AWD,2026,Small Sport Utility Vehicle 4WD,All-Wheel Drive,Premium,Automatic 8-spd,4.0,2.0,22,28,24,364.0,12.396,3150,5,-4750
Cadillac,XT5 AWD,2026,Small Sport Utility Vehicle 4WD,All-Wheel Drive,Regular,Automatic (S9),6.0,3.6,18,26,21,424.0,14.167,2950,4,-3750
Cadillac,XT5 AWD,2026,Small Sport Utility Vehicle 4WD,All-Wheel Drive,Premium,Automatic (S9),4.0,2.0,21,27,23,386.0,12.935,3300,5,-5500
Chevrolet,Blazer AWD,2026,Small Sport Utility Vehicle 4WD,All-Wheel Drive,Regular,Automatic 9-spd,6.0,3.6,18,25,21,424.0,14.167,2950,4,-3750
Chevrolet,Blazer AWD,2026,Small Sport Utility Vehicle 4WD,All-Wheel Drive,Regular,Automatic 9-spd,4.0,2.0,22,27,24,368.0,12.396,2550,5,-1750
Mazda,CX-50 4WD,2026,Small Sport Utility Vehicle 4WD,4-Wheel Drive,Regular,Automatic (S6),4.0,2.5,23,29,25,355.0,11.9,2450,5,-1250
Mazda,CX-50 4WD,2026,Small Sport Utility Vehicle 4WD,4-Wheel Drive,Regular,Automatic (variable gear ratios),4.0,2.5,39,37,38,233.0,7.829,1600,7,3000
Mazda,CX-50 4WD,2026,Small Sport Utility Vehicle 4WD,4-Wheel Drive,Regular,Automatic (S6),4.0,2.5,24,30,26,344.0,11.443,2350,5,-750
Ford,Explorer Tremor AWD,2026,Standard Sport Utility Vehicle 4WD,Part-time 4-Wheel Drive,Regular,Automatic (S10),6.0,3.0,17,22,19,467.0,15.658,3250,4,-5250
Land Rover,Discovery MHEV,2026,Standard Sport Utility Vehicle 4WD,4-Wheel Drive,Premium,Automatic (S8),6.0,3.0,17,23,19,457.0,15.658,4000,4,-9000
Land Rover,Range Rover P400 MHEV,2026,Standard Sport Utility Vehicle 4WD,4-Wheel Drive,Premium,Automatic (S8),6.0,3.0,19,24,21,428.0,14.167,3600,4,-7000
Land Rover,Range Rover P400 LWB MHEV,2026,Standard Sport Utility Vehicle 4WD,4-Wheel Drive,Premium,Automatic (S8),6.0,3.0,19,24,21,428.0,14.167,3600,4,-7000
Land Rover,Defender 110 MHEV,2026,Standard Sport Utility Vehicle 4WD,4-Wheel Drive,Premium,Automatic (S8),6.0,3.0,18,22,20,453.0,14.876,3800,4,-8000
Land Rover,Defender 90 MHEV,2026,Standard Sport Utility Vehicle 4WD,4-Wheel Drive,Premium,Automatic (S8),6.0,3.0,18,23,20,448.0,14.876,3800,4,-8000
Land Rover,Defender 130 P300 MHEV,2026,Standard Sport Utility Vehicle 4WD,4-Wheel Drive,Premium,Automatic (S8),6.0,3.0,17,21,19,468.0,15.658,4000,4,-9000
Land Rover,Defender 130 P400 MHEV,2026,Standard Sport Utility Vehicle 4WD,4-Wheel Drive,Premium,Automatic (S8),6.0,3.0,16,20,18,491.0,16.528,4200,3,-10000
Mercedes-Benz,AMG G63,2026,Standard Sport Utility Vehicle 4WD,4-Wheel Drive,Premium,Automatic 9-spd,8.0,4.0,14,16,15,608.0,19.834,5050,2,-14250
Subaru,Ascent,2026,Standard Sport Utility Vehicle 4WD,All-Wheel Drive,Regular,Automatic (AV-S8),4.0,2.4,19,26,22,405.0,13.523,2800,4,-3000
Subaru,Ascent Limited/Touring/Onyx AWD,2026,Standard Sport Utility Vehicle 4WD,All-Wheel Drive,Regular,Automatic (AV-S8),4.0,2.4,19,25,21,421.0,14.167,2950,4,-3750
Ferrari,F80,2026,Two Seaters,All-Wheel Drive,Premium,Automatic (AM8),6.0,2.9,15,20,17,531.0,17.501,4450,3,-11250
Lotus,Emira,2026,Two Seaters,Rear-Wheel Drive,Regular,Automatic (S8),4.0,2.0,18,26,21,418.0,14.167,2950,4,-3750
Honda,Prelude,2026,Subcompact Cars,Front-Wheel Drive,Regular,Automatic (variable gear ratios),4.0,2.0,46,41,44,203.0,6.762,1400,7,4000
Toyota,GR Corolla,2026,Subcompact Cars,All-Wheel Drive,Premium,Manual 6-spd,3.0,1.6,21,28,24,368.0,12.396,3150,5,-4750
Lexus,IS 350,2026,Compact Cars,Rear-Wheel Drive,Premium,Automatic (S8),6.0,3.5,19,27,22,403.0,13.523,3450,4,-6250
Lexus,IS 350 AWD,2026,Compact Cars,All-Wheel Drive,Premium,Automatic (S6),6.0,3.5,19,26,22,408.0,13.523,3450,4,-6250
Lexus,UX 300h,2026,Compact Cars,Front-Wheel Drive,Regular,Automatic (variable gear ratios),4.0,2.0,45,41,43,204.0,6.919,1450,7,3750
Lexus,UX 300h,2026,Compact Cars,Front-Wheel Drive,Regular,Automatic (AV-S6),4.0,2.0,45,41,43,204.0,6.919,1450,7,3750
Lexus,UX 300h AWD,2026,Compact Cars,All-Wheel Drive,Regular,Automatic (variable gear ratios),4.0,2.0,44,40,42,209.0,7.084,1450,7,3750
Lexus,UX 300h AWD,2026,Compact Cars,All-Wheel Drive,Regular,Automatic (AV-S6),4.0,2.0,44,40,42,209.0,7.084,1450,7,3750
Alfa Romeo,Giulia,2026,Midsize Cars,Rear-Wheel Drive,Premium,Automatic 8-spd,4.0,2.0,24,33,27,330.0,11.019,2800,5,-3000
Honda,Accord SE,2026,Midsize Cars,Front-Wheel Drive,Regular,Automatic (variable gear ratios),4.0,1.5,28,36,31,283.0,9.597,2000,6,1000
Honda,Accord Hybrid Sport/Touring,2026,Midsize Cars,Front-Wheel Drive,Regular,Automatic (variable gear ratios),4.0,2.0,46,41,44,201.0,6.762,1400,7,4000
Kia,K4 4DR w/ DMS,2026,Midsize Cars,Front-Wheel Drive,Regular,Automatic (AV-S1),4.0,2.0,29,39,33,269.0,9.015,1850,6,1750
Kia,K4 without DMS,2026,Midsize Cars,Front-Wheel Drive,Regular,Automatic (AV-S1),4.0,2.0,29,39,33,267.0,9.015,1850,6,1750
Kia,K4,2026,Midsize Cars,Front-Wheel Drive,Regular,Automatic (S8),4.0,1.6,26,33,28,314.0,10.625,2200,5,0
Lexus,LS 500 AWD,2026,Midsize Cars,All-Wheel Drive,Premium,Automatic (S10),6.0,3.4,17,27,21,434.0,14.167,3600,4,-7000
Nissan,Sentra (3-mode),2026,Midsize Cars,Front-Wheel Drive,Regular,Automatic (variable gear ratios),4.0,2.0,30,38,33,268.0,9.015,1850,6,1750
Nissan,Sentra SL/SR,2026,Midsize Cars,Front-Wheel Drive,Regular,Automatic (variable gear ratios),4.0,2.0,29,36,32,278.0,9.297,1900,6,1500
Nissan,Sentra (2-mode),2026,Midsize Cars,Front-Wheel Drive,Regular,Automatic (variable gear ratios),4.0,2.0,30,38,33,269.0,9.015,1850,6,1750
Nissan,Altima,2026,Midsize Cars,Front-Wheel Drive,Regular,Automatic (variable gear ratios),4.0,2.5,26,36,30,297.0,9.917,2050,6,750
Nissan,Altima AWD,2026,Midsize Cars,All-Wheel Drive,Regular,Automatic (variable gear ratios),4.0,2.5,25,33,28,316.0,10.625,2200,5,0
Subaru,WRX,2026,Midsize Cars,All-Wheel Drive,Premium,Manual 6-spd,4.0,2.4,19,26,22,412.0,13.523,3450,4,-6250
Subaru,WRX,2026,Midsize Cars,All-Wheel Drive,Premium,Automatic (AV-S8),4.0,2.4,18,25,21,422.0,14.167,3600,4,-7000
Dodge,Charger Scat Pack AWD,2026,Large Cars,All-Wheel Drive,Premium,Automatic 8-spd,6.0,3.0,16,23,19,470.0,15.658,4000,4,-9000
Honda,Civic 5Dr,2026,Large Cars,Front-Wheel Drive,Premium,Manual 6-spd,4.0,2.0,22,28,24,364.0,12.396,3150,5,-4750
Honda,Accord,2026,Large Cars,Front-Wheel Drive,Regular,Automatic (variable gear ratios),4.0,1.5,29,37,32,276.0,9.297,1900,6,1500
Honda,Accord Hybrid,2026,Large Cars,Front-Wheel Drive,Regular,Automatic (variable gear ratios),4.0,2.0,51,44,48,184.0,6.198,1300,8,4500
Kia,K4 Hatchback,2026,Large Cars,Front-Wheel Drive,Regular,Automatic (AV-S1),4.0,2.0,28,34,30,289.0,9.917,2050,6,750
Kia,K4 Hatchback,2026,Large Cars,Front-Wheel Drive,Regular,Automatic (S8),4.0,1.6,26,33,28,314.0,10.625,2200,5,0
Acura,ADX AWD,2026,Small Station Wagons,All-Wheel Drive,Premium,Automatic (AV-S7),4.0,1.5,25,30,27,329.0,11.019,2800,5,-3000
Acura,ADX FWD,2026,Small Station Wagons,Front-Wheel Drive,Premium,Automatic (AV-S7),4.0,1.5,26,31,28,317.0,10.625,2700,5,-2500
Toyota,Crown Signia AWD,2026,Small Station Wagons,All-Wheel Drive,Regular,Automatic (AV-S6),4.0,2.5,39,37,38,231.0,7.829,1600,7,3000
Ford,Maverick FWD,2026,Small Pickup Trucks 2WD,Front-Wheel Drive,Regular,Automatic 8-spd,4.0,2.0,23,32,26,341.0,11.443,2350,5,-750
Ford,Maverick HEV FWD,2026,Small Pickup Trucks 2WD,Front-Wheel Drive,Regular,Automatic (variable gear ratios),4.0,2.5,42,35,38,234.0,7.829,1600,7,3000
Toyota,Tacoma SR5/Sport/PreRunner 2WD,2026,Small Pickup Trucks 2WD,Rear-Wheel Drive,Regular,Automatic (S8),4.0,2.4,20,24,22,403.0,13.523,2800,4,-3000
Toyota,Tacoma SR5/Sport/PreRunner 2WD,2026,Small Pickup Trucks 2WD,Rear-Wheel Drive,Regular,Automatic (S8),4.0,2.4,21,26,23,393.0,12.935,2650,5,-2250
Toyota,Tacoma 2WD,2026,Small Pickup Trucks 2WD,Rear-Wheel Drive,Regular,Automatic (S8),4.0,2.4,20,26,23,394.0,12.935,2650,5,-2250
Ford,Maverick AWD,2026,Small Pickup Trucks 4WD,Part-time 4-Wheel Drive,Regular,Automatic 8-spd,4.0,2.0,22,30,25,355.0,11.9,2450,5,-1250
Ford,Maverick HEV AWD,2026,Small Pickup Trucks 4WD,Part-time 4-Wheel Drive,Regular,Automatic (variable gear ratios),4.0,2.5,40,34,37,241.0,8.041,1650,7,2750
Ford,Maverick Lobo AWD,2026,Small Pickup Trucks 4WD,4-Wheel Drive,Regular,Automatic (S8),4.0,2.0,21,30,24,370.0,12.396,2550,5,-1750
Ford,Maverick Tremor AWD,2026,Small Pickup Trucks 4WD,4-Wheel Drive,Regular,Automatic (S8),4.0,2.0,21,27,23,386.0,12.935,2650,5,-2250
Ford,Maverick Lariat HEV AWD,2026,Small Pickup Trucks 4WD,Part-time 4-Wheel Drive,Regular,Automatic (variable gear ratios),4.0,2.5,39,32,36,248.0,8.264,1700,7,2500
Toyota,Tacoma 4WD MT,2026,Small Pickup Trucks 4WD,Part-time 4-Wheel Drive,Regular,Manual 6-spd,4.0,2.4,18,23,20,452.0,14.876,3100,4,-4500
Toyota,Tacoma SR5/Sport/Off-Road/Limited 4WD,2026,Small Pickup Trucks 4WD,Part-time 4-Wheel Drive,Regular,Automatic (S8),4.0,2.4,19,23,21,433.0,14.167,2950,4,-3750
Toyota,Tacoma SR5/Sport/Off-Road/Limited 4WD,2026,Small Pickup Trucks 4WD,Part-time 4-Wheel Drive,Regular,Automatic (S8),4.0,2.4,20,23,21,420.0,14.167,2950,4,-3750
Toyota,Tacoma SR5/Sport/Off-Road/Limited 4WD,2026,Small Pickup Trucks 4WD,Part-time 4-Wheel Drive,Regular,Automatic (S8),4.0,2.4,19,24,21,424.0,14.167,2950,4,-3750
Toyota,Tacoma 4WD,2026,Small Pickup Trucks 4WD,Part-time 4-Wheel Drive,Regular,Automatic (S8),4.0,2.4,19,24,21,424.0,14.167,2950,4,-3750
Ford,F150 Pickup 2WD,2026,Standard Pickup Trucks 2WD,Rear-Wheel Drive,Regular,Automatic (S10),6.0,2.7,19,25,21,425.0,14.167,2950,4,-3750
Ford,F150 Pickup 2WD,2026,Standard Pickup Trucks 2WD,Rear-Wheel Drive,Regular,Automatic (S10),6.0,3.5,17,25,20,445.0,14.876,3100,4,-4500
Ford,F150 Pickup 2WD,2026,Standard Pickup Trucks 2WD,Rear-Wheel Drive,Regular,Automatic (S10),8.0,5.0,16,24,19,472.0,15.658,3250,4,-5250
Ford,Ranger 2WD,2026,Standard Pickup Trucks 2WD,Rear-Wheel Drive,Regular,Automatic (S10),4.0,2.3,21,25,23,395.0,12.935,2650,5,-2250
Ram,1500 2WD,2026,Standard Pickup Trucks 2WD,Rear-Wheel Drive,Midgrade,Automatic 8-spd,8.0,5.7,17,22,19,470.0,15.658,3700,4,-7500
Ford,F150 Pickup 4WD HEV,2026,Standard Pickup Trucks 4WD,Part-time 4-Wheel Drive,Regular,Automatic (S10),6.0,3.5,22,24,23,388.0,12.935,2650,5,-2250
Ford,F150 Pickup 4WD,2026,Standard Pickup Trucks 4WD,Part-time 4-Wheel Drive,Regular,Automatic (S10),6.0,2.7,18,23,20,444.0,14.876,3100,4,-4500
Ford,F150 Pickup 4WD,2026,Standard Pickup Trucks 4WD,Part-time 4-Wheel Drive,Regular,Automatic (S10),6.0,3.5,17,23,19,464.0,15.658,3250,4,-5250
Ford,F150 Pickup 4WD,2026,Standard Pickup Trucks 4WD,Part-time 4-Wheel Drive,Regular,Automatic (S10),8.0,5.0,16,24,19,472.0,15.658,3250,4,-5250
Ford,F150 RAPTOR 4WD,2026,Standard Pickup Trucks 4WD,Part-time 4-Wheel Drive,Regular,Automatic (S10),6.0,3.5,14,18,16,566.0,18.594,3850,3,-8250
Ford,F150 Pickup Tremor 4WD,2026,Standard Pickup Trucks 4WD,Part-time 4-Wheel Drive,Regular,Automatic (S10),6.0,3.5,16,21,18,494.0,16.528,3400,3,-6000
Ford,F150 Pickup Tremor 4WD,2026,Standard Pickup Trucks 4WD,Part-time 4-Wheel Drive,Regular,Automatic (S10),8.0,5.0,15,20,17,522.0,17.501,3600,3,-7000
Ford,F150 RAPTOR R 4WD,2026,Standard Pickup Trucks 4WD,Part-time 4-Wheel Drive,Premium,Automatic (S10),8.0,5.2,10,15,12,741.0,24.792,6350,1,-20750
Ford,Ranger RAPTOR 4WD,2026,Standard Pickup Trucks 4WD,Part-time 4-Wheel Drive,Regular,Automatic (S10),6.0,3.0,16,18,17,525.0,17.501,3600,3,-7000
Ford,Ranger 4WD,2026,Standard Pickup Trucks 4WD,Part-time 4-Wheel Drive,Regular,Automatic (S10),4.0,2.3,19,24,21,421.0,14.167,2950,4,-3750
Ford,Ranger 4WD,2026,Standard Pickup Trucks 4WD,Part-time 4-Wheel Drive,Regular,Automatic (S10),6.0,2.7,18,23,20,444.0,14.876,3100,4,-4500
Ram,1500 4WD,2026,Standard Pickup Trucks 4WD,All-Wheel Drive,Premium,Automatic 8-spd,8.0,6.2,10,14,12,748.0,24.792,6350,1,-20750
Toyota,Tacoma Hybrid 4WD,2026,Standard Pickup Trucks 4WD,Part-time 4-Wheel Drive,Regular,Automatic (S8),4.0,2.4,22,24,23,386.0,12.935,2650,5,-2250
Toyota,Tacoma Hybrid 4WD,2026,Standard Pickup Trucks 4WD,4-Wheel Drive,Regular,Automatic (S8),4.0,2.4,22,24,23,380.0,12.935,2650,5,-2250
Toyota,Sienna 2WD,2026,Minivan - 2WD,Front-Wheel Drive,Regular,Automatic (AV-S6),4.0,2.5,36,36,36,246.0,8.264,1700,7,2500
Toyota,Sienna AWD,2026,Minivan - 4WD,All-Wheel Drive,Regular,Automatic (AV-S6),4.0,2.5,35,36,35,253.0,8.5,1750,6,2250
Honda,Pilot FWD,2026,Small Sport Utility Vehicle 2WD,Front-Wheel Drive,Regular,Automatic (S10),6.0,3.5,19,27,22,402.0,13.523,2800,4,-3000
Mitsubishi,Outlander 2WD,2026,Small Sport Utility Vehicle 2WD,Front-Wheel Drive,Regular,Automatic (AV-S8),4.0,1.5,26,31,28,314.0,10.625,2200,5,0
Alfa Romeo,Tonale AWD,2026,Small Sport Utility Vehicle 4WD,All-Wheel Drive,Regular,Automatic 9-spd,4.0,2.0,21,29,24,376.0,12.396,2550,5,-1750
Audi,Q3,2026,Small Sport Utility Vehicle 4WD,All-Wheel Drive,Regular,Automatic (AM-S7),4.0,2.0,22,29,25,362.0,11.9,2450,5,-1250
Ford,Bronco Sport 4WD,2026,Small Sport Utility Vehicle 4WD,4-Wheel Drive,Regular,Automatic (S8),4.0,2.0,21,27,23,386.0,12.935,2650,5,-2250
Ford,Bronco Sport 4WD,2026,Small Sport Utility Vehicle 4WD,Part-time 4-Wheel Drive,Regular,Automatic 8-spd,3.0,1.5,25,30,27,324.0,11.019,2300,5,-500
Ford,Bronco Sport Sasquatch 4WD,2026,Small Sport Utility Vehicle 4WD,4-Wheel Drive,Regular,Automatic 8-spd,3.0,1.5,23,26,24,370.0,12.396,2550,5,-1750
Ford,Bronco 4WD,2026,Small Sport Utility Vehicle 4WD,Part-time 4-Wheel Drive,Regular,Automatic (S10),4.0,2.3,18,22,20,453.0,14.876,3100,4,-4500
Ford,Bronco 4WD,2026,Small Sport Utility Vehicle 4WD,Part-time 4-Wheel Drive,Regular,Automatic (S10),6.0,2.7,17,17,17,525.0,17.501,3600,3,-7000
Ford,Bronco 4WD,2026,Small Sport Utility Vehicle 4WD,Part-time 4-Wheel Drive,Regular,Manual 7-spd,4.0,2.3,18,21,19,452.0,15.658,3250,4,-5250
Ford,Bronco Sasquatch 4WD,2026,Small Sport Utility Vehicle 4WD,Part-time 4-Wheel Drive,Regular,Automatic (S10),4.0,2.3,17,19,18,494.0,16.528,3400,3,-6000
Ford,Bronco Sasquatch 4WD,2026,Small Sport Utility Vehicle 4WD,Part-time 4-Wheel Drive,Regular,Manual 7-spd,4.0,2.3,17,19,18,489.0,16.528,3400,3,-6000
Ford,Bronco Badlands 4WD,2026,Small Sport Utility Vehicle 4WD,Part-time 4-Wheel Drive,Regular,Automatic (S10),4.0,2.3,17,19,18,507.0,16.528,3400,3,-6000
Ford,Bronco Badlands 4WD,2026,Small Sport Utility Vehicle 4WD,Part-time 4-Wheel Drive,Regular,Manual 7-spd,4.0,2.3,17,18,17,504.0,17.501,3600,3,-7000
Jeep,Wrangler 4dr 4WD,2026,Small Sport Utility Vehicle 4WD,4-Wheel Drive,Premium,Automatic 8-spd,8.0,6.4,13,16,14,633.0,21.251,5450,2,-16250
Mitsubishi,Outlander Sport 4WD,2026,Small Sport Utility Vehicle 4WD,4-Wheel Drive,Regular,Automatic (AV-S6),4.0,2.0,23,29,26,344.0,11.443,2350,5,-750
Mitsubishi,Outlander Sport 4WD,2026,Small Sport Utility Vehicle 4WD,4-Wheel Drive,Regular,Automatic (AV-S6),4.0,2.4,23,28,25,353.0,11.9,2450,5,-1250
Mitsubishi,Outlander 4WD,2026,Small Sport Utility Vehicle 4WD,4-Wheel Drive,Regular,Automatic (AV-S8),4.0,1.5,26,30,27,329.0,11.019,2300,5,-500
Subaru,Forester Hybrid AWD,2026,Small Sport Utility Vehicle 4WD,All-Wheel Drive,Regular,Automatic (AV-S6),4.0,2.5,35,34,35,255.0,8.5,1750,6,2250
Toyota,Highlander AWD,2026,Small Sport Utility Vehicle 4WD,All-Wheel Drive,Regular,Automatic (S8),4.0,2.4,21,28,24,371.0,12.396,2550,5,-1750
Toyota,RAV4 AWD Limited & XSE,2026,Small Sport Utility Vehicle 4WD,All-Wheel Drive,Regular,Automatic (variable gear ratios),4.0,2.5,43,37,41,220.0,7.256,1500,7,3500
Toyota,RAV4 AWD Limited & XSE,2026,Small Sport Utility Vehicle 4WD,All-Wheel Drive,Regular,Automatic (AV-S6),4.0,2.5,43,37,41,221.0,7.256,1500,7,3500
Toyota,RAV4 AWD SE & LE,2026,Small Sport Utility Vehicle 4WD,All-Wheel Drive,Regular,Automatic (AV-S6),4.0,2.5,46,39,42,209.0,7.084,1450,7,3750
Toyota,RAV4 AWD XLE,2026,Small Sport Utility Vehicle 4WD,All-Wheel Drive,Regular,Automatic (AV-S6),4.0,2.5,45,38,41,215.0,7.256,1500,7,3500
Toyota,RAV4 Hybrid AWD Woodland Edition,2026,Small Sport Utility Vehicle 4WD,All-Wheel Drive,Regular,Automatic (AV-S6),4.0,2.5,41,35,38,231.0,7.829,1600,7,3000
Cadillac,Escalade 2WD,2026,Standard Sport Utility Vehicle 2WD,Rear-Wheel Drive,Premium,Automatic 10-spd,8.0,6.2,15,19,17,537.0,17.501,4450,3,-11250
Ford,Expedition 2WD,2026,Standard Sport Utility Vehicle 2WD,Rear-Wheel Drive,Regular,Automatic (S10),6.0,3.5,16,24,19,474.0,15.658,3250,4,-5250
Jeep,Grand Wagoneer 2WD,2026,Standard Sport Utility Vehicle 2WD,Rear-Wheel Drive,Regular,Automatic 8-spd,6.0,3.0,17,24,19,456.0,15.658,3250,4,-5250
Jeep,Grand Wagoneer L 2WD,2026,Standard Sport Utility Vehicle 2WD,Rear-Wheel Drive,Regular,Automatic 8-spd,6.0,3.0,17,24,19,456.0,15.658,3250,4,-5250
Jeep,Grand Cherokee L 2WD,2026,Standard Sport Utility Vehicle 2WD,Rear-Wheel Drive,Regular,Automatic 8-spd,4.0,2.0,21,26,23,390.0,12.935,2650,5,-2250
Jeep,Grand Cherokee 2WD,2026,Standard Sport Utility Vehicle 2WD,Rear-Wheel Drive,Regular,Automatic 8-spd,4.0,2.0,21,27,23,382.0,12.935,2650,5,-2250
Jeep,Grand Cherokee L 2WD,2026,Standard Sport Utility Vehicle 2WD,Rear-Wheel Drive,Regular,Automatic 8-spd,6.0,3.6,19,26,21,416.0,14.167,2950,4,-3750
Jeep,Grand Cherokee 2WD,2026,Standard Sport Utility Vehicle 2WD,Rear-Wheel Drive,Regular,Automatic 8-spd,6.0,3.6,19,26,22,407.0,13.523,2800,4,-3000
Nissan,Pathfinder 2WD,2026,Standard Sport Utility Vehicle 2WD,Front-Wheel Drive,Regular,Automatic (S9),6.0,3.5,21,27,23,382.0,12.935,2650,5,-2250
Toyota,4Runner 2WD,2026,Standard Sport Utility Vehicle 2WD,Rear-Wheel Drive,Regular,Automatic (S8),4.0,2.4,20,26,22,399.0,13.523,2800,4,-3000
Toyota,4Runner 2WD,2026,Standard Sport Utility Vehicle 2WD,Rear-Wheel Drive,Regular,Automatic (S8),4.0,2.4,20,24,22,403.0,13.523,2800,4,-3000
Dodge,Durango AWD,2026,Standard Sport Utility Vehicle 4WD,All-Wheel Drive,Premium,Automatic 8-spd,8.0,6.2,12,17,13,659.0,22.885,5850,1,-18250
Dodge,Durango AWD,2026,Standard Sport Utility Vehicle 4WD,All-Wheel Drive,Premium,Automatic 8-spd,8.0,6.4,13,19,15,584.0,19.834,5050,2,-14250
Ford,Expedition 4WD,2026,Standard Sport Utility Vehicle 4WD,Part-time 4-Wheel Drive,Regular,Automatic (S10),6.0,3.5,15,22,18,501.0,16.528,3400,3,-6000
Ford,Bronco Raptor 4WD,2026,Standard Sport Utility Vehicle 4WD,Part-time 4-Wheel Drive,Regular,Automatic (S10),6.0,3.0,15,16,15,577.0,19.834,4100,2,-9500
Ford,Bronco Outer Banks 4WD,2026,Standard Sport Utility Vehicle 4WD,Part-time 4-Wheel Drive,Regular,Automatic (S10),6.0,2.7,19,21,20,454.0,14.876,3100,4,-4500
Honda,Pilot AWD,2026,Standard Sport Utility Vehicle 4WD,All-Wheel Drive,Regular,Automatic (S10),6.0,3.5,19,25,21,415.0,14.167,2950,4,-3750
Honda,Pilot AWD Touring/Elite/Black,2026,Standard Sport Utility Vehicle 4WD,All-Wheel Drive,Regular,Automatic (S10),6.0,3.5,19,25,21,422.0,14.167,2950,4,-3750
Honda,Pilot AWD TrailSport,2026,Standard Sport Utility Vehicle 4WD,All-Wheel Drive,Regular,Automatic (S10),6.0,3.5,18,23,20,444.0,14.876,3100,4,-4500
Jeep,Grand Wagoneer 4WD,2026,Standard Sport Utility Vehicle 4WD,All-Wheel Drive,Regular,Automatic 8-spd,6.0,3.0,17,23,19,471.0,15.658,3250,4,-5250
Jeep,Grand Wagoneer L 4WD,2026,Standard Sport Utility Vehicle 4WD,All-Wheel Drive,Regular,Automatic 8-spd,6.0,3.0,16,22,18,491.0,16.528,3400,3,-6000
Jeep,Grand Cherokee L 4WD,2026,Standard Sport Utility Vehicle 4WD,4-Wheel Drive,Regular,Automatic 8-spd,4.0,2.0,20,25,22,401.0,13.523,2800,4,-3000
Jeep,Grand Cherokee 4WD,2026,Standard Sport Utility Vehicle 4WD,4-Wheel Drive,Regular,Automatic 8-spd,4.0,2.0,20,25,22,401.0,13.523,2800,4,-3000
Jeep,Cherokee AWD,2026,Standard Sport Utility Vehicle 4WD,All-Wheel Drive,Regular,Automatic (variable gear ratios),4.0,1.6,39,35,37,241.0,8.041,1650,7,2750
Jeep,Grand Cherokee L 4WD,2026,Standard Sport Utility Vehicle 4WD,All-Wheel Drive,Regular,Automatic 8-spd,6.0,3.6,18,25,21,430.0,14.167,2950,4,-3750
Jeep,Grand Cherokee 4WD,2026,Standard Sport Utility Vehicle 4WD,All-Wheel Drive,Regular,Automatic 8-spd,6.0,3.6,19,26,22,413.0,13.523,2800,4,-3000
Land Rover,Discovery,2026,Standard Sport Utility Vehicle 4WD,4-Wheel Drive,Premium,Automatic (S8),4.0,2.0,19,24,21,425.0,14.167,3600,4,-7000
Land Rover,Range Rover Sport P360 MHEV,2026,Standard Sport Utility Vehicle 4WD,4-Wheel Drive,Premium,Automatic (S8),6.0,3.0,20,25,22,406.0,13.523,3450,4,-6250
Land Rover,Range Rover Sport P400 MHEV,2026,Standard Sport Utility Vehicle 4WD,4-Wheel Drive,Premium,Automatic (S8),6.0,3.0,20,25,22,406.0,13.523,3450,4,-6250
Lexus,GX 550,2026,Standard Sport Utility Vehicle 4WD,4-Wheel Drive,Premium,Automatic (S10),6.0,3.4,15,21,17,505.0,17.501,4450,3,-11250
Lexus,LX 600,2026,Standard Sport Utility Vehicle 4WD,All-Wheel Drive,Premium,Automatic (S10),6.0,3.4,17,22,19,477.0,15.658,4000,4,-9000
Lexus,LX 700h,2026,Standard Sport Utility Vehicle 4WD,All-Wheel Drive,Premium,Automatic (S10),6.0,3.4,19,22,20,439.0,14.876,3800,4,-8000
Lincoln,Navigator 4WD,2026,Standard Sport Utility Vehicle 4WD,Part-time 4-Wheel Drive,Regular,Automatic (S10),6.0,3.5,15,22,17,512.0,17.501,3600,3,-7000
Mazda,CX-70 Hybrid Boost Low Power 4WD,2026,Standard Sport Utility Vehicle 4WD,4-Wheel Drive,Regular,Automatic (S8),6.0,3.3,24,28,25,350.0,11.9,2450,5,-1250
Mazda,CX-70 Hybrid Boost High Power 4WD,2026,Standard Sport Utility Vehicle 4WD,4-Wheel Drive,Premium,Automatic (S8),6.0,3.3,23,28,25,354.0,11.9,3050,5,-4250
Nissan,Pathfinder 4WD,2026,Standard Sport Utility Vehicle 4WD,4-Wheel Drive,Regular,Automatic (S9),6.0,3.5,21,26,23,390.0,12.935,2650,5,-2250
Nissan,Pathfinder 4WD Platinum,2026,Standard Sport Utility Vehicle 4WD,4-Wheel Drive,Regular,Automatic (S9),6.0,3.5,20,25,22,408.0,13.523,2800,4,-3000
Nissan,Pathfinder 4WD Rock Creek,2026,Standard Sport Utility Vehicle 4WD,4-Wheel Drive,Premium,Automatic (S9),6.0,3.5,20,23,21,422.0,14.167,3600,4,-7000
Toyota,4Runner 4WD,2026,Standard Sport Utility Vehicle 4WD,Part-time 4-Wheel Drive,Regular,Automatic (S8),4.0,2.4,19,25,21,417.0,14.167,2950,4,-3750
Toyota,4Runner 4WD,2026,Standard Sport Utility Vehicle 4WD,4-Wheel Drive,Regular,Automatic (S8),4.0,2.4,20,24,21,415.0,14.167,2950,4,-3750
Toyota,4Runner Hybrid 4WD,2026,Standard Sport Utility Vehicle 4WD,Part-time 4-Wheel Drive,Regular,Automatic (S8),4.0,2.4,23,24,23,380.0,12.935,2650,5,-2250
Toyota,4Runner Hybrid 4WD,2026,Standard Sport Utility Vehicle 4WD,4-Wheel Drive,Regular,Automatic (S8),4.0,2.4,22,24,23,380.0,12.935,2650,5,-2250
Toyota,Highlander Hybrid AWD LTD/PLAT,2026,Standard Sport Utility Vehicle 4WD,All-Wheel Drive,Regular,Automatic (AV-S6),4.0,2.5,35,34,35,253.0,8.5,1750,6,2250
Toyota,Highlander Hybrid AWD,2026,Standard Sport Utility Vehicle 4WD,All-Wheel Drive,Regular,Automatic (AV-S6),4.0,2.5,35,35,35,254.0,8.5,1750,6,2250
Ferrari,296 GTB,2026,Two Seaters,Rear-Wheel Drive,Premium and Electricity,Automatic (AM-S8),6.0,2.9,16,22,18,398.0,12.73,4200,4,-7000
Ferrari,296 GTS,2026,Two Seaters,Rear-Wheel Drive,Premium and Electricity,Automatic (AM-S8),6.0,2.9,15,21,18,403.0,13.508,4200,4,-8000
Ferrari,296 Speciale,2026,Two Seaters,Rear-Wheel Drive,Premium and Electricity,Automatic (AM-S8),6.0,2.9,16,22,18,396.0,12.771,4200,4,-7000
Ferrari,296 Speciale A,2026,Two Seaters,Rear-Wheel Drive,Premium and Electricity,Automatic (AM-S8),6.0,2.9,16,22,18,396.0,12.771,4200,4,-7000
Jeep,Wrangler 4dr 4xe,2026,Small Sport Utility Vehicle 4WD,4-Wheel Drive,Regular Gas and Electricity,Automatic 8-spd,4.0,2.0,20,20,20,230.0,7.72,3100,7,-500
Jeep,Grand Cherokee 4xe,2026,Standard Sport Utility Vehicle 4WD,4-Wheel Drive,Regular Gas and Electricity,Automatic 8-spd,4.0,2.0,23,24,23,177.0,5.961,2650,8,1500
Mazda,CX-70 SC 4WD,2026,Standard Sport Utility Vehicle 4WD,4-Wheel Drive,Premium and Electricity,Automatic (S8),4.0,2.5,25,28,26,133.0,4.476,2900,9,1750
Mazda,CX-90 4WD,2026,Standard Sport Utility Vehicle 4WD,4-Wheel Drive,Premium and Electricity,Automatic (S8),4.0,2.5,24,28,26,159.0,5.211,2900,8,750
Hyundai,Nexo,2026,Small Sport Utility Vehicle 2WD,Front-Wheel Drive,Hydrogen,Automatic (A1),,,63,58,60,0.0,1.602,0,10,11000
Hyundai,Nexo Blue,2026,Small Sport Utility Vehicle 2WD,Front-Wheel Drive,Hydrogen,Automatic (A1),,,71,64,68,0.0,1.792,0,10,11000
Honda,CR-V e-FCEV,2025,Small Sport Utility Vehicle 2WD,Front-Wheel Drive,Electricity and Hydrogen,Automatic (A1),,,36,43,39,0.0,7.628,0,-1,11000
Chevrolet,Corvette ZR1X,2026,Two Seaters,All-Wheel Drive,Premium,Automatic (S8),8.0,5.5,12,19,14,613.0,21.251,5450,2,-16250
Maserati,MCPURA,2026,Two Seaters,Rear-Wheel Drive,Premium,Automatic (S8),6.0,3.0,15,25,18,474.0,16.528,4200,4,-10000
Maserati,GT2 Stradale,2026,Two Seaters,Rear-Wheel Drive,Premium,Automatic (S8),6.0,3.0,15,25,18,474.0,16.528,4200,4,-10000
Maserati,MCPURA Spyder,2026,Two Seaters,Rear-Wheel Drive,Premium,Automatic (S8),6.0,3.0,15,25,18,482.0,16.528,4200,3,-10000
Mazda,MX-5,2026,Two Seaters,Rear-Wheel Drive,Premium,Manual 6-spd,4.0,2.0,26,34,29,305.0,10.259,2600,6,-2000
Mazda,MX-5,2026,Two Seaters,Rear-Wheel Drive,Premium,Automatic (S6),4.0,2.0,26,35,29,301.0,10.259,2600,6,-2000
Porsche,911 Turbo S,2026,Minicompact Cars,All-Wheel Drive,Premium,Automatic (AM-S8),6.0,3.6,15,22,18,503.0,16.528,4200,3,-10000
Porsche,911 Turbo S Cabriolet,2026,Minicompact Cars,All-Wheel Drive,Premium,Automatic (AM-S8),6.0,3.6,15,22,18,504.0,16.528,4200,3,-10000
Ford,Mustang GTD,2026,Subcompact Cars,Rear-Wheel Drive,Premium,Automatic (AM-S8),8.0,5.2,10,17,12,741.0,24.792,6350,1,-20750
Toyota,GR Corolla,2026,Subcompact Cars,All-Wheel Drive,Premium,Automatic (S8),3.0,1.6,19,27,22,395.0,13.523,3450,4,-6250
Audi,S5 Sport Sedan,2026,Midsize Cars,All-Wheel Drive,Premium,Automatic (AM-S7),6.0,3.0,20,29,23,386.0,12.935,3300,5,-5500
Audi,A5 quattro,2026,Midsize Cars,All-Wheel Drive,Premium,Automatic (AM-S7),4.0,2.0,22,32,26,345.0,11.443,2900,5,-3500
Dodge,Charger R/T AWD,2026,Large Cars,All-Wheel Drive,Regular,Automatic 8-spd,6.0,3.0,17,26,20,444.0,14.876,3100,4,-4500
GMC,Canyon Mud Terrain Tires 4WD,2026,Standard Pickup Trucks 4WD,4-Wheel Drive,Regular,Automatic 8-spd,4.0,2.7,17,20,18,494.0,16.528,3400,3,-6000
Toyota,RAV4,2026,Small Sport Utility Vehicle 2WD,Front-Wheel Drive,Regular,Automatic (AV-S6),4.0,2.5,47,40,43,205.0,6.919,1450,7,3750
Audi,SQ5,2026,Small Sport Utility Vehicle 4WD,All-Wheel Drive,Premium,Automatic (AM-S7),6.0,3.0,21,28,23,382.0,12.935,3300,5,-5500
Audi,SQ5 Sportback,2026,Small Sport Utility Vehicle 4WD,All-Wheel Drive,Premium,Automatic (AM-S7),6.0,3.0,21,28,23,382.0,12.935,3300,5,-5500
Audi,Q5 TFSI quattro,2026,Small Sport Utility Vehicle 4WD,All-Wheel Drive,Premium,Automatic (AM-S7),4.0,2.0,21,29,24,368.0,12.396,3150,5,-4750
Audi,Q5 Sportback TFSI quattro,2026,Small Sport Utility Vehicle 4WD,All-Wheel Drive,Premium,Automatic (AM-S7),4.0,2.0,21,29,24,368.0,12.396,3150,5,-4750
Mazda,CX-5 4WD,2026,Small Sport Utility Vehicle 4WD,4-Wheel Drive,Regular,Automatic (S6),4.0,2.5,24,30,26,339.0,11.443,2350,5,-750
Aston Martin,Valhalla,2026,Two Seaters,All-Wheel Drive,Premium and Electricity,Automatic 8-spd,8.0,4.0,14,19,16,486.0,15.386,4750,3,-10750
Mitsubishi,Outlander PHEV,2026,Standard Sport Utility Vehicle 4WD,All-Wheel Drive,Regular Gas and Electricity,Automatic (A1),4.0,2.4,27,27,27,97.0,3.301,2300,9,4000
Toyota,Mirai,2026,Compact Cars,Rear-Wheel Drive,Hydrogen,Automatic (variable gear ratios),,,74,70,72,0.0,1.955,0,10,11000
Honda,CR-V e-FCEV,2026,Midsize Station Wagons,Front-Wheel Drive,Electricity and Hydrogen,Automatic (A1),,,36,43,39,0.0,7.628,0,10,11000
Porsche,911 GT3,2026,Two Seaters,Rear-Wheel Drive,Premium,Automatic (AM-S7),6.0,4.0,14,17,15,593.0,19.834,5050,2,-14250
Porsche,911 GT3,2026,Two Seaters,Rear-Wheel Drive,Premium,Manual 6-spd,6.0,4.0,13,18,15,594.0,19.834,5050,2,-14250
Porsche,911 GT3 Touring,2026,Two Seaters,Rear-Wheel Drive,Premium,Automatic (AM-S7),6.0,4.0,14,18,15,595.0,19.834,5050,2,-14250
Porsche,911 GT3 Touring,2026,Two Seaters,Rear-Wheel Drive,Premium,Manual 6-spd,6.0,4.0,13,18,15,594.0,19.834,5050,2,-14250
Aston Martin,DB12 S,2026,Minicompact Cars,Rear-Wheel Drive,Premium,Automatic 8-spd,8.0,4.0,14,21,17,522.0,17.501,4450,3,-11250
Lexus,ES 350h,2026,Midsize Cars,Front-Wheel Drive,Premium,Automatic (AV-S6),4.0,2.5,48,44,46,191.0,6.468,1650,7,2750
Lexus,ES 350h AWD,2026,Midsize Cars,All-Wheel Drive,Premium,Automatic (AV-S6),4.0,2.5,47,42,44,200.0,6.762,1750,7,2250
Ford,F150 Pickup 2WD HEV,2026,Standard Pickup Trucks 2WD,Rear-Wheel Drive,Regular,Automatic (S10),6.0,3.5,23,25,24,371.0,12.396,2550,5,-1750
Ram,1500 Warlock 4WD,2026,Standard Pickup Trucks 4WD,4-Wheel Drive,Regular,Automatic 8-spd,6.0,3.6,17,18,17,512.0,17.501,3600,3,-7000
